Title,Authors,Abstract,Published Year,Published Month,Journal,Volume,Issue,Pages,Accession Number,DOI,Ref,Covidence #,Study,Notes,Tags
"The Use of Automated Digital Data in Speech, Language, and Hearing Research: Confronting a New Ethical Landscape.","Elbaum, Batya; Perry, Lynn K.; Sarangoulis, Christina M.; Goodman, Kenneth W.; Messinger, Daniel S.; Cejas, Ivette","Purpose: The use of automated, digital data collection, such as daylong audio recordings of children's language environments, is yielding important insights for both researchers and practitioners in the field of communication disorders. However, ethical issues involved in the use of digital tools for research purposes have yet to be thoroughly explored. Method: In this commentary, we draw on our experience with automated data collection in inclusive auditory oral preschool classrooms, as well as interviews with parents, teachers, speech-language pathologists, researchers, and other community members, to identify key areas of ethical concern and draw out implications for future research. Conclusion: We discuss specific issues and recommendations related to three emerging areas of concern: data storage and data sharing, the return of results to research participants, and the communication of incidental findings.",2025,08//,"Journal of Speech, Language & Hearing Research",68,8,4087-4093,,10.1044/2025_JSLHR-24-00819,187402281,#1,Elbaum 2025,,
Comparing Different Measures of Bilingual Input Derived From Naturalistic Daylong Recordings.,"Ruan, Yufang; Orena, Adriel John; Polkaa, Linda","Purpose: Measuring language input, especially for infants growing up in bilingual environments, is challenging. Although the ways to measure input have expanded rapidly in recent years, there are many unresolved issues. In this study, we compared different measurement units and sampling methods used to estimate bilingual input in naturalistic daylong recordings. Method: We used the Language Environment Analysis system to obtain and process naturalistic daylong recordings from 21 French–English bilingual families with an infant at 10 and 18 months of age. We examined global and context-specific input estimates and their relation with infant vocal activeness (i.e., volubility) when input was indexed by different units (adult word counts, speech duration, 30-s segment counts) and using different sampling methods (every-other-segment, top-segment). Results: Input measures indexed by different units were strongly and positively correlated with each other and yielded similar results regarding their relation with infant volubility. As for sampling methods, sampling every other 30-s segment was representative of the entire corpus. However, sampling the top segments with the densest input was less representative and yielded different results regarding their relation with infant volubility. Conclusions: How well the input that a child receives throughout a day is portrayed by a selected sample and correlates with the child’s vocal activeness depends on the choice of input units and sampling methods. Different input units appear to generate consistent results, while caution should be taken when choosing sampling methods.",2023,05//,"Journal of Speech, Language & Hearing Research",66,,1618-1630,,10.1044/2023_JSLHR-22-00180,163674956,#2,Ruan 2023,,
The Predictability of Naturalistic Evaluation of All-Day Recordings for Speech and Language Development.,Seunghee Ha,"Objectives: The study aimed to investigate the predictive potential of language environment and vocal development status measures obtained through integrated analysis of Language ENvironment Analysis (LENA) recordings during the prelinguistic stage for subsequent speech and language development in Koreanacquiring children. Specifically, this study explored whether measures from both LENA-automated analysis and human coding at 6–8 months and 12–14 months of age predict vocabulary and phonological development at 18–20 months. Method: One-day home recordings from 20 children were collected using a LENA recorder at 6–8 months, 12–14 months, and 18–20 months. Both LENA automated measures and measures from human coding were obtained from recordings at 6–8 months and 12–14 months. The number of different words, consonant inventory, and utterance structure inventory were identified from recordings of 18–20 months. Correlation and multiple regression analyses were performed to investigate whether measures related to early language environment and child vocalization at 6–8 months and 12–14 months were predictive of vocabulary and phonological measures at 18–20 months. Results: The results showed that the two main LENA-automated measures, conversational turn count (CTC) and child vocalization count, were positively correlated with all vocabulary and phonological measures at 18–20 months. Multiple regression analysis revealed that CTC during the prelinguistic stages was the most significant predictor of a number of different words, consonant inventory, and utterance structure inventory at 18–20 months. Also, adult word count in LENA-automated measures, child-directed speech ratio, and canonical babbling ratio measured by human coding significantly predicted some vocabulary and phonological measures at 18–20 months. Conclusion: This study highlights the multifaceted nature of language acquisition and collectively emphasizes the value of considering both quantitative and qualitative aspects of language input to understand early language development in children.",2024,05//,"Journal of Speech, Language & Hearing Research",67,5,1370-1384,,10.1044/2024_JSLHR-23-00571,177092375,#3,SeungheeHa 2024,,
Validation of the Language ENvironment Analysis in Swedish Children.,"Nilsson, Sandra; Östlund, Elisabet; Thalén, Yvonne; Löfkvist, Ulrika","Purpose: The Language ENvironment Analysis (LENA) is a technological tool designed for comprehensive recordings and automated analysis of young children's daily language and auditory environments. LENA recordings play a crucial role in both clinical interventions and research, offering insights into the amount of spoken language children are exposed to in their homes, including adult word count (AWC) and child vocalization count (CVC). Although LENA was initially developed for American English, it has been validated in various other languages. This study aimed to evaluate the reliability of LENA in a Swedish context by comparing its automatic estimates with human transcriptions. Method: Thirty-six children aged 11-29 months participated in the validation study. A total of 540 min (9 hr) of recordings were transcribed by one experienced speech-language pathologist and two special educators. Interrater agreement over 150 min was notably higher for CVC (intraclass correlation coefficient [ICC] = .97, 95% confidence interval [CI] [.91, .99], r = .96, p < .001) compared to AWC, which yielded an ICC of .82 (95% CI [.15, .96], r = .80, p = .006). Results: Both estimated CVC and AWC (n = 36) were significantly correlated with human transcriptions (r = .79 and .82, respectively; p < .001). Conclusions: The findings align with prior validation studies, indicating that LENA is suitable for use in a Swedish context, particularly for families with children aged 11-29 months. Nonetheless, additional validation studies are necessary, particularly focusing on younger infants, to enhance our understanding of the tool's reliability in preverbal children and their caregivers.",2025,04//,"Journal of Speech, Language & Hearing Research",68,4,1902-1916,,10.1044/2024_JSLHR-24-00275,184380020,#4,Nilsson 2025,,
Time to Talk: Variability in Caregiver‐Child Verbal Engagement During Everyday Activities Sampled From Daylong Recordings.,"Bang, Janet Y.; Mora, Arlyn; Munévar, Mónica; Fernald, Anne; Marchman, Virginia A.","Children learn language through interactions with others. To document variation in how caregivers engage verbally with their 2‐year‐old children, we sampled six 10‐min segments of dense child‐directed speech from naturalistic daylong audio recordings in an economically‐ and linguistically‐diverse sample of English‐ (n = 45) and Spanish‐speaking (n = 45) families. Segments of child‐directed speech occurred during child‐centered (e.g., booksharing, play) and adult‐centered (e.g., cooking) activities, with substantial variation among families. During all activity types, child‐directed speech was associated with one or more linguistic or interactive features that have been shown to facilitate language development, such as lexical diversity, mean length of utterance (MLU), or responsiveness to children. Moderate to strong stability within families was found, suggesting that caregivers in some families engaged with children more than in others, regardless of the activities in which they participated. Patterns were generally similar across language groups. This study extends previous research by using naturalistic daylong recordings to explore how activity type and caregivers' individual tendencies relate to children's early language experiences.",2025,11//Nov/Dec2025,Infancy,30,6,16-Jan,,10.1111/infa.70051,190405591,#5,Bang 2025,,
The Stability and Validity of Automated Indices of Vocal Development in Infants With Autistic and Non-Autistic Siblings.,"Markfeld, Jennifer E.; Feldman, Jacob I.; Daly, Claire; Santapuram, Pooja; Bowman, Sarah M.; Dunham-Carr, Kacie; Suzman, Evan; Keçeli-Kaysılı, Bahar; Woynaroski, Tiffany G.","Purpose: This study evaluates the extent to which automated indices of vocal development are stable and valid for predicting language in infants at increased familial likelihood for autism and/or language impairment and relatively lower likelihood infants. Method: A group of infants with autistic siblings (Sibs-autism; 20 infants) and a comparison group of infants with non-autistic siblings (Sibs-NA; 20 infants) wore Language ENvironment Analysis (LENA) recording devices for 16 hr on 2 days within a 1-week period. Extant software was used to derive several putative indices of vocal development from these recordings. Stability of these variables was examined across and within groups. Expressive and receptive language aggregates were calculated for each participant. Multiple regression analyses were used to (a) evaluate zero-order correlations for variables derived from LENA recordings with concurrent and future language and (b) test whether those associations were moderated by group status. Results: Both stability and validity differed by variable and group status. All variables reached acceptable stability in the Sibs-autism group within two to three observations, whereas stability of most variables was attenuated in the Sibs-NA group. No variables were associated with concurrent language in the theoretically motivated direction across groups, but two variables were strongly associated with concurrent expressive language in only the Sibs-NA group. Additionally, two variables were associated with later expressive language, though these correlations were again stronger in the Sibs-NA versus Sibs-autism group. Conclusions: Although selected automated indices of vocal development were stable in Sibs-autism and/or valid for predicting expressive language within Sibs-NA, no scores showed strong, theoretically motivated associations with language within the Sibs-autism group. Automated indices of vocal development may, thus, have limited validity or clinical utility for predicting language development in infants at elevated familial likelihood for autism. Supplemental Material: https://doi.org/10.23641/asha.24415735",2023,12//,"Journal of Speech, Language & Hearing Research",66,12,4934-4948,,10.1044/2023_JSLHR-23-00069,174209928,#6,Markfeld 2023,,
Conversation Initiation in Families With a Toddler Who Is Deaf or Hard of Hearing.,"VanDam, Mark; Brock, Aleah S.; Bass-Ringdahl, Sandie M.; Thompson, Lauren; Wilson-Fowler, Elizabeth; Jenson, David; McCaslin, Caitlin; Johnson, Kristina T.; De Palma, Paul","Purpose: The purpose of this work is to describe the conversation initiation rates in families of toddlers who are deaf and hard of hearing (DHH) as compared to those with typical development. Method: Analysis of daylong acoustic recordings was used to describe the conversational dynamics in 78 families, comprising 51 families with a DHH toddler (23 boys, 28 girls) and 27 families with a typically developing (TD) toddler (16 boys, 11 girls). Number of conversational initiations was the primary variable of interest to describe conversational dynamics within families. Results: Results of this study suggest that toddlers’ conversation initiation rate does not differ by the sex or the hearing status of the child; however, mothers initiated conversations at a higher rate than fathers in both the DHH and TD groups. Conclusions: Exploring conversation initiation provides a window into the broader development of conversational dynamics that may influence the course of language development in children, especially those with or at risk for a communication disorder. Results indicate that there was no difference in conversation initiation rate between families with DHH toddlers and families of TD toddlers, suggesting that this aspect of conversational dynamics is not influenced by pediatric hearing loss.",2025,05//,American Journal of Speech-Language Pathology,34,3,1256-1268,,10.1044/2025_AJSLP-24-00254,184981772,#7,VanDam 2025,,
The Language Environment at Home of Children With (a Suspicion of) a Developmental Language Disorder and Relations With Standardized Language Measures.,"Blom, Elma; Fikkert, Paula; Scheper, Annette; van Witteloostuijn, Merel; van Alphen, Petra","Purpose: This study compares the home language environments of children with (a suspicion of) developmental language disorder (DLD) with that of children with typical development (TD). It does so by adopting new technology that automatically provides metrics about children's language environment (Language ENvironment Analysis [LENA]). In addition, relationships between LENA metrics and standardized language tests are explored in the DLD group. Method: Ninety-nine 2- to 4-year-old toddlers participated: 59 with (a suspicion of) DLD and 40 with TD. LENA metrics on adult word count, conversational turn count, and child vocalization count were obtained. For all children, data on parental education and multilingualism were available. In the DLD group, data were collected on receptive and expressive vocabulary and grammar, and on nonverbal intelligence, using standardized tests. Results: We found lower adult word count, conversational turn count, and child vocalization count in the DLD group, independent of multilingualism but not of parental education. In the DLD group, receptive vocabulary was related to conversational turn count and child vocalization count, but not to adult word count. Expressive vocabulary, receptive grammar, and expressive grammar were not related to LENA metrics. Conclusions: Toddlers with (a suspicion of) DLD vocalize less at home than children with TD. They also hear fewer adult words and experience fewer conversational turns. Children with DLD's language outcomes are to a limited extent related to language environment at home. Conversational turns and child vocalizations are in this respect more important than adult words, in line with findings for TD populations.",2023,08//,"Journal of Speech, Language & Hearing Research",66,8,2821-2830,,10.1044/2023_JSLHR-23-00066,169774236,#10,Blom 2023,,
Describing Vocalizations in Young Children: A Big Data Approach Through Citizen Science Annotation.,"Semenzin, Chiara; Hamrick, Lisa; Seidl, Amanda; Kelleher, Bridgette L.; Cristia, Alejandrina","Purpose: Recording young children's vocalizations through wearables is a promising method to assess language development. However, accurately and rapidly annotating these files remains challenging. Online crowdsourcing with the collaboration of citizen scientists could be a feasible solution. In this article, we assess the extent to which citizen scientists' annotations align with those gathered in the lab for recordings collected from young children. Method: Segments identified by Language ENvironment Analysis as produced by the key child were extracted from one daylong recording for each of 20 participants: 10 low-risk control children and 10 children diagnosed with Angelman syndrome, a neurogenetic syndrome characterized by severe language impairments. Speech samples were annotated by trained annotators in the laboratory as well as by citizen scientists on Zooniverse. All annotators assigned one of five labels to each sample: Canonical, Noncanonical, Crying, Laughing, and Junk. This allowed the derivation of two child-level vocalization metrics: the Linguistic Proportion and the Canonical Proportion. Results: At the segment level, Zooniverse classifications had moderate precision and recall. More importantly, the Linguistic Proportion and the Canonical Proportion derived from Zooniverse annotations were highly correlated with those derived from laboratory annotations. Conclusions: Annotations obtained through a citizen science platform can help us overcome challenges posed by the process of annotating daylong speech recordings. Particularly when used in composites or derived metrics, such annotations can be used to investigate early markers of language delays.",2021,07//,"Journal of Speech, Language & Hearing Research",64,7,2401-2416,,10.1044/2021_JSLHR-20-00661,151481504,#11,Semenzin 2021,,
"Babble Boot Camp for Infants With Down Syndrome: Piloting a Proactive, Caregiver-Led Intervention Designed to Boost Earliest Speech and Language Skills.","Peter, Beate; Finestack, Lizbeth; Loveall, Susan; Thompson, Lauren; Bruce, Laurel; Scherer, Nancy; Stoel-Gammon, Carol; Davis, Jennifer; Potter, Nancy; VanDam, Mark; Eng, Linda; Buckley, Sue","Purpose: Down syndrome (DS) is associated with lifelong difficulties with verbal communication, beginning in infancy when vocalizations are sparse and first words emerge late. Because DS is diagnosed at or even before birth, these difficulties can be anticipated, yet there have been limited developments of systematic, proactive interventions. The purpose of the pilot study described here was to investigate feasibility and potential benefits of such an intervention toward a fully powered clinical trial. Method: We piloted Babble Boot Camp (BBC), a proactive, parent-led speech and language intervention, with 10 children with DS ages 4–16 months. Each family participated in weekly sessions via telehealth for 10 months. A pediatric speech-language pathologist coached parents to implement daily routines and activities at home, designed to foster child target behaviors and skills (e.g., increased vocalization rates, babble complexity, word productions) toward building resilience against anticipated challenges. Parents provided daylong audio recordings and questionnaire data at regular intervals. Results: Parent participation and compliance metrics in the intervention were high. All rated the intervention as acceptable, convenient, and helpful, whereas three sets of parents found aspects of the data collection time consuming. Children’s linguistic environments resembled those of typical controls in terms of child utterance rates, adult word counts, and conversational turns. Babble complexity and receptive and expressive vocabularies increased over time. First words emerged earlier than expected. Conclusion: High feasibility metrics and suggestive benefits motivate a larger study to determine more specifically how the various BBC components can improve long-term outcomes for children with DS.",2025,05//,American Journal of Speech-Language Pathology,34,3,1041-1057,,10.1044/2024_AJSLP-24-00271,184981760,#14,Peter 2025,,
Efficient Estimation of Children's Language Exposure in Two Bilingual Communities.,"Cychosz, Margaret; Villanueva, Anele; Weisleder, Adriana","Purpose: The language that children hear early in life is associated with their speech-language outcomes. This line of research relies on naturalistic observations of children's language input, often captured with daylong audio recordings. However, the large quantity of data that daylong recordings generate requires novel analytical tools to feasibly parse thousands of hours of naturalistic speech. This study outlines a new approach to efficiently process and sample from daylong audio recordings made in two bilingual communities, Spanish--English in the United States and Quechua--Spanish in Bolivia, to derive estimates of children's language exposure. Method: We employed a general sampling with replacement technique to efficiently estimate two key elements of children's early language environments: (a) proportion of child-directed speech (CDS) and (b) dual language exposure. Proportions estimated from random sampling of 30-s segments were compared to those from annotations over the entire daylong recording (every other segment), as well as parental report of dual language exposure. Results: Results showed that approximately 49 min from each recording or just 7% of the overall recording was required to reach a stable proportion of CDS and bilingual exposure. In both speech communities, strong correlations were found between bilingual language estimates made using random sampling and all-day annotation techniques. A strong association was additionally found for CDS estimates in the United States, but this was weaker at the Bolivian site, where CDS was less frequent. Dual language estimates from the audio recordings did not correspond well to estimates derived from parental report collected months apart. Conclusions: Daylong recordings offer tremendous insight into children's daily language experiences, but they will not become widely used in developmental research until data processing and annotation time substantially decrease. We show that annotation based on random sampling is a promising approach to efficiently estimate ambient characteristics from daylong recordings that cannot currently be estimated via automated methods.",2021,10//,"Journal of Speech, Language & Hearing Research",64,10,3843-3866,,10.1044/2021_JSLHR-20-00755,152871080,#15,Cychosz 2021,,
Parental Language Input Predicts Neuroscillatory Patterns Associated with Language Development in Toddlers at Risk of Autism.,"Romeo, Rachel R.; Choi, Boin; Gabard-Durnam, Laurel J.; Wilkinson, Carol L.; Levin, April R.; Rowe, Meredith L.; Tager-Flusberg, Helen; Nelson III, Charles A.","In this study we investigated the impact of parental language input on language development and associated neuroscillatory patterns in toddlers at risk of Autism Spectrum Disorder (ASD). Forty-six mother-toddler dyads at either high (n = 22) or low (n = 24) familial risk of ASD completed a longitudinal, prospective study including free-play, resting electroencephalography, and standardized language assessments. Input quantity/quality at 18 months positively predicted expressive language at 24 months, and relationships were stronger for high-risk toddlers. Moderated mediations revealed that input-language relationships were explained by 24-month frontal and temporal gamma power (30–50 Hz) for high-risk toddlers who would later develop ASD. Results suggest that high-risk toddlers may be cognitively and neurally more sensitive to their language environments, which has implications for early intervention.",2022,06//,Journal of Autism & Developmental Disorders,52,6,2717-2731,,10.1007/s10803-021-05024-6,156930230,#17,Romeo 2022,,
The use of Language ENvironment Analysis in autism research: A systematic review.,"Putnam, Orla C; Markfeld, Jennifer E; Wright, Sarah Towner; Feldman, Jacob I; Goldblum, Jessica; Karpinsky, Maia; Neal, Amanda J; Swanson, Meghan R; Harrop, Clare","The Language ENvironment Analysis (LENA) system has been used increasingly in research to record and evaluate the everyday speech of autistic children and their families. However, it is unclear how researchers are using LENA and whether the system is well-suited for work with autistic individuals. The purpose of this systematic review is to summarize the use of LENA in autism research, to highlight the strengths and limitations of the system as identified by researchers, and to provide recommendations for future research and clinical use. Forty-two studies that used LENA with samples of autistic children were identified through a systematic database search. Researchers using LENA in autism did so across a variety of ages, settings, and analytical approaches. Most studies used LENA within recommended guidelines. The most common purpose of using LENA was for exploratory research. Noted strengths of the LENA system included ecological validity, cost-effectiveness, and timely clinical feedback. Limitations included lower rates of speaker identification compared to human coders and limited information regarding speech context and language development. This systematic review provides key insights into the methods surrounding LENA use in autism research and serves to inform researchers and clinicians on best practices for future use with this technology. In research, language ability has historically been measured using structured tasks in laboratory settings. In recent years, there has been a growing emphasis on the need to instead capture language ability in an individual's natural setting (i.e. through social interaction or in their home). Considering natural language may be particularly important for the autistic population, as an autistic child's language ability can be very different depending on the setting. One common tool for capturing natural language is the LENA recording system, which takes audio recordings over long periods of time and provides estimates of children's and caregivers' speech. The purpose of this systematic review is to summarize the use of LENA in autism research, to highlight the strengths and limitations of the system as identified by researchers, and to provide recommendations for future research and clinical use. We identified 42 autism studies that used LENA in a variety of ways and settings. Most studies used LENA within the guidelines put forth by its creators, and it was most commonly used to understand speech or speech development for autistic children. LENA is a useful tool for clinicians and caregivers to gain some insights into child speech, but those considering using it should be aware of concerns about its accuracy and limitations about the information it provides. In this review, we supplement the official LENA guidelines with specific suggestions for use with the autistic population.",2025,05//,Autism: The International Journal of Research & Practice,29,5,1095-1117,,10.1177/13623613241290072,184797740,#19,Putnam 2025,,
Opportunities to Respond During Dyadic Caregiver--Child and Naturalistic Family Interactions Among Children With Down Syndrome: A Preliminary Investigation.,"Elmquist, Marianne; Ford, Andrea L. B.; Lorang, Emily; Sterling, Audra","Purpose: Dyadic caregiver--child interactions are commonly used to examine children's language learning environments. However, children frequently interact with multiple caregivers and/or siblings if they come from homes with multiple caregivers and siblings. Thus, we examined if and how caregiver opportunities to respond (OTRs) varied when sampled across three interaction configurations. Method: Twelve children with Down syndrome (Mage = 40.82 months) and their biological parents participated in the current study. We collected separate mother--child and father--child dyadic interactions and one family choice interaction (i.e., both caregivers present and occasionally siblings) in families' homes. We analyzed if differences in the caregiver's OTR frequency and type--explicit and implicit--existed among dyadic and family choice configurations. Results: We found that, during family choice interactions, children were exposed to fewer OTRs when combining the total number of father and mother OTRs compared to dyadic caregiver--child interactions. This effect was large for explicit OTRs (mother-dyadic vs. combined family choice: g = -1.99, confidence interval [CI] [-3.00, -1.00]; father-dyadic vs. combined family choice: g = -0.84, CI [-1.84, -0.11]). For implicit OTRs, effects were small for mother-dyadic versus combined family choice (g = -0.34, CI [-1.17, 0.48]) and negligible when comparing father-dyadic with combined family choice (g = -0.08, CI [-0.90, 0.73]). Conclusion: Our preliminary findings highlight the need for a more nuanced understanding of children's language learning environments to better understand how caregivers support their children's language development.",2024,07//,American Journal of Speech-Language Pathology,33,4,2041-2050,,10.1044/2024_AJSLP-23-00179,178368920,#21,Elmquist 2024,,
Foundations of Vocal Category Development in Autistic Infants.,"Su, Pumpki Lei; Yoo, Hyunjoo; Ramsay, Gordon; Long, Helen L.; Bene, Edina R.; Klaiman, Cheryl; Pulver, Stormi L.; Richardson, Shana; Pileggi, Moira L.; Brane, Natalie; Oller, D. Kimbrough","The present study compared the infant's tendency in the first year of life to produce clusters of particular vocal types (squeals, vocants, and growls) in typically developing (TD) and autistic infants. Vocal clustering provides evidence of vocal category formation and may establish a foundation for speech development. Specifically, we compared the extent of vocal clustering across outcome groups and age groups. We also examined the associations between the extent of vocal clustering and later outcomes at 2 years within the autistic group. Randomly selected 5-min segments (27,153 5-min segments total) from 1293 all-day home recordings from 103 TD infants and 44 autistic infants across the first year were humancoded (about 9.75 h of data coded per infant on average) to derive vocal clustering patterns. Fisher's exact tests were used to compare the occurrence of squeals versus vocants, as well as growls versus vocants, across coded segments. Infants in both groups demonstrated clear clustering patterns of squeals and growls across all age groups. The extent of vocal clustering in the autistic group did not correlate significantly with later language, repetitive behavior, or autism severity outcomes. These findings highlight the robustness of the systematic production of vocal categories across the first year of life. The similarity of the clustering patterns in the TD and autistic groups suggests that vocal category formation through active infant vocal exploration is a robust feature of early speech development.",2025,03//,Journal of Autism & Developmental Disorders,55,3,862-872,,10.1007/s10803-024-06267-9,183072074,#22,Su 2025,,
Validation of the Language ENvironment Analysis (LENA) Automated Speech Processing Algorithm Labels for Adult and Child Segments in a Sample of Families From India.,,"Purpose: The Language ENvironment Analysis (LENA) technology uses automated speech processing (ASP) algorithms to estimate counts such as total adult words and child vocalizations, which helps understand children's early language environment. This ASP has been validated in North American English and other languages in predominantly monolingual contexts but not in a multilingual context like India. Thus, the current study aims to validate the classification accuracy of the LENA algorithm specifically focusing on speaker recognition of adult segments (AdS) and child segments (ChS) in a sample of bi/ multilingual families from India. Method: Thirty neurotypical children between 6 and 24 months (M = 12.89, SD = 4.95) were recruited. Participants were growing up in bi/multilingual environment hearing a combination of Kannada, Tamil, Malayalam, Telugu, Hindi, and/or English. Daylong audio recordings were collected using LENA and processed using the ASP to automatically detect segments across speaker categories. Two human annotators manually annotated -900 min (37,431 segments across speaker categories). Performance accuracy (recall and precision) was calculated for AdS and ChS. Results: The recall and precision for AdS were 0.62 (95% confidence interval [CI] [0.61, 0.63]) and 0.83 (95% CI [0.8, 0.83]), respectively. This indicated that 62% of the segments identified as AdS by the human annotator were also identified as AdS by the LENA ASP algorithm and 83% of the segments labeled by the LENA ASP as AdS were also labeled by the human annotator as AdS. Similarly, the recall and precision for ChS were 0.65 (95% CI [0.64, 0.66]) and 0.55 (95% CI [0.54, 0.56]), respectively. Conclusions: This study documents the performance of the ASP in correctly classifying speakers as adult or child in a sample of families from India, indicating recall and precision that is relatively low. This study lays the groundwork for future investigations aiming to refine the algorithm models, potentially facilitating more accurate performance in bi/multilingual societies like India.",2025,01//,"Journal of Speech, Language & Hearing Research",68,1,40-53,,10.1044/2024_JSLHR-24-00099,182006548,#23,,,
Preliminary Data: Powered Mobility Intervention With Language Monitoring for Children With Cerebral Palsy.,"Nesbitt, Claire Cramer; Pace, Amy; Feldner, Heather A.","Purpose: Adapted ride-on cars offer an affordable mobility intervention that provides broader access to a child's environment. Such newfound independence is a unique opportunity to examine changes in environmental language and communicative participation as children acquire mobility. New technologies such as the Language Environmental Analysis (LENA) system hold promise for evaluating naturalistic language interactions but have not yet been applied to children with cerebral palsy with physical and/or communication impairments. This study sought to use LENA with a sample of children with cerebral palsy to determine the feasibility of monitoring environmental language patterns during longitudinal mobility intervention. Method: LENA's adult word counts, conversational turns, and child vocalizations were compared across three time points for participants aged 16-49 months with a range of communication skills (indexed by Communication Function Classification System Levels I-IV). Results: Feasibility was established with acceptable criterion validity during active drive time. Results had large effect sizes, likely diluted by sample size and heterogeneity. Conclusions: Limitations include small sample size, nonprescriptive use of powered mobility devices, and lack of control group. Future studies should incorporate these features to more closely examine communication patterns.",2023,10//,Perspectives of the ASHA Special Interest Groups,8,5,825-833,,10.1044/2023_PERSP-23-00017,172961330,#24,Nesbitt 2023,,
Constraints to Child Language Development in Peri-Urban and Rural Areas: A Mixed-Methods Analysis From Southwestern China.,"Xinwu Zhang; Xiyuan Jia; Zhaofeng Pang; Jingruo Guo; Tianli Feng; Rule, Andrew; Rozelle, Scott; Yue Ma","Purpose: This mixed-methods study examined how differences in parental time, knowledge, and economic constraints, as well as community socioeconomic contexts, may contribute to differences in home language environment and child language ability outcomes between peri-urban and rural households in China. Method: We conducted an explanatory sequential mixed-methods analysis using data from 158 children aged 18-24 months among peri-urban and rural households with low socioeconomic status (SES) in southwestern China. Audio recordings were collected from each household and analyzed using the Language ENvironment Analysis system. The Mandarin version of the MacArthur-Bates Communicative Development Inventories was administered to each child's primary caregiver. We also conducted qualitative interviews with primary caregivers in 31 periurban and 32 rural households. Interviews were recorded, transcribed, and coded. Results: The quantitative results reveal that children in peri-urban households heard less adult speech and had lower language ability than children in rural households. Directed content analysis of interviews found that peri-urban caregivers faced more severe time constraints and less favorable community socioeconomic contexts than rural primary caregivers. Taken together, these findings suggest that differences in time constraints and community socioeconomic contexts between the two populations are the most likely factors contributing to the inferior language environment and language ability among children in peri-urban households. Conclusion: The mixed-methods study indicated that parental time constraints and community socioeconomic contexts should be considered alongside SES for a comprehensive understanding of factors influencing parental investment in the home language environment in China.",2025,01//,"Language, Speech & Hearing Services in Schools",56,1,58-82,,10.1044/2024_LSHSS-24-00005,182175756,#27,XinwuZhang 2025,,
Reliability of the Language Environment Analysis Recording System in Analyzing French-English Bilingual Speech.,"Orena, Adriel John; Byers-Heinlein, Krista; Polka, Linda","Purpose: This study examined the utility of the Language ENvironment Analysis (LENA) recording system for investigating the language input to bilingual infants. Method: Twenty-one French-English bilingual families with a 10-month-old infant participated in this study. Using the LENA recording system, each family contributed 3 full days of recordings within a 1-month period. A portion of these recordings (945 minutes) were manually transcribed, and the word counts from these transcriptions were compared against the LENA-generated adult word counts. Results: Data analyses reveal that the LENA algorithms were reliable in counting words in both Canadian English and Canadian French, even when both languages are present in the same recording. While the LENA system tended to underestimate the amount of speech in the recordings, there was a strong correlation between the LENA-generated and human-transcribed adult word counts for each language. Importantly, this relationship holds when accounting for different-gendered and differentaccented speech. Conclusions: The LENA recording system is a reliable tool for estimating word counts, even for bilingual input. Special considerations and limitations for using the LENA recording system in a bilingual population are discussed. These results open up possibilities for investigating caregiver talk to bilingual infants in more detail.",2019,07//,"Journal of Speech, Language & Hearing Research",62,7,2491-2500,,10.1044/2019_JSLHR-L-18-0342,137617113,#28,Orena 2019,,
The Linguistic Input of Fathers of Children Who Are Deaf or Hard of Hearing.,"Brock, Aleah S.; Hampton, Claire E.","Purpose: This study presents an exploration of facilitative language techniques (FLTs) used by fathers of children who are deaf or hard of hearing (DHH) in the natural environment. Method: This investigation utilized the Language ENvironment Analysis (LENA) to collect full-day audio samples from three families with children who were DHH and between 22 and 27 months of age. A total of 6 hr of audio recordings per participant was manually coded for the presence of 10 FLTs used by fathers in the natural environment. These data were compared with FLT use by mothers from the same samples. Results: Fathers of children who are DHH used fewer overall FLTs, fewer responsive FLTs, and more directives compared with mothers. Conclusions: Results of this analysis indicate that fathers provide less linguistic input to their children who are DHH in the natural environment. Furthermore, their input tends to be directive in nature rather than responsive to the child. Implications for clinical practice are discussed. Supplemental Material: https://doi.org/10.23641/asha.23511948",2023,08//,Perspectives of the ASHA Special Interest Groups,8,4,683-692,,10.1044/2023_PERSP-23-00002,169983820,#31,Brock 2023,,
The Home Language Environment Predicts Individual Differences in Language Comprehension at 9 Months of Age.,"Homer, Jayde; Thompson, Abbie; Lany, Jill","By 18–24 months of age, infants whose caregivers talk to them more tend to recognize and comprehend common words relatively quickly and accurately. In turn, real-time language comprehension skill at this age is linked to language development later in childhood. Critically, infants begin to comprehend common words as early as 6–9 months of age, but it is unclear whether the origins of lexical comprehension skill are likewise influenced by hearing child-directed speech. Instead, ambient speech, including caregiver speech that is overheard by infants rather than directed to them, may play strong supportive role in very early language development. Thus, we tested how aspects of the home language environment (HLE) are related to performance on a lexical recognition task in 9-month-old American-English learning infants (N = 38). In our sample, 94.9% of infant participants were Caucasian, 8% Hispanic, 7.7% American Indian/Alaskan Native, and 5.1% Black. Families used the Language Environment Analysis (LENA) system to make audio recordings of the HLE across 2 days. We used LENA-generated measures, as well as measures of child-directed and overheard speech calculated from 2 hr of transcribed recordings, to determine which aspects of the HLE are related to lexical recognition. We found that LENA measures of the total amount of speech infants heard, and of their participation in conversational exchanges, predicted lexical recognition. However, hand-transcribed measures of child-directed speech were not related to lexical recognition. These results suggest that adult speech and speech heard within vocal interactions are important to early-emerging language comprehension abilities. Public Significance Statement: In line with evidence that hearing a lot of language, especially within interactions, supports real-time language comprehension skills in toddlers and children, this study suggests that these effects take hold before infants' first birthdays. Thus, talking to (and with) infants supports language development well before they themselves are talking. Furthermore, measures of real-time language processing may contribute to identification of infants with elevated likelihood of developing language-learning difficulties.",2025,10//,Developmental Psychology,61,10,1888-1903,,10.1037/dev0001943,188276466,#32,Homer 2025,,
Vocal and early speech development in Korean-acquiring children with hearing loss and typical hearing.,"Lee, Mina; Ha, Seunghee","This study investigated the vocal and early speech development of Korean-acquiring children with hearing loss (HL) who underwent early auditory amplification compared to their typical hearing (TH) counterparts. The research focused on phonological characteristics of child vocalisation based on samples collected from naturalistic home environments. One-day home recordings using a Language ENvironment Analysis (LENA) recorder were obtained from 6 children with HL and 12 children with TH who ranged from 17 to 23 months of age in Korean monolingual environments. Child volubility, canonical babbling ratio (CBR), consonant distributions, and utterance structures of vocalisations were evaluated through qualitative and quantitative analyses of vocalisation samples collected from LENA recordings. The findings revealed that children with HL displayed comparable vocalisation levels to children with TH, with no significant differences in volubility and CBR. In consonant and utterance shape inventories, noticeable quantitative and qualitative differences were observed between children with HL and those with TH. The study also suggested both universal and language-specific production patterns, revealing the early effects of ambient language on consonant distributions and utterance structures within their vocalisation repertoire. This study emphasised the role of auditory input and the importance of early auditory amplification to support speech development in children with HL.",2025,09//,Clinical Linguistics & Phonetics,39,9,886-905,,10.1080/02699206.2024.2380442,187564046,#33,Lee 2025,,
The Distributed L1 and L2 Language-Learning Environments of Dual Language Learners Across Home and School Settings.,"Pui Fong Kan; Miller, Annaliese; Cheung, Shirley; Brickman, Angela","Purpose: This study explored the language-learning environments of typically developing dual language learners (DLLs) who learned Cantonese (first language [L1]) at home and English (second language [L2]) in preschool settings through direct and indirect measures. Method: Nine typically developing Cantonese-English DLLs participated in this study. Participants' daylong activities were audio-recorded using the digital language processor of the Language ENvironment Analysis system. A manual coding scheme was developed to examine the audio recordings with the focus of the amount of L1 and L2 used by participants, adults, and their peers across home and school settings. In addition, participants' language use was indirectly examined using parent questionnaires, teacher reports, and classroom observations. Results: The results of the audio recordings showed that Cantonese was the primary language used at home, and both Cantonese and English were used in school settings, consistent with the parent and teacher reports. Correlation analyses revealed that the amount of L1 used by the participants was associated with the L1 used by their peers: and the amount of L2 used by participants was positively related to the L2 used by adults at home. Conclusions: The findings illustrate how parent/teacher reports and daylong audio recordings could complement each other in the investigation of DLLs' language-learning environments.",2020,10//,"Language, Speech & Hearing Services in Schools",51,4,1007-1023,,10.1044/2020_LSHSS-19-00112,146234833,#34,PuiFongKan 2020,,
Teaching Caregivers to Implement the Caregivers Optimizing Achievement of Children With Hearing Loss (COACH) Intervention.,"Ambrose, Sophie E.; Appenzeller, Margo; Kaiser, Ann P.","Purpose: This study examined the effectiveness of Caregivers Optimizing Achievement of Children With Hearing Loss (COACH), an intervention in which parents were taught naturalistic interaction strategies that addressed the unique linguistic input needs of their young children with hearing loss. Method: A single-subject multiple-baseline across-behaviors design was used with four caregiver–child dyads to determine the effects of COACH training on caregivers’ use of the COACH language facilitation strategies and on their children’s language abilities. Results: A functional relation was demonstrated between teaching of strategies and caregivers’ use of the strategies across three dyads with slower, consistent changes observed in a fourth dyad. Improvements in children’s use of targetlevel language were observed for children in three dyads. Conclusions: Caregivers were able to implement COACH language facilitation strategies, although the pace of caregivers’ learning differed across dyads. Caregivers reported high satisfaction with participating in the intervention. Future research using a randomized design and a longer intervention condition is needed for a more complete assessment of the effects of the intervention on children’s language abilities.",2023,05//,American Journal of Speech-Language Pathology,32,3,1131-1153,,10.1044/2022_AJSLP-22-00223,163618348,#35,Ambrose 2023,,
Evaluating the Language ENvironment Analysis System for Korean.,"McDonald, Margarethe; Taeahn Kwon; Hyunji Kim; Youngki Lee; Eon-Suk Ko","Purpose: The algorithm of the Language ENvironment Analysis (LENA) system for calculating language environment measures was trained on American English; thus, its validity with other languages cannot be assumed. This article evaluates the accuracy of the LENA system applied to Korean. Method: We sampled sixty 5-min recording clips involving 38 key children aged 7–18 months from a larger data set. We establish the identification error rate, precision, and recall of LENA classification compared to human coders. We then examine the correlation between standard LENA measures of adult word count, child vocalization count, and conversational turn count and human counts of the same measures. Results: Our identification error rate (64% or 67%), including false alarm, confusion, and misses, was similar to the rate found in Cristia, Lavechin, et al. (2020). The correlation between LENA and human counts for adult word count (r = .78 or .79) was similar to that found in the other studies, but the same measure for child vocalization count (r = .34–.47) was lower than the value in Cristia, Lavechin, et al., though it fell within ranges found in other non-European languages. The correlation between LENA and human conversational turn count was not high (r = .36–.47), similar to the findings in other studies. Conclusions: LENA technology is similarly reliable for Korean language environments as it is for other non-English language environments. Factors affecting the accuracy of diarization include speakers’ pitch, duration of utterances, age, and the presence of noise and electronic sounds.",2021,03//,"Journal of Speech, Language & Hearing Research",64,3,792-808,,10.1044/2020_JSLHR-20-00489,149385153,#36,McDonald 2021,,
Using the Language ENvironment Analysis (LENA) System to Investigate Cultural Differences in Conversational Turn Count.,"Ganek, Hillary; Smyth, Ron; Nixon, Stephanie; Eriks-Brophy, Alice","Purpose: This study investigates how the variables of culture and hearing status might influence the amount of parent-child talk families engage in throughout an average day. Method: Seventeen Vietnamese and 8 Canadian families of children with hearing loss and 17 Vietnamese and 13 Canadian families with typically hearing children between the ages of 18 and 48 months old participated in this cross-comparison design study. Each child wore a Language ENvironment Analysis system digital language processor for 3 days. An automated vocal analysis then calculated an average conversational turn count (CTC) for each participant as the variable of investigation. The CTCs for the 4 groups were compared using a Kruskal-Wallis test and a set of planned pairwise comparisons. Results: The Canadian families participated in significantly more conversational turns than the Vietnamese families. No significant difference was found between the Vietnamese or the Canadian cohorts as a function of hearing status. Conclusions: Culture, but not hearing status, influences CTCs as derived by the Language ENvironment Analysis system. Clinicians should consider how cultural communication practices might influence their suggestions for language stimulation.",2018,09//,"Journal of Speech, Language & Hearing Research",61,9,2246-2258,,10.1044/2018_JSLHR-L-17-0370,131889488,#38,Ganek 2018,,
A Probe Study on Vocal Development in Two Infants at Risk for Cerebral Palsy.,"Long, Helen L.; Eichorn, Naomi; Oller, D. Kimbrough","The present work examined canonical babbling ratios longitudinally as a measure of onset and consolidation of canonical babbling in two infants at risk of cerebral palsy (CP) between 5 and 16 months. Ten typically developing infants were included for comparison at 6, 9, 12, and 16–19 months. Canonical babbling ratios (CBRs) were calculated from 5-min segments, and follow-up diagnostic outcomes were collected between 24 and 33 months. The two infants at risk demonstrated low CBR growth trajectories compared to the typical infant group, and slightly different patterns of consolidation. The two infants at risk were later diagnosed with different levels of CP and speech impairment severity. All infants demonstrated greater variability than expected. Studying canonical babbling and other prelinguistic milestones in this population may inform our perspective of the involvement of the motor system in the vocal domain. Additional implications on the analysis of canonical babbling using all-day home recordings are discussed.",2023,01//,Developmental Neurorehabilitation,26,1,44-51,,10.1080/17518423.2022.2143923,161178531,#39,Long 2023,,
Mapping the Early Language Environment Using All-Day Recordings and Automated Analysis.,"Gilkerson, Jill; Richards, Jeffrey A.; Warren, Steven F.; Montgomery, Judith K.; Greenwood, Charles R.; Oller, D. Kimbrough; Hansen, John H. L.; Paul, Terrance D.","Purpose: This research provided a first-generation standardization of automated language environment estimates, validated these estimates against standard language assessments, and extended on previous research reporting language behavior differences across socioeconomic groups. Method: Typically developing children between 2 to 48 months of age completed monthly, daylong recordings in their natural language environments over a span of approximately 6–38 months. The resulting data set contained 3,213 12-hr recordings automatically analyzed by using the Language Environment Analysis (LENA) System to generate estimates of (a) the number of adult words in the child’s environment, (b) the amount of caregiver–child interaction, and (c) the frequency of child vocal output. Results: Child vocalization frequency and turn-taking increased with age, whereas adult word counts were age independent after early infancy. Child vocalization and conversational turn estimates predicted 7%– 16% of the variance observed in child language assessment scores. Lower socioeconomic status (SES) children produced fewer vocalizations, engaged in fewer adult–child interactions, and were exposed to fewer daily adult words compared with their higher socioeconomic status peers, but within-group variability was high. Conclusions: The results offer new insight into the landscape of the early language environment, with clinical implications for identification of children at-risk for impoverished language environments.",2017,05//,American Journal of Speech-Language Pathology,26,2,248-265,,10.1044/2016_AJSLP-15-0169,123145322,#42,Gilkerson 2017,,
The dynamics of initiation in caregiver–child conversational interactions.,,"We investigated the dynamics of communicative initiation in infant−caregiver interactions across ages and language abilities. Analyses of 228 Language ENvironment Analysis (LENA) recordings from 141 Korean adult−child dyads (60 girls; aged 7−30 months) replicated the initiator effect reported in North American populations. This effect, demonstrated by longer utterances, more frequent speech, and shorter response times in self-initiated interactions for both children and adults, suggests potential cross-cultural consistency in this conversational dynamic and remained consistent across ages in most conversational measures. A focused analysis of 13–14 month-olds (N = 40) and their K-CDI scores revealed that the initiator effect in segment duration and number persisted across most vocabulary percentiles. Additionally, nuanced findings indicated that caregivers increased their input frequency and adjusted segment duration in adult-initiated conversations in tandem with children's higher receptive abilities. The robustness of the initiator role across cultures, ages, and vocabulary abilities points to a fundamental aspect of human communication. 초록: 본 연구는 양육자-영유아 상호작용에서 의사소통 개시(communicative initiation)의 역동성이 연령과 언어 능력에 따라 어떻게 나타나는지 탐구했다. 한국인 양육자-유아 141쌍(60명의 여아; 7-30개월)의 228개 LENA (Language ENvironment Analysis) 녹음을 분석한 결과 북미 인구에서 보고된 개시자 효과 (initiator effect)가 재현되었다. 즉 아동과 양육자 모두 자신이 개시한 상호작용에서 더 길고 빈번하게 발화하고, 응답 시간은 더 짧은 것으로 나타났다. 이는 대화의 역동성이 문화적 경계를 넘어 일관성을 가질 가능성을 시사하며, 이 효과는 대부분의 대화 측정 변수에서 연령에 상관없이 일관되게 유지되었다. 13-14개월 유아(N = 40)와 그들의 K-CDI (Korean Communicative Development Inventory) 점수를 중심으로 한 추가 분석에서는 대부분의 어휘 백분위에서 발화 (segment) 지속 시간과 수에 대한 개시자 효과가 지속되었다. 또한 양육자가 아동의 수용 능력이 향상됨에 따라 성인 주도 대화에서 더 빈번히 발화하고 발화 지속 시간을 조정함을 발견했다. 문화, 연령, 어휘 능력을 초월하여 관찰되는 개시자 역할의 견고함은 이 효과가 인간 의사소통의 본질적 측면일 가능성을 시사한다.",2025,07//,Journal of Child Language,52,4,22-Jan,,10.1017/S030500092400062X,186603973,#43,,,
How Chatty Are Daddies? An Exploratory Study of Infants' Language Environments.,"Tachikawa Shapiro, Naomi; Hippe, Daniel S.; Ramírez, Naja Ferjan","Purpose: Fathers play a critical but underresearched role in their children's cognitive and linguistic development. Focusing on two-parent families with a mother and a father, the present longitudinal study explores the amount of paternal input infants hear during the first 2 years of life, how this input changes over time, and how it relates to child volubility. We devote special attention to parentese, a near-universal style of infant-directed speech, distinguished by its higher pitch, slower tempo, and exaggerated intonation. Method: We examined the daylong recordings of the same 23 infants at ages 6, 10, 14, 18, and 24 months, given English-speaking families. The infants were recorded in the presence of their parents (mother--father dyads), who were predominantly White and ranged from mid to high socioeconomic status (SES). We analyzed the effects of parent gender and child age on adult word counts and parentese, as well as the effects of maternal and paternal word counts and parentese on child vocalizations. Results: On average, the infants were exposed to 46.8% fewer words and 51.9% less parentese from fathers than from mothers, even though paternal parentese grew at a 2.8-times faster rate as the infants aged. An asymmetry emerged where maternal word counts and paternal parentese predicted child vocalizations, but paternal word counts and maternal parentese did not. Conclusions: While infants may hear less input from their fathers than their mothers in predominantly White, mid-tohigh SES, English-speaking households, paternal parentese still plays a unique role in their linguistic development. Future research on sources of variability in child language outcomes should thus control for parental differences since parents' language can differ substantially and differentially predict child language.",2021,08//,"Journal of Speech, Language & Hearing Research",64,8,3242-3252,,10.1044/2021_JSLHR-20-00727,151839283,#45,TachikawaShapiro 2021,,
Language environment and early language production in Slovenian infants: An exploratory study using daylong recordings.,"Ferjan Ramírez, Naja; Marjanovič Umek, Ljubica; Fekonja, Urška","Daylong recordings provide an ecologically valid option for analyzing language input, and have become a central method for studying child language development. However, the vast majority of this work has been conducted in North America. We harnessed a unique collection of daylong recordings from Slovenian infants (age: 16–30 months, N = 40, 18 girls), and focus our attention on manually annotated measures of parentese (infant‐directed speech with a higher pitch, slower tempo, and exaggerated intonation), conversational turns, infant words, and word combinations. Measures from daylong recordings showed large variation, but were comparable to previous studies with North American samples. Infants heard almost twice as much speech and parentese from mothers compared to fathers, but there were no differences in language input to boys and girls. Positive associations were found between the social‐interactional features of language input (parentese, turn‐taking) and infants' concurrent language production. Measures of child speech from daylong recordings were positively correlated with measures obtained through the Slovenian MacArthur‐Bates Communicative Development Inventory. These results support the notion that the social‐interactional features of parental language input are the foundation of infants' language skills, even in an environment where infants spend much of their waking hours in childcare settings, as they do in Slovenia.",2024,10//,Infancy,29,5,811-837,,10.1111/infa.12615,179110063,#46,FerjanRamírez 2024,,
Accuracy of the Language Environment Analysis System Segmentation and Metrics: A Systematic Review.,"Cristia, Alejandrina; Bulgarelli, Federica; Bergelson, Elika","Purpose: The Language Environment Analysis (LENA) system provides automated measures facilitating clinical and nonclinical research and interventions on language development, but there are only a few, scattered independent reports of these measures’ validity. The objectives of the current systematic review were to (a) discover studies comparing LENA output with manual annotation, namely, accuracy of talker labels, as well as involving adult word counts (AWCs), conversational turn counts (CTCs), and child vocalization counts (CVCs); (b) describe them qualitatively; (c) quantitatively integrate them to assess central tendencies; and (d) quantitatively integrate them to assess potential moderators. Method: Searches on Google Scholar, PubMed, Scopus, and PsycInfo were combined with expert knowledge, and interarticle citations resulting in 238 records screened and 73 records whose full text was inspected. To be included, studies must target children under the age of 18 years and report on accuracy of LENA labels (e.g., precision and/or recall) and/or AWC, CTC, or CVC (correlations and/or error metrics). Results: A total of 33 studies, in 28 articles, were discovered. A qualitative review revealed most validation studies had not been peer reviewed as such and failed to report key methodology and results. Quantitative integration of the results was possible for a broad definition of recall and precision (M = 59% and 68%, respectively; N = 12–13), for AWC (mean r = .79, N = 13), CVC (mean r = .77, N = 5), and CTC (mean r = .36, N = 6). Publication bias and moderators could not be assessed meta-analytically. Conclusion: Further research and improved reporting are needed in studies evaluating LENA segmentation and quantification accuracy, with work investigating CTC being particularly urgent.",2020,04//,"Journal of Speech, Language & Hearing Research",63,4,1093-1105,,10.1044/2020_JSLHR-19-00017,142935589,#48,Cristia 2020,,
What automated vocal analysis reveals about the vocal production and language learning environment of young children with autism.,Warren SF; Gilkerson J; Richards JA; Oller DK; Xu D; Yapanel U; Gray S,"The study compared the vocal production and language learning environments of 26 young children with autism spectrum disorder (ASD) to 78 typically developing children using measures derived from automated vocal analysis. A digital language processor and audio-processing algorithms measured the amount of adult words to children and the amount of vocalizations they produced during 12-h recording periods in their natural environments. The results indicated significant differences between typically developing children and children with ASD in the characteristics of conversations, the number of conversational turns, and in child vocalizations that correlated with parent measures of various child characteristics. Automated measurement of the language learning environment of young children with ASD reveals important differences from the environments experienced by typically developing children.",2010,05//,Journal of Autism & Developmental Disorders,40,5,555-569,,10.1007/s10803-009-0902-5,105184423,#49,Warren 2010,,
Bilingual Language Input to Infants in Bolivia and the United States.,"Cychosz, Margaret; Villanueva, Anele; Weisleder, Adriana","Characterizing dual language input in children's environments is critical to understand how early language experiences influence bilingual language development. However, little is known about how dual language exposure is distributed across factors known to influence the kinds of input children receive. This study examined how infants' exposure to each of their languages is distributed across different speakers (adults vs. other children) and speech registers (child‐ versus adult‐directed speech). We examined daylong audio recordings of infants' language environments in two bilingual communities: an indigenous Quechua‐ and Spanish‐speaking community in Bolivia (n = 10, age = 5.7–23.4 months, five females, five males) and an immigrant Spanish‐ and English‐speaking community in the United States (n = 10, age = 6.4–12.6, four females, six males). Infants in both communities were more likely to hear the societal language from older children than from adult caregivers. Infants were also more likely to hear the societal language in child‐directed speech, and more of the minoritized language in adult‐directed speech, by a factor of more than 4 to 1. These findings shed light on how bilingual infants' language exposure is distributed across social contexts, which may have implications for bilingual language development and maintenance, as distinct social contexts afford different opportunities for engagement and interaction over the course of learning two languages in infancy.",2025,03//Mar/Apr2025,Infancy,30,2,20-Jan,,10.1111/infa.70009,184680305,#51,Cychosz 2025,,
Toward Preventing Speech and Language Disorders of Known Genetic Origin: First Post-Intervention Results of Babble Boot Camp in Children With Classic Galactosemia.,"Peter, Beate; Davis, Jennifer; Cotter, Sarah; Belter, Alicia; Williams, Emma; Stumpf, Melissa; Bruce, Laurel; Eng, Linda; Yookyung Kim; Finestack, Lizbeth; Stoel-Gammon, Carol; Williams, Delaney; Scherer, Nancy; VanDam, Mark; Potter, Nancy","Purpose: Babble Boot Camp (BBC) is a package of proactive activities and routines designed to prevent speech and language disorders in infants at predictable risk. It is implemented via parent training and currently undergoing clinical trial in children with a newborn diagnosis of classic galactosemia (CG), a metabolic disease with high risk of speech and language disorders. The purpose of this study is to provide updates to a previous pilot study and to present the first set of post-intervention results. Method: The intervention and data collection occurred during child ages < 6–24 months, with follow-up assessments of speech and language at ages 2.5 and 3.5 years. Treatment targets included earliest vocalization rates, babble complexity, speech production accuracy, and vocabulary and syntactic growth. The oldest 15 children with CG (including three untreated controls) completed the first set of follow-up assessments. Aggregate data up to 10 months were available for 17 treated children with CG, six untreated children with CG, and six typical controls. Results: At ages 7–9 months, babbling complexity, as measured with mean babbling level, was higher in the treated children with CG than in the untreated children with CG and the typical controls. Prior to 24 months of age, the treated children with CG had greater expressive but not receptive vocabulary sizes than an untreated control. Follow-up testing showed typical language scores for all 12 treated children with CG and typical articulation scores for 11 of these, whereas one of three untreated children with CG had low articulation and expressive language scores. Conclusions: The BBC appears to be a viable intervention to support the speech and expressive language development of children with GC. Future studies will evaluate the relative contributions of the earliest and later BBC components to outcomes.",2021,11//,American Journal of Speech-Language Pathology,30,,2616-2634,,10.1044/2021_AJSLP-21-00098,153444221,#52,Peter 2021,,
Perceptions and Lived Experiences of Arab American Parent Participants in LENA Start: Lessons for Parent Education Programs in Minoritized Communities.,"Khamis, Reem; Khoshman, Afaf Al; Salam, Iman; Priefer, Ryan; Hasan, Sabah","Purpose: This article investigates caregivers’ perceived experience as part of the first implementation of LENA Start for Arab American families in New York City, with particular attention to the children’s bilingual status as heritage speakers raised in marginalized communities within the United States. Method: A qualitative analysis of a semistructured focus group interview conducted with five Arab American mothers who participated in the program was conducted to explore parents’ perception and experience of the program using Glaserian grounded theory analysis. Results: Parents reported more talking and reading with their children after participation, but the recorded data showed the changes were not significant. Parents reported that they benefited from the program by gaining a sense of belonging and embracing bilingualism while facing systemic barriers to passing on their heritage language. Parents as a group displayed a range of feelings including fear, trust, appreciation, motivation, and internalized supremacy of Western practices. They also engaged in a range of actions and commitments (i.e., self-reflection, self-growth, and progress) in association with the program. The components reported to be most critical were outside of the scope of the manualized program, such as service delivery in Arabic, a trusting and mutually respectful relationship, and attentiveness to sociopolitical and cultural factors. Conclusion: The findings highlight the need for a holistic analysis of parent educational programs in marginalized communities to include qualitative methods that engage with the social, political, and cultural realities of families.",2023,05//,American Journal of Speech-Language Pathology,32,3,999-1015,,10.1044/2023_AJSLP-22-00112,163618340,#53,Khamis 2023,,
Associations Between Caregiver Stress and Language Outcomes in Infants With Autistic and Non-Autistic Siblings: An Exploratory Study.,"Markfeld, Jennifer E.; Feldman, Jacob I.; Bordman, Samantha L.; Daly, Claire; Santapuram, Pooja; Humphreys, Kathryn L.; Keçeli-Kaysılı, Bahar; Woynaroski, Tiffany G.","Purpose: Caregivers of autistic children present with high stress levels, which have been associated with poorer child outcomes in several domains, including language development. However, prior to this study, it was unknown whether elevated caregiver stress was associated with language development in infant siblings of autistic children (Sibs-autism), who are at increased likelihood of receiving a future diagnosis of autism and/or language impairment compared to infant siblings of non-autistic children. This study explored the degree to which, as well as the mechanisms by which, caregiver stress was linked with later language outcomes of Sibs-autism and infant siblings of non-autistic children (Sibs-NA). Method: Participants were 50 infants (28 Sibs-autism; 22 Sibs-NA) aged 12– 18 months at the first time point in this study (Time 1). Infants were seen again 9 months later, at 21–27 months of age (Time 2). Caregiver stress was measured via a validated self-report measure at Time 1. Caregiver language input, the putative mechanism by which caregiver stress may influence later language outcomes, was collected via two daylong recordings from digital recording (Language ENvironment Analysis) devices worn by the child at this same time point. Child language outcomes were measured via standardized and caregiver report measures at Time 2. Results: Several models testing hypothesized indirect effects of caregiver stress on later child language outcomes through caregiver language input were statistically significant. Specifically, significant indirect effects suggest that (a) caregivers with increased stress tend to speak less to their infants, and (b) this reduced language input tends to covary with reduced child language outcomes later in life for Sibs-autism and Sibs-NA. Conclusions: This study provides new insights into links between caregiver stress, caregiver language input, and language outcomes in Sibs-autism and Sibs-NA. Further work is necessary to understand how to best support caregivers and optimize the language learning environments for infants.",2023,01//,"Journal of Speech, Language & Hearing Research",66,1,190-205,,10.1044/2022_JSLHR-22-00154,161407149,#54,Markfeld 2023,,
Language ENvironment Analysis (LENA) with children with hearing loss: A clinical pilot.,"Charron, Cynthia; Fitzpatrick, Elizabeth M.; McSweeney, Erin; Rabjohn, Kelly; Somerville, Rosemary; Steacie, Pamela","the provision of an enriched learning environment is widely advocated to facilitate language acquisition for children with hearing loss. In recent years the Language ENvironment Analysis (LENA) system was designed to collect information in a child's environment via a child-worn recording device, to acoustically analyze the listening/linguistic environment and to analyze variables such as child vocalizations, conversational turn taking, and adults words spoken to a child. This pilot study was undertaken in a clinical program to examine the feasibility of implementing the LENA system as part of the clinical program. Two full-day language recordings using the LENA device were collected for five children with hearing loss enrolled in a listening and spoken language program in a Canadian pediatric hospital. Overall, parents felt that the device was easy to use and that it could be incorporated into the home environment. Useful information was collected about the child's acoustic environment and about exposure to spoken language in the home. Based on the results of this pilot study, the LENA device has been implemented as a clinical tool to assist in coaching families about their child's learning environment.L'apport d'un environnement d'apprentissage enrichi est largement préconisé pour faciliter l'acquisition du langage des enfants ayant une perte auditive. Au cours des dernières années, le système LENA (Language ENvironment Analysis) a été conçu pour recueillir des informations à propos de l'environnement d'un enfant par l'intermédiaire d'un appareil d'enregistrement qui est porté par l'enfant. Ce système permet d'analyser acoustiquement l'environnement d'écoute/ linguistique et d'analyser des variables, telles que les vocalisations de l'enfant, le tour de parole en conversation et les mots utilisés par les adultes avec l'enfant. Cette étude pilote a été amorcée dans un programme clinique pour examiner la faisabilité de l'implantation du système LENA dans ce programme. Le langage de cinq enfants ayant une perte auditive et qui étaient inscrits au programme d'écoute et de langage oral d'un hôpital pédiatrique canadien a été recueilli pendant deux journées complètes à l'aide de l'appareil LENA. dans l'ensemble, les parents ont eu le sentiment que l'appareilétaitfacile à utiliseretqu'il pourrait être incorporé dans l'environnement de la maison. des informations utiles quant à l'environnement acoustique de l'enfant et son exposition au langage oral à la maison furent recueillies. À partir des résultats de cette étude pilote, l'appareil LENA a été implanté comme outil clinique afin d'encadrer les familles quant à l'environnement d'apprentissage de leur enfant.",2016,01//,Canadian Journal of Speech-Language Pathology & Audiology,40,1,92-104,,,116695644,#55,Charron 2016,,
Language ENvironment Analysis (LENA) in Phelan-McDermid Syndrome: Validity and Suggestions for Use in Minimally Verbal Children with Autism Spectrum Disorder.,"Rankine, Jacquelin; Li, Erin; Lurie, Stacey; Rieger, Hillary; Fourie, Emily; Siper, Paige; Wang, A.; Buxbaum, Joseph; Kolevzon, Alexander","Phelan-McDermid syndrome (PMS) is a single-locus cause of developmental delay, autism spectrum disorder, and minimal verbal abilities. There is an urgent need to identify objective outcome measures of expressive language for use in this and other minimally verbal populations. One potential tool is an automated language processor called Language ENvironment Analysis (LENA). LENA was used to obtain over 542 h of audio in 18 children with PMS. LENA performance was adequate in a subset of children with PMS, specifically younger children and those with fewer stereotypic vocalizations. One LENA-derived language measure, Vocalization Ratio, had improved accuracy in this sample and may represent a novel expressive language measure for use in severely affected populations.",2017,06//,Journal of Autism & Developmental Disorders,47,6,1605-1617,,10.1007/s10803-017-3082-8,123057570,#56,Rankine 2017,,
"A Longitudinal Corpus Analysis of the Quantity, Syntactic, and Lexical Characteristics of Maternal and Paternal Parentese.","Sheth, Kaveri K.; Ferjan Ramírez, Naja","Research on parentese, the acoustically exaggerated, slower, and higher-pitched speech directed toward infants, has mostly focused on maternal contributions, although it has long been known that fathers also produce parentese. Given recent societal changes in family dynamics, it is necessary to revise these mother-centered models of language input. Using a longitudinal dataset of daylong recordings collected with the same group of USA-born English-speaking infants (N = 21) at 6, 10, 14, 18, and 24 months, we investigate the similarities and differences between maternal and paternal parentese quantity, as well syntactic and lexical characteristics of parentese. We find that mothers are producing quantitatively more parentese than fathers at all ages. We find that the syntactic aspects do not differ substantially between mothers and fathers, however lexical differences do emerge. Specifically, we see that mothers may use more question and mental state words than fathers. Furthermore, use of these types of words increase as the child develops. This research highlight the continued need to further study fathers in order to have a full understanding of child language development.",2025,01//Jan-Mar2025,Language Learning & Development,21,1,58-73,,10.1080/15475441.2024.2346099,182091362,#57,Sheth 2025,,
Shaping linguistic input in parent‐infant interactions: The influence of the Infant's temperament.,"Götz, Antonia; Altuntas, Eylem; Kalashnikova, Marina; Best, Catherine; Burnham, Denis","Parent‐infant interactions highlight the role of parental input, considering both the quality, infant‐directed speech, and quantity of interactions, adult words and communicative turns, in these interactions. However, communication is bidirectional, yet little is known about the infant's role in these interactions. This study (n = 35 4‐month‐old infants) explores how infant‐directed speech, the number of adult words and turn‐taking (both measured by the LENA system) are correlated with infants' temperament. Our findings reveal that, while mothers use the typical characteristics of infant‐directed speech, they are not correlated with the infant's temperament. However, we observe more adult‐infant turn‐taking in both introverted infants (with lower Surgency scores) and infants with lower attention regulation (with lower Regulatory/Orienting scores). The number of adult words was not correlated with infants' temperament. We suggest that infants with an introverted temperament prefer quieter exchanges that may lead to more turns and that infants with lower attention regulation might create more opportunities for interactions due to their lower level of self‐regulation. These findings suggest that infants' temperament is associated with how adults talk with infants (communicative turns) rather than how adults talk to infants (infant‐directed speech, number of adult words). Our results underscore the infant's role in parent‐infant communication.",2025,01//Jan/Feb2025,Infancy,30,1,20-Jan,,10.1111/infa.12629,183981752,#58,Götz 2025,,
Characterization of children's verbal input in a forager‐farmer population using long‐form audio recordings and diverse input definitions.,"Scaff, Camila; Casillas, Marisa; Stieglitz, Jonathan; Cristia, Alejandrina","There is little systematically collected quantitative empirical data on how much linguistic input children in small‐scale societies encounter, with some estimates suggesting low levels of directed speech. We report on an ecologically‐valid analysis of speech experienced over the course of a day by young children (N = 24, 6–58 months old, 33% female) in a forager‐horticulturalist population of lowland Bolivia. A permissive definition of input (i.e., including overlapping, background, and non‐linguistic vocalizations) leads to massive changes in terms of input quantity, including a quadrupling of the estimate for overall input compared to a restrictive definition (only near and clear speech), while who talked to and around a focal child is relatively stable across input definitions. We discuss implications of these results for theoretical and empirical research into language acquisition.",2024,03//,Infancy,29,2,196-215,,10.1111/infa.12568,175256656,#59,Scaff 2024,,
Increases in Language Input are Sustained among Mothers of Low SES: Evidence from a Randomized Controlled Trial.,"Leung, Christy Y.Y.; Trinidad, Jose Eos; Suskind, Dana L.","Objective. This randomized controlled trial examined whether the quantity and quality of maternal language input were increased through the 3Ts Home Visiting (3Ts-HV) intervention early in toddlerhood and whether increases in maternal language input were sustained over time among families of low SES, controlling for maternal education level, language skill, depressive symptoms, family adversity, child age, child language skills, and the length of recording. Design. 149 mother-toddler dyads of low SES were randomized to receive either the 3Ts-HV intervention (n = 76) or Healthy Lifestyle control (n = 73) curriculum from 14 to 20 months. Both quantity (tokens) and quality (lexical diversity, syntactic complexity, and use of complex sentences and wh-questions) of maternal language input were assessed at 14, 20, 26, 32, and 38 months. Hierarchical linear models were estimated to compare maternal language input between groups over time. Growth trajectories were modeled during the post-curriculum period alone, controlling for baseline maternal language input. Results. Intervention mothers had significantly larger increases in both quantity and quality of language input than Control mothers at 20 months. Intervention mothers' increases in both quantity and quality of language input were sustained at 26, 32, and 38 months. Conclusions. Language input can be promoted early in toddlerhood and sustained over time among families facing socioeconomic disadvantages. Fostering sustainable increases in maternal language behaviors with very young children among families of low SES is a critical first step in addressing early language input disparities.",2023,01//Jan-Mar2023,Parenting: Science & Practice,23,1,52-84,,10.1080/15295192.2022.2115912,163248859,#60,Leung 2023,,
Clinician vs. Machine: Estimating Vocalizations Rates in Young Children With Developmental Disorders.,"Bredin-Oja, Shelley L.; Fielding, Heather; Fleming, Kandace K.; Warren, Steven F.","Purpose: The purpose of this study was to investigate the reliability of an automated language analysis system, the Language Environment Analysis (LENA), compared with a human transcriber to determine the rate of child vocalizations during recording sessions that were significantly shorter than recommended for the automated device. Method: Participants were 6 nonverbal male children between the ages of 28 and 46 months. Two children had autism diagnoses, 2 had Down syndrome, 1 had a chromosomal deletion, and 1 had developmental delay. Participants were recorded by the LENA digital language processor during 14 play-based interactions with a responsive adult. Rate of child vocalizations during each of the 84 recordings was determined by both a human transcriber and the LENA software. Results: A statistically significant difference between the 2 methods was observed for 4 of the 6 participants. Effect sizes were moderate to large. Variation in syllable structure did not explain the difference between the 2 methods. Vocalization rates from the 2 methods were highly correlated for 5 of the 6 participants. Conclusions: Estimates of vocalization rates from nonverbal children produced by the LENA system differed from human transcription during sessions that were substantially shorter than the recommended recording length. These results confirm the recommendation of the LENA Foundation to record sessions of at least 1 hr.",2018,08//,American Journal of Speech-Language Pathology,27,3,1066-1072,,10.1044/2018_AJSLP-17-0016,131116981,#61,Bredin-Oja 2018,,
Parental language mixing and its association with language outcomes of children with (a suspicion of) Developmental Language Disorder.,"van Witteloostuijn, Merel; Blom, Elma","• Parental language mixing in DLD studied using questionnaire and day-long recordings. • Language mixing is widespread in child-directed speech, also for children with DLD. • Common pattern observed in DLD: child spoke Dutch, parents replied in home language. • No association found between parental mixing and majority language outcomes in DLD. Multilingual children naturally encounter language mixing in their environment. Since children's language development depends on their language input, and processing language mixing in the input may be cognitively demanding, the amount of parental language mixing could affect children's language outcomes. This matter is also highly relevant for children with developmental language disorder (DLD), who face challenges with language processing and uptake. We hypothesize that these children's language difficulties may amplify any negative relationships between parental language mixing and the language outcomes of children with DLD. Using a combination of questionnaires, day-long audio recordings, and Bayesian hypothesis testing, we examined parental language mixing and its relationship with Dutch vocabulary and grammar outcomes in thirty 3- to 6-year-old multilingual children with (a suspicion of) DLD in the Netherlands. Analyses were controlled for overall exposure to Dutch, children's age and parents' education level. Contrary to our hypothesis, we found a positive, albeit modest, association between parental language mixing and children's Dutch language outcomes. This suggests that language mixing in the input may not hinder majority language development in children with DLD. Replication and further research are needed to understand the broader implications of parental language mixing for multilingual development in children with DLD, also regarding their minority language outcomes.",2025,09//,Journal of Communication Disorders,117,,N.PAG-N.PAG,,10.1016/j.jcomdis.2025.106557,187891709,#62,vanWitteloostuijn 2025,,
"Natural Language Input: Maternal Education, Socioeconomic Deprivation, and Language Outcomes in Typically Developing Children.","Sultana, Nuzhat; Wong, Lena L. N.; Purdy, Suzanne C.","Purpose: The current study was designed to investigate the differences in language input related to family factors (maternal level of education [MLE] and socioeconomic level of deprivation [SLD]) and their association with language outcomes in preschoolers. Method: This study used New Zealand SLD and MLE classification systems to examine differences in language input related to these factors among 20 typically developing preschool children aged 2-5 years. The quantity of children's language input (adult words [AWs], conversational turns [CTs]) was calculated using the Language ENvironment Analysis audiotaping technology for two typical weekend days. Four 5-min Language ENvironment Analysis recording segments were transcribed and coded, and parental language strategies were classified as optimal language strategy, moderate language strategy, or sub-optimal language strategy (S-OLS) for child language outcomes. The receptive and expressive language of each child was assessed using the Preschool Language Scales-Fifth Edition. Results: Mann-Whitney U tests showed significant differences between the quantity of language input (AWs/hr, CTs/hr) for high and low MLE and high and low SLD groups. Consistent with the literature, the use of S-OLSs was significantly lower for families with high MLE (Mdn = .25, IQR = .14) and low SLD (Mdn = .22, IQR = .13) than for families with low MLE (Mdn = .41, IQR = .24) and high SLD (Mdn = .41, IQR = .26). Spearman correlation coefficients indicated significant associations between language input (AWs/hr, CTs/hr, S-OLSs) and language outcomes. Conclusions: Reduced language input and the frequent use of S-OLSs associated with low maternal education and high deprivation and low language outcomes for these children highlight the importance for all parents/families to learn optimal language strategies to support the development of strong language skills in their children in young age.",2020,10//,"Language, Speech & Hearing Services in Schools",51,4,1049-1070,,10.1044/2020_LSHSS-19-00095,146234836,#63,Sultana 2020,,
Validation of the Language ENvironment Analysis (LENA) system for Dutch.,"BRUYNEEL, Eva; DEMURIE, Ellen; BOTERBERG, Sofie; WARREYN, Petra; ROEYERS, Herbert","The validity of the Language ENvironment Analysis (LENA) System was evaluated for Dutch. 216 5-min samples (six samples per age per child) were selected from daylong recordings at 5, 10 and 14 months of age of native Dutch-speaking younger siblings of children with autism spectrum disorder (N = 6) and of typically developing children (N = 6). Two native Dutch-speaking coders counted the amount of adult words (AWC), child vocalisations (CVC) and conversational turns (CT). Consequently, correlations between LENA and human estimates were explored. Correlations were high for AWC at all ages (r =.73 to.81). Regarding CVC, estimates were moderately correlated at 5 months (r =.57) but the correlation decreased at 10 (r =.37) and 14 months (r =.14). Correlations for CT were low at all ages (r =.19 to.28). Lastly, correlations were not influenced by the risk status of the children.",2021,07//,Journal of Child Language,48,4,765-791,,10.1017/S0305000920000525,151399708,#64,BRUYNEEL 2021,,
Canonical babbling trajectories across the first year of life in autism and typical development.,"Long, Helen L.; Ramsay, Gordon; Bene, Edina R.; Su, Pumpki Lei; Yoo, Hyunjoo; Klaiman, Cheryl; Pulver, Stormi L; Richardson, Shana; Pileggi, Moira L.; Brane, Natalie; Oller, D. Kimbrough","This study explores vocal development as an early marker of autism, focusing on canonical babbling rate and onset, typically established by 7 months. Previous reports suggested delayed or reduced canonical babbling in infants later diagnosed with autism, but the story may be complicated. We present a prospective study on 44 infants later diagnosed with autism spectrum disorder compared with 127 infants later identified as typically developing who were followed longitudinally with day-long recordings from 0 to 13 months. Eight 5-min segments from each of their recordings were coded for canonical and noncanonical syllables. The results confirmed many reports that canonical babbling is a robust feature of human vocal development in the first year of life, with small overall mean differences in canonical babbling rates between the autism spectrum disorder and typically developing groups beginning around 9 months, primarily in males. Our findings highlight the importance of considering sex differences in vocal communication as part of the early detection and diagnosis of autism when determining the need for communication supports to maximize outcomes. Our study examined how babies develop their ability to talk to help identify early signs of autism. We looked at babies' production of babbling with mature syllables across the first year of life. Babies usually start producing mature babbling at 7 months of age before they say their first words. Some studies have suggested that babies who are later diagnosed with autism produce this kind of babbling less frequently in their first year of life, but other studies have shown complicated outcomes. In this new study, we followed 44 autistic babies and compared them to 127 typically developing babies. We recorded the babies once every month, all day long, from the time that they were born until they were around 13 months old. Then, we studied their mature babbling from segments of these recordings. We found that the rate at which babies used mature babbling was lower in boys with autism, and higher in girls with autism, compared to babies without autism. This research helps us understand how babies with autism learn to talk. It also raises important questions about differences between boys and girls with autism. Our study can help us improve how scientists and clinicians can identify autism earlier, which could lead to better communication supports for autistic children and their families.",2024,12//,Autism: The International Journal of Research & Practice,28,12,3078-3091,,10.1177/13623613241253908,180988103,#65,Long 2024,,
Facilitative Language Techniques Used in the Home by Caregivers of Young Children Who Are Deaf or Hard of Hearing.,"Brock, Aleah S.; Bass-Ringdahl, Sandie M.","Purpose: This research note reports preliminary data from an investigation of facilitative language techniques (FLTs) used in the natural environment by caregivers of children who are deaf or hard of hearing (DHH). The investigation seeks to establish a new method to collect and analyze data on caregiver FLT use in the home. Method: This pilot investigation included two children under the age of 36 months with moderate-to-profound sensorineural hearing loss. Both children were consistent users of hearing devices and were pursing oral communication. Data were collected via the Language ENvironment Analysis (LENA) system in the participants' homes. Thirty-six 5-min segments containing the highest adult word count were extracted from each participant's sample. Researchers coded segments for the presence or absence of 10 FLTs within 30-s intervals. Results: The collection, coding, and analysis of caregiver FLTs using LENA was a feasible method to investigate caregiver linguistic input in the natural environment. Despite differences in age, sex, and hearing level, the distribution of caregiver FLTs was similar for both participants. Caregivers used high levels of narration, closed-ended questions, and directives throughout the day. Conclusions: Results of this investigation provide information about the types of FLTs that are used in the home by caregivers of young children who are DHH. Furthermore, results indicate the feasibility of this method to investigate in-home use of caregiver FLTs.",2021,10//,Perspectives of the ASHA Special Interest Groups,6,5,1137-1145,,10.1044/2021_PERSP-20-00297,153144778,#67,Brock 2021,,
Effects of Parents’ Mealtime Conversation Techniques for Preschool Children With Hearing Loss Who Use Listening and Spoken Language.,"Smolen, Elaine R.; Ye Wang; Hartman, Maria C.; Young-Sun Lee","Purpose: This mixed-methods study aimed to examine the conversation techniques used by parents of young children with hearing loss (HL) during dinnertime at home. Parents’ usage rates of open- and closed-ended language elicitation, reformulation, imitation, directives, and explicit vocabulary instruction were examined in relation to children’s receptive vocabulary and basic-concepts skills. Method: Twenty-minute dinnertime segments were extracted from naturalistic, daylong recordings of 37 preschoolers with HL who used listening and spoken language. The segments were hand-coded for parents’ use of conversation techniques. Children’s receptive vocabulary and basic concepts were assessed using standardized measures. Results: Parents’ use of conversation techniques varied widely, with closed-ended elicitation and directives used most frequently during dinner. Explicit vocabulary instruction was correlated with general receptive vocabulary and basic-concepts skills. Thematic analysis of the conversations revealed common themes, including concrete topics and sibling speakers. In addition, parents who used many techniques often introduced abstract conversation topics; electronic media was present in all conversations with few techniques. Conclusions: Parents of preschoolers with HL may benefit from specific coaching to elicit language and introduce new vocabulary during home routines. These techniques may help develop their children’s receptive language.",2021,03//,"Journal of Speech, Language & Hearing Research",64,3,979-992,,10.1044/2020_JSLHR-20-00420,149385165,#68,Smolen 2021,,
Coaching Caregivers of Children who are Deaf or Hard of Hearing.,"Brock, Aleah S; Bass-Ringdahl, Sandie M","This study explored the impact of a caregiver training intervention on caregivers' use of individually selected facilitative language techniques (FLTs) with their children (ranging from 14 to 27 months of age) who were deaf or hard of hearing. In addition, the study sought to identify real-time relationships between caregiver input and child output. Finally, the Language ENvironment Analysis (LENA) system was used to assess generalization of intervention gains to the natural environment. Intervention was delivered via a telehealth approach to train four caregivers to utilize a targeted FLT with their child. Pre-baseline LENA recordings guided selection of treatment targets, and post-intervention LENA recordings were used to assess generalization to the natural environment. All caregivers demonstrated increases in use of their targeted FLT in structured intervention sessions and maintained them 2–6 weeks after the conclusion of intervention. All children demonstrated an increase in their developmentally appropriate vocalizations in tandem with caregiver FLT increases. Results indicate that coaching can be used to increase caregiver responsiveness, changes which were found to carry over into the home environment.",2023,04//,Journal of Deaf Studies & Deaf Education,28,2,146-161,,10.1093/deafed/enac048,162674510,#69,Brock 2023,,
Evaluating Language Environment Analysis System Performance for Chinese: A Pilot Study in Shanghai.,"Gilkerson, Jill; Yiwen Zhang; Dongxin Xu; Richards, Jeffrey A.; Xiaojuan Xu; Fan Jiang; Harnsberger, James; Topping, Keith","Purpose: The purpose of this study was to evaluate performance of the Language Environment Analysis (LENA) automated language-analysis system for the Chinese Shanghai dialect and Mandarin (SDM) languages. Method: Volunteer parents of 22 children aged 3-23 months were recruited in Shanghai. Families provided daylong in-home audio recordings using LENA. A native speaker listened to 15 min of randomly selected audio samples per family to label speaker regions and provide Chinese character and SDM word counts for adult speakers. LENA segment labeling and counts were compared with rater-based values. Results: LENA demonstrated good sensitivity in identifying adult and child; this sensitivity was comparable to that of American English validation samples. Precision was strong for adults but less so for children. LENA adult word count correlated strongly with both Chinese characters and SDM word counts. LENA conversational turn counts correlated similarly with rater-based counts after the exclusion of three unusual samples. Performance related to some degree to child age. Conclusions: LENA adult word count and conversational turn provided reasonably accurate estimates for SDM over the age range tested. Theoretical and practical considerations regarding LENA performance in non-English languages are discussed. Despite the pilot nature and other limitations of the study, results are promising for broader cross-linguistic applications.",2015,04//,"Journal of Speech, Language & Hearing Research",58,2,445-452,,10.1044/2015_JSLHR-L-14-0014,103796864,#70,Gilkerson 2015,,
Measuring Social Communication in the Community: Novel Tools for Advancing Family Participation.,"Irvin, Dwight W.; Bard, Anna; Wallisch, Anna; Little, Lauren M.","Natural contexts and family involvement are key features of effective intervention approaches. However, the measurement of community participation and parent engagement with children remains complex. Therefore, we examined the feasibility of combining use of the Language ENvironment Analysis (LENA®) system and a global positioning system (GPS; i.e., Qstarz® BT-Q1000XT). The LENA is a small speech recognition device that captures and quantifies full-day recordings of the natural language environment. The Qstarz BTQ1000XT is a wearable GPS data logger that allows identification of the locations a person visits. The marrying of these measures allows for an accurate representation of community settings that afford children greater social communication opportunities. Our results show that the combination of measures provides meaningful social communication location data. Also, the participating caregiver reported that the collection of measures was feasible across community settings.",2018,11//Nov/Dec2018,American Journal of Occupational Therapy,72,6,7-Jan,,10.5014/ajot.2018.026310,132964857,#71,Irvin 2018,,
Preschool Language Environments and Social Interactions in an Early Intervention Classroom: A Pilot Study.,"Custode, Stephanie A.; Bailey, Jhonelle; Sun, Lei; Katz, Lynne; Ullery, MaryAnne; Messinger, Daniel; Bulotsky-Shearer, Rebecca J.; Perry, Lynn K.","Preschoolers' language abilities are associated with their social interactions in early childhood classrooms. Few studies, however, have examined associations between social interactions and objective measures of children's real-time classroom language environments, information key to informing interventions to support preschool children at risk for language delays. In this pilot study, we examined associations between objective measures of real-time language environments (input and output) recorded via the Language ENvironment Analysis (LENA) system and observations of children's positive and negative interactions with peers and teachers in an early intervention classroom for children with developmental delays (n = 9, seven girls). Mixed effects regression models revealed associations between children's language environments (input and output) and their social interactions with peers and teachers. More talkative children were more likely to have a high number of positive peer interactions. Children who received more language input from teachers were more likely to have a higher number of positive teacher–child interactions, an effect that was stronger for children with the lowest language output. The results of this pilot study build on prior research by using real-time objective measurement to examine how children's language input from peers and teachers and children's own language output supports positive interactions within early intervention classrooms.",2024,09//,Journal of Early Intervention,46,3,338-355,,10.1177/10538151231176176,179066442,#72,Custode 2024,,
Individual Differences in the Development of Gendered Speech in Preschool Children: Evidence From a Longitudinal Study.,"Munson, Benjamin; Lackas, Natasha; Koeppe, Kiana","Purpose: We evaluated whether naive listeners' ratings of the gender typicality of the speech of children assigned male at birth (AMAB) and children assigned female at birth (AFAB) were different at two time points: one at which children were 2.5-3.5 years old and one when they were 4.5-5.5 years old. We also examined whether measures of speech, language, and inhibitory control predicted developmental changes in these ratings. Method: A group of adults (N = 80) rated single-word productions of 55 AMAB and 55 AFAB children on a continuous scale from ""definitely a boy"" to ""definitely a girl."" Children's productions were taken from previous longitudinal study of phonological development and vocabulary growth. As part of that study, children completed a battery of standardized and nonstandardized tests at both time points. Results: Listener ratings for AMAB and AFAB children were significantly different at both time points. The difference was larger at the later time point, and this was due entirely to changes in the ratings of AMAB children's speech. A measure of language production and a measure of inhibitory control predicted developmental changes in these ratings, albeit only weakly, and not in a consistent direction. Conclusions: The gender typicality of AMAB and AFAB children's speech is perceptibly different for children as young as 2.5 years old. Developmental changes in perceived gender typicality are driven by changes in the speech of AMAB children. The learning of gendered speech is not constrained or facilitated by overall speech and language skill.",2022,04//,"Journal of Speech, Language & Hearing Research",65,4,1311-1330,,10.1044/2021_JSLHR-21-00465,156170240,#78,Munson 2022,,
Language ENvironment analysis (LENA) system investigation of day long recordings in children: A literature review.,"Ganek, Hillary; Eriks-Brophy, Alice",The Language ENvironment Analysis (LENA) System is a relatively new recording technology that can be used to investigate typical child language acquisition and populations with language disorders. The purpose of this paper is to familiarize language acquisition researchers and speech-language pathologists with how the LENA System is currently being used in research. The authors outline issues in peer-reviewed research based on the device. Considerations when using the LENA System are discussed.,2018,03//,Journal of Communication Disorders,72,,77-85,,10.1016/j.jcomdis.2017.12.005,128518170,#79,Ganek 2018,,
Automated Assessment of Child Vocalization Development Using LENA.,"Richards, Jeffrey A.; Dongxin Xu; Gilkerson, Jill; Yapanel, Umit; Gray, Sharmistha; Paul, Terrance","Purpose: To produce a novel, efficient measure of children's expressive vocal development on the basis of automatic vocalization assessment (AVA), child vocalizations were automatically identified and extracted from audio recordings using Language Environment Analysis (LENA) System technology. Method: Assessment was based on full-day audio recordings collected in a child's unrestricted, natural language environment. AVA estimates were derived using automatic speech recognition modeling techniques to categorize and quantify the sounds in child vocalizations (e.g., protophones and phonemes). These were expressed as phone and biphone frequencies, reduced to principal components, and inputted to age-based multiple linear regression models to predict independently collected criterion-expressive language scores. From these models, we generated vocal development AVA estimates as agestandardized scores and development age estimates. Result: AVA estimates demonstrated strong statistical reliability and validity when compared with standard criterion expressive language assessments. Conclusions: Automated analysis of child vocalizations extracted from full-day recordings in natural settings offers a novel and efficient means to assess children's expressive vocal development. More research remains to identify specific mechanisms of operation.",2017,07//,"Journal of Speech, Language & Hearing Research",60,7,2047-2063,,10.1044/2017_JSLHR-L-16-0157,124123729,#81,Richards 2017,,
"Exploring Early Childhood Language Environments: A Comparison of Language Use, Exposure, and Interactions in the Home and Childcare Settings.","Larson, Anne L.; Barrett, Tyson S.; McConnell, Scott R.","Purpose: This study was conducted in a large Midwestern metropolitan area to examine the language environments at home and in center-based childcare for young children who are living in poverty. We compared child language use and exposure in the home and childcare settings using extended observations with automated Language Environment Analysis to gain a deeper understanding of the environmental factors that may affect change in language outcomes for young children. Method: Thirty-eight children, along with parents (n = 38) and childcare providers (n = 14) across five childcare centers, participated in this study. Each child completed a standardized language assessment and two daylong recordings with Language Environment Analysis to determine the number of adult words, conversational turns, and child vocalizations that occurred in each setting. Data were analyzed at 5-min intervals across each recording. Results: Comparisons between home recordings in this sample and a comparison group showed reliably higher rates of adult words and conversational turns in the home setting. Linear mixed-effects regression models showed significant differences in the child language environments, with the home setting providing higher levels of language input and use. These effects were still meaningful after accounting for the time of day, participant demographic characteristics, and child language ability. Conclusions: Practical implications for supporting child language development across settings are discussed, and suggestions for further research are provided.",2020,07//,"Language, Speech & Hearing Services in Schools",51,3,706-719,,10.1044/2019_LSHSS-19-00066,144650321,#82,Larson 2020,,
Using Technology to Facilitate Authentic Assessment of Bilingual Preschool Children.,"Kashinath, Shubha; Pearman, Aubrey; Canales, Andrea",,2015,04//,Perspectives on Communication Disorders & Sciences in Culturally & Linguistically Diverse (CLD) Populations,22,1,15-24,,10.1044/cds22.1.15,109799746,#83,Kashinath 2015,,
The Impact of Language Input on Deaf and Hard of Hearing Preschool Children Who Use Listening and Spoken Language.,"Rufsvold, Ronda; Wang, Ye; Hartman, Maria C.; Arora, Sonia B.; Smolen, Elaine R.","The researchers investigated the effects of adult language input on the quantity of language, vocabulary development, and understanding of basic concepts of deaf and hard of hearing (DHH) children who used listening and spoken language. Using audio recording and Language ENvironment Analysis (LENA) software, the study involved 30 preschool DHH children who used spoken language as their communication modality and 11 typically hearing same-age peers. The children's language and the language spoken to them during all waking hours over a 2-day period (16 hours per day) were recorded and analyzed quantitatively and were compared to the children's performance on the Boehm Test of Basic Concepts and the Peabody Picture Vocabulary Test. The results highlight the relationship between the quantity of adult language and the language, vocabulary, and basic concept knowledge of DHH preschool children who use listening and spoken language.",2018,//Spring2018,American Annals of the Deaf,163,1,35-60,,10.1353/aad.2018.0010,129587140,#86,Rufsvold 2018,,
Evaluating canonical babbling ratios extracted from day-long audio recordings in infants later diagnosed with autism spectrum disorder.,"Meera, Shoba S.; Swaminathan, Divya; Pawar, Rahul; Yankowitz, Lisa; Donovan, Kevin; Khuu, Khavi; Parish-Morris, Julia; Warren, Steven F.; Estes, Annette; Zwaigenbaum, Lonnie; Clements, Mark; Anderson, David V.; Schultz, Robert T.; Hazlett, Heather C.; John, Tanya St.; Pandey, Juhi; Marrus, Natasha; Botteron, Kelly; Dager, Stephen R.; Swanson, Meghan R.",,2025,06//,Infant Behavior & Development,79,,N.PAG-N.PAG,,10.1016/j.infbeh.2025.102059,185778285,#87,Meera 2025,,
Parentese in infancy predicts 5-year language complexity and conversational turns.,"FERJAN RAMÍREZ, Naja; WEISS, Yael; SHETH, Kaveri K.; KUHL, Patricia K.","Parental input is considered a key predictor of language achievement during the first years of life, yet relatively few studies have assessed its effects on longer-term outcomes. We assess the effects of parental quantity of speech, use of parentese (the acoustically exaggerated, clear, and higher-pitched speech), and turn-taking in infancy, on child language at 5 years. Using a longitudinal dataset of daylong LENA recordings collected with the same group of English-speaking infants (N=44) at 6, 10, 14, 18, 24 months and then again at 5 years, we demonstrate that parents' consistent (defined as stable and high) use of parentese in infancy was a potent predictor of lexical diversity, mean length of utterance, and frequency of conversational turn-taking between children and adults at Kindergarten entry. Together, these findings highlight the potential importance of a high-quality language learning environment in infancy for success at the start of formal schooling.",2024,03//,Journal of Child Language,51,2,359-384,,10.1017/S0305000923000077,176652148,#88,FERJANRAMÍREZ 2024,,
Socioeconomic status correlates with measures of Language Environment Analysis (LENA) system: a meta-analysis.,"PIOT, Leonardo; HAVRON, Naomi; CRISTIA, Alejandrina","Using a meta-analytic approach, we evaluate the association between socioeconomic status (SES) and children's experiences measured with the Language Environment Analysis (LENA) system. Our final analysis included 22 independent samples, representing data from 1583 children. A model controlling for LENATM measures, age and publication type revealed an effect size of rz=.186, indicating a small effect of SES on children's language experiences. The type of LENA metric measured emerged as a significant moderator, indicating stronger effects for adult word counts than child vocalization counts. These results provide important evidence for the strength of association between SES and children's everyday language experiences as measured with an unobtrusive recording analyzed automatically in a standardized fashion.",2022,09//,Journal of Child Language,49,5,1037-1051,,10.1017/S0305000921000441,158338429,#89,PIOT 2022,,
Measurement of child-directed speech: A survey of clinical practice.,"Newbury, Jayne; Sutherland, Dean","Purpose: Clear correlations exist between the quality and quantity of child-directed speech (CDS) and children's language development. Interventions for children with poor language skills involve manipulation of the quality and/or quantity of CDS in a child's daily experience. Assessment of CDS is therefore important. There are a range of CDS measures reported in the literature, however no data exist on the use of these in clinical practice. The aim of this study was to identify current clinical practices in measurement of CDS. Method: An online survey was developed using the Qualtrics platform. Brief study information and a link to the survey were distributed to speech-language pathologists working in New Zealand and Australia. Result: Responses from 116 clinicians were analysed. Participants mainly reported using informal analysis of adult–child observations, checklists and informal discussion with adults to measure CDS. The barriers to measuring CDS reported were time, teaming with adults and psychometric properties of informal methods. Conclusion: There are few psychometrically validated clinical tools which are ""fit for purpose"" to measure qualitative aspects of CDS. Automated speech analysis technology appears to have potential as a quantitative measure of CDS to support clinical practice.",2020,08//,International Journal of Speech-Language Pathology,22,4,399-413,,10.1080/17549507.2019.1650111,146466194,#90,Newbury 2020,,
Assessment of Communication Abilities in Four Children with Early Bilateral CIs in Clinical and Home Environments with LENA System: A Case Report.,"Colombani, Arianna; Saksida, Amanda; Pintonello, Sara; De Caro, Federica; Orzan, Eva","Children's language acquisition is underpinned by the quantity and quality of linguistic stimulation. Early diagnosis and cochlear implantation (CI), along with a family-centered intervention, are regarded as critical factors in providing appropriate language stimulation and thus supporting successful language outcomes in children with sensory neural hearing loss (SNHL). Considering the lack of tools to assess early language skills and open issues regarding the early predictors of CI outcomes, our goal was to evaluate the potential usability of the Language ENvironment Analysis (LENA) system as an early assessment and/or predictive tool. Clinical video recordings, LENA home recordings, and vocabulary scores were used to assess the progression of communication abilities of four children with CIs (6–35 m.o.). The data revealed a positive correlation between the estimated mean length of utterance (EMLU), vocal conversational turns (CT) in clinical video recordings, and receptive vocabulary, as well as the CT count in LENA being a significant predictor of productive vocabulary. These findings lead us to conclude that the LENA system has the potential to be used as an additional (tele-)measure in the early assessment of communication abilities of children with CI, as well as as a tool in the research of early predictors of CI outcomes.",2022,05//,Children,9,5,659-N.PAG,,10.3390/children9050659,157147058,#92,Colombani 2022,,
Infant-Mother Acoustic-Prosodic Alignment and Developmental Risk.,"Seidl, Amanda; Cristia, Alejandrina; Soderstrom, Melanie; Eon-Suk Ko; Abel, Emily A.; Kellerman, Ashleigh; Schwichtenberge, A. J.","Purpose: One promising early marker for autism and other communicative and language disorders is early infant speech production. Here we used daylong recordings of high- and low-risk infant-mother dyads to examine whether acoustic-prosodic alignment as well as two automated measures of infant vocalization are related to developmental risk status indexed via familial risk and developmental progress at 36 months of age. Method: Automated analyses of the acoustics of daylong real-world interactions were used to examine whether pitch characteristics of one vocalization by the mother or the child predicted those of the vocalization response by the other speaker and whether other features of infants' speech in daylong recordings were associated with developmental risk status or outcomes. Results: Low-risk and high-risk dyads did not differ in the level of acoustic-prosodic alignment, which was overall not significant. Further analyses revealed that acoustic-prosodic alignment did not predict infants' later developmental progress, which was, however, associated with two automated measures of infant vocalizations (daily vocalizations and conversational turns). Conclusions: Although further research is needed, these findings suggest that automated measures of vocalizations drawn from daylong recordings are a possible early identification tool for later developmental progress/concerns.",2018,06//,"Journal of Speech, Language & Hearing Research",61,6,1369-1380,,10.1044/2018_JSLHR-S-17-0287,130269383,#93,Seidl 2018,,
Unique contribution of shared book reading on adult-child language interaction.,"CLEMENS, Lucy F.; KEGEL, Cornelia A. T.","Researchers agree that early literacy activities, like book sharing and parent-child play, are important for stimulating language development. We hypothesize that book sharing is most powerful because it elicits more interactive talk in young children than other activities. Parents of 43 infants (9–18 months) made two daylong audio recordings using the LENA system. We compared a typical day, with spontaneous occurring activities, with an instructed day when caregivers were prompted to do book reading and toy play. Book sharing resulted in a combination of more parent talk, child talk, and interactions than other language activities. Research context did not influence outcomes: no differences were found in language use between the spontaneous and the instructed activities. Overall it seems clear that even with infants shared reading is a strong unique stimulator of language use from parent and child.",2021,03//,Journal of Child Language,48,2,373-386,,10.1017/S0305000920000331,148752706,#94,CLEMENS 2021,,
Automated Language Environment Analysis: A Research Synthesis.,"Greenwood, Charles R.; Schnitz, Alana G.; Irvin, Dwight; Shu Fe Tsai; Cartaa, Judith J.","Purpose: The Language Environment Analysis (LENA½) represents a breakthrough in automatic speech detection because it makes one's language environment, what adults and children actually hear and say, efficiently measurable. The purpose of this article was to examine (a) current dimensions of LENA research, (b) LENA's sensitivity to differences in populations and language environments, and (c) what has been achieved in closing the Word Gap. Method: From electronic and human searches, 83 peer-reviewed articles using LENA were identified and 53 met inclusionary criteria and were included in a systematic literature review. Each article reported results of 1 study. Results: Originally developed to make natural language research more efficient and feasible, systematic review identified a broad landscape of relevant LENA findings focused primarily on the environments and communications of young children but also older adults and teachers. LENA's automated speech indicators (adult input, adult- child interaction and child production) and the audio environment were shown to meet high validity standards, including accuracy, sensitivity to individual differences and differences in populations, settings, contexts within settings, speakers and languages. Researcher's own analyses of LENA audio recordings have extended our knowledge of microlevel processes in adult-child interaction. To date, intervention research using LENA has consisted of small pilot experiments, primarily on the effects of brief parent education plus quantitative linguistic feedback to parents. Conclusion: Evidence showed that automated analysis has made a place in the repertoire of language research and practice. Implications, limitations and future research are discussed.",2018,05//,American Journal of Speech-Language Pathology,27,2,853-867,,10.1044/2017_AJSLP-17-0033,129481734,#97,Greenwood 2018,,
Longitudinal Study of Vocal Development and Language Environments in Infants With Cleft Palate.,"Ha, Seunghee; Oller, Kimbrough D.","Objective: This study investigated vocalization and language environment longitudinally in infants with cleft palate (CP) based on day-long audio recordings collected in their natural environments. Design: Language Environment Analysis (LENA) data from all-day recordings at home were collected at 3-month intervals for infants from 4-6 to 16-18 months of age. The recordings were analyzed using experimentally blinded human coding as well as LENA automated analysis. Participants: Ten infants with CP (± cleft lip) and 10 age-matched infants without CP. Main Outcome Measures: Several measurements were obtained from the LENA automated analysis software. In addition, human coded measurements of vocalization and language environment, including the true canonical babbling ratio and the infant-directed speech ratio, were analyzed for each time point of data collection for each infant. Statistical analyses were performed to conduct group and age comparisons for each measure of vocalization and language environment. Results: No group differences emerged in number of syllables produced. Infants with CP exhibited late onset and fewer productions of canonical syllables compared to infants without CP. Infants with CP did not show significant differences from infants without CP in measures related to language environment across ages. Conclusion: This study provides detailed information through naturalistic all-day home recordings about vocal development and early language environments in infants with CP before and after palatal repair. Clinical implications for early intervention are discussed.",2022,10//,Cleft Palate Craniofacial Journal,59,10,1286-1298,,10.1177/10556656211042513,158991802,#98,Ha 2022,,
Estimating infants' language exposure: A comparison of random and volume sampling from daylong recordings collected in a bilingual community.,"Ferjan Ramírez, Naja; Hippe, Daniel S.",,2024,06//,Infant Behavior & Development,75,,N.PAG-N.PAG,,10.1016/j.infbeh.2024.101943,177747533,#101,FerjanRamírez 2024,,
Variability in Quantity and Quality of Early Linguistic Experience in Children With Cochlear Implants: Evidence from Analysis of Natural Auditory Environments.,"Arjmandi, Meisam K.; Houston, Derek; Dilley, Laura C.","Objectives: Understanding how quantity and quality of language input vary across children with cochlear implants (CIs) is important for explaining sources of large individual differences in language outcomes of this at-risk pediatric population. Studies have mostly focused either on intervention-related, device-related, and/or patient-related factors, or relied on data from parental reports and laboratory-based speech corpus to unravel factors explaining individual differences in language outcomes among children with CIs. However, little is known about the extent to which children with CIs differ in quantity and quality of language input they experience in their natural linguistic environments. To address this knowledge gap, the present study analyzed the quantity and quality of language input to early-implanted children (age of implantation <23 mo) during the first year after implantation.Design: Day-long Language ENvironment Analysis (LENA) recordings, derived from home environments of 14 early-implanted children, were analyzed to estimate numbers of words per day, type-token ratio (TTR), and mean length of utterance in morphemes (MLUm) in adults' speech. Properties of language input were analyzed across these three dimensions to examine how input in home environments varied across children with CIs in quantity, defined as number of words, and quality, defined as whether speech was child-directed or overheard.Results: Our per-day estimates demonstrated that children with CIs were highly variable in the number of total words (mean ± SD = 25,134 ± 9,267 words) and high-quality child-directed words (mean ± SD = 10,817 ± 7,187 words) they experienced in a day in their home environments during the first year after implantation. The results also showed that the patterns of variability across children in quantity and quality of language input changes depending on whether the speech was child-directed or overheard. Children also experienced highly different environments in terms of lexical diversity (as measured by TTR) and morphosyntactic complexity (as measured by MLUm) of language input. The results demonstrated that children with CIs varied substantially in the quantity and quality of language input experienced in their home environments. More importantly, individual children experienced highly variable amounts of high-quality, child-directed speech, which may drive variability in language outcomes across children with CIs.Conclusions: Analyzing early language input in natural, linguistic environments of children with CIs showed that the quantity and quality of early linguistic input vary substantially across individual children with CIs. This substantial individual variability suggests that the quantity and quality of early linguistic input are potential sources of individual differences in outcomes of children with CIs and warrant further investigation to determine the effects of this variability on outcomes.",2022,03//Mar/Apr2022,Ear & Hearing (01960202),43,2,685-698,,10.1097/AUD.0000000000001136,156342873,#103,Arjmandi 2022,,
Home Auditory Environments of Children With Cochlear Implants and Children With Normal Hearing.,"Wang, Yuanyuan; Cooke, Molly; Reed, Jessa; Dilley, Laura; Houston, Derek M.","Objectives: Early home auditory environment plays an important role in children's spoken language development and overall well-being. This study explored differences in the home auditory environment experienced by children with cochlear implants (CIs) relative to children with normal hearing (NH).Design: Measures of the child's home auditory environment, including adult word count (AWC), conversational turns (CTs), child vocalizations (CVs), television and media (TVN), overlapping sound (OLN), and noise (NON), were gathered using the Language Environment Analysis System. The study included 16 children with CIs (M = 22.06 mo) and 25 children with NH (M = 18.71 mo). Families contributed 1 to 3 daylong recordings quarterly over the course of approximately 1 year. Additional parent and infant characteristics including maternal education, amount of residual hearing, and age at activation were also collected.Results: The results showed that whereas CTs and CVs increased with child age for children with NH, they did not change as a function of age for children with CIs; NON was significantly higher for the NH group. No significant group differences were found for the measures of AWC, TVN, or OLN. Moreover, measures of CTs, CVs, TVN, and NON from children with CIs were associated with demographic and child factors, including maternal education, age at CI activation, and amount of residual hearing.Conclusions: These findings suggest that there are similarities and differences in the home auditory environment experienced by children with CIs and children with NH. These findings have implications for early intervention programs to promote spoken language development for children with CIs.",2022,03//Mar/Apr2022,Ear & Hearing (01960202),43,2,592-604,,10.1097/AUD.0000000000001124,156342858,#104,Wang 2022,,
"Habla conmigo, daddy! Fathers' language input in North American bilingual Latinx families.","Ferjan Ramírez, Naja; Hippe, Daniel S.; Correa, Lili; Andert, Josephine; Baralt, Melissa","This study examines the language environments of bilingually raised Latinx infants (n = 37) in mother–father families of diverse socioeconomic backgrounds, with a focus on paternal parentese, a speaking style distinguished by higher pitch, slower tempo, and exaggerated intonation. Two daylong audio recordings were collected on weekends, when both parents were at home. Paternal, maternal, and infant speech variables were quantified through automatic and manual analyses. Most infants experienced Spanish and English within child‐directed speech, and language mixing was common in mothers and fathers. Adjusting for demographic variables, infants heard 50.4% less talk from men compared to women, and 43.4% less parentese from fathers compared to mothers. However, when controlling for overall speech amount, the rate of parentese use did not differ between mothers and fathers, demonstrating that, contrary to the stereotype, fathers in Latinx families adjust their speech in verbal interactions with their infants. An asymmetry emerged, where paternal parentese was associated with paternal knowledge of language development but not with paternal involvement in childcare responsibilities; the opposite was true for paternal speech amount. Controlling for maternal contributions, paternal parentese was predictive of concurrent parent–infant turn‐taking and infant language vocalizations, demonstrating its important role in infant language development.",2022,03//,Infancy,27,2,301-323,,10.1111/infa.12450,155323507,#105,FerjanRamírez 2022,,
Vocal Interaction Between Children With Down Syndrome and Their Parents.,"Thiemann-Bourque, Kathy S.; Warren, Steven F.; Brady, Nancy; Gilkerson, Jill; Richards, Jeffrey A.","Purpose: The purpose of this study was to describe differences in parent input and child vocal behaviors of children with Down syndrome (DS) compared with typically developing (TD) children. The goals were to describe the language learning environments at distinctly different ages in early childhood. Method: Nine children with DS and 9 age-matched TD children participated; 4 children in each group were ages 9–11 months, and 5 were between 25 and 54 months. Measures were derived from automated vocal analysis. A digital language processor measured the richness of the child’s language environment, including number of adult words, conversational turns, and child vocalizations. Results: Analyses indicated no significant differences in words spoken by parents of younger versus older children with DS and significantly more words spoken by parents of TD children than parents of children with DS. Differences between the DS and TD groups were observed in rates of all vocal behaviors,with no differences noted between the younger versus older children with DS, and the younger TD children did not vocalize significantly more than the younger DS children. Conclusions: Parents of children with DS continue to provide consistent levels of input across the early language learning years; however, child vocal behaviors remain low after the age of 24 months, suggesting the need for additional and alternative intervention approaches.",2014,08//,American Journal of Speech-Language Pathology,23,3,474-485,,10.1044/2014_AJSLP-12-0010,103983714,#106,Thiemann-Bourque 2014,,
Practice and Experience Predict Coarticulation in Child Speech.,"Cychosz, Margaret; Munson, Benjamin; Edwards, Jan R.","Much research in child speech development suggests that young children coarticulate more than adults. There are multiple, not mutually-exclusive, explanations for this pattern. For example, children may coarticulate more because they are limited by immature motor control. Or they may coarticulate more if they initially represent phonological segments in larger, more holistic units such as syllables or feet. We tested the importance of several different explanations for coarticulation in child speech by evaluating how four-year-olds' language experience, speech practice, and speech planning predicted their coarticulation between adjacent segments in real words and paired nonwords. Children with larger vocabularies coarticulated less, especially in real words, though there were no reliable coarticulatory differences between real words and nonwords after controlling for word duration. Children who vocalized more throughout a daylong audio recording also coarticulated less. Quantity of child vocalizations was more predictive of the degree of children's coarticulation than a measure of receptive language experience, adult word count. Overall, these results suggest strong roles for children's phonological representations and speech practice, as well as their immature fine motor control, for coarticulatory development.",2021,10//Oct-Dec2021,Language Learning & Development,17,4,366-396,,10.1080/15475441.2021.1890080,151763418,#108,Cychosz 2021,,
"Associations Between Maternal Stress, Early Language Behaviors, and Infant Electroencephalography During the First Year of Life.","PIERCE, Lara J.; REILLY, Emily; NELSON III, Charles A.","Associations have been observed between socioeconomic status (SES) and language outcomes from early childhood, but individual variability is high. Exposure to high levels of stress, often associated with low-SES status, might influence how parents and infants interact within the early language environment. Differences in these early language behaviors, and in early neurodevelopment, might underlie SES-based differences in language that emerge later on. Analysis of natural language samples from a predominantly low-/mid-income sample of mother-infant dyads, obtained using the Language Environment Analysis (LENA) system, found that maternal reports of exposure to stressful life events, and perceived stress, were negatively correlated with child vocalizations and conversational turns when infants were 6 and 12 months of age. Greater numbers of vocalizations and conversational turns were also associated with lower relative theta power and higher relative gamma power in 6- and 12-month baseline EEG – a pattern that might support subsequent language development.",2021,07//,Journal of Child Language,48,4,737-764,,10.1017/S0305000920000501,151399707,#109,PIERCE 2021,,
A meta-analysis of the predictability of LENA™ automated measures for child language development.,"Wang, Yuanyuan; Williams, Rondeline; Dilley, Laura; Houston, Derek M.","• This research assessed the predictability of LENA's automated measures for child language. • We showed a medium association between LENA's automated measures and language. • Conversational turn and child vocalization showed medium associations with other measures of child language. • Adult word count showed a small-to-medium association with language. Early language environment plays a critical role in child language development. The Language ENvironment Analysis (LENA™) system allows researchers and clinicians to collect daylong recordings and obtain automated measures to characterize a child's language environment. This meta-analysis evaluates the predictability of LENA's automated measures for language skills in young children. We systematically searched reports for associations between LENA's automated measures, specifically, adult word count (AWC), conversational turn count (CTC), and child vocalization count (CVC), and language skills in children younger than 48 months. Using robust variance estimation, we calculated weighted mean effect sizes and conducted moderator analyses exploring the factors that might affect this relationship. The results revealed an overall medium effect size for the correlation between LENA's automated measures and language skills. This relationship was largely consistent regardless of child developmental status, publication status, language assessment modality and method, or the age at which the LENA recording was taken; however, the effect was moderated by the gap between LENA recordings and language measures taken. Among the three measures, there were medium associations between CTC and CVC and language, whereas there was a small-to-medium association between AWC and language. These findings extend beyond validation work conducted by the LENA Research Foundation and suggest certain predictive strength of LENA's automated measures for child language. We discussed possible mechanisms underlying the observed associations, as well as the theoretical, methodological, and clinical implications of these findings.",2020,09//,Developmental Review,57,,N.PAG-N.PAG,,10.1016/j.dr.2020.100921,145070725,#111,Wang 2020,,
Engaging Undergraduate Students in Child Language Research.,"Coston, Jade H.; Myers-Jennings, Corine",,2014,06//,Perspectives on Issues in Higher Education,17,1,16-Apr,,,103971741,#113,Coston 2014,,
Randomised control language intervention for infants of adolescent mothers.,"Hoffman, Laurie; Hersey, Alicia; Tucker, Richard; Vohr, Betty","Aim: Create a Language ENvironment Analysis (LENA)-based intervention to increase adolescent and infant speech and improve 12-month language outcomes.Methods: Randomised control trial of adolescent (15-19 years) mother-infant pairs comparing language-motor (intervention) and motor (control) groups. Intervention included reviewing language-motor curriculums, formative feedback on 4 LENA recordings (baseline, post-curriculum, 4 and 12-months) and 16-weekly language-motor texts. Controls reviewed a motor curriculum, summative feedback of four recordings after study completion and 4-monthly motor texts. Primary outcome was 12-month MacArthur scores. Secondary outcomes were LENA counts and social impacts to language outcomes.Results: A total of 108 infants were randomised. Groups had similar baseline characteristics and LENA counts. Both groups had low maternal Peabody Picture Vocabulary age-equivalents (14.2 years). On post-curriculum recording, intervention infants had higher vocalisations (188 vs 109, P = .02) and conversations (49 vs 30, P = .005) than controls. Group 4-month and 12-month LENA counts and 12-month MacArthur scores were similar. In regression analyses, more people in the home and cohabiting with the infant's father were associated with higher MacArthur scores.Conclusions: Linguistic feedback and a simple curriculum resulted in short-term increased vocalisations and conversational turns for infants of adolescent mothers that were not sustained over time. Household characteristics provided protective effects on outcomes.",2020,12//,Acta Paediatrica,109,12,2604-2613,,10.1111/apa.15261,147222969,#116,Hoffman 2020,,
A Cross-cultural Mixed Methods Investigation of Language Socialization Practices.,"Ganek, Hillary; Nixon, Stephanie; Smyth, Ron; Eriks-Brophy, Alice","This embedded mixed methods study explores how cultural differences in language socialization practices influence parent–child verbal interactions. The Language ENvironment Analysis (LENA) System audio recorded families of children who are and are not deaf and hard of hearing in Canada and Vietnam. Software automatically calculated an average conversational turn count. Canadian families participated in more turns than Vietnamese families regardless of hearing status. Interviews with the children's caregivers provided context for these results. Within Vietnamese families, the language socialization practice ""Intelligence"" results in reduced opportunities for turn-taking, while the Canadian focus on creating personal ""Identity"" encouraged them. ""Intelligence"" encompasses Vietnamese participants' desire to ensure their children are learning and ""Identity"" expresses the Canadian participants' appeal to encourage individuality in their children. The findings suggest directions for the adaptation of intervention. It is the first known study to incorporate LENA results into a mixed methods design.",2019,04//,Journal of Deaf Studies & Deaf Education,24,2,128-141,,10.1093/deafed/eny037,135431415,#120,Ganek 2019,,
Automated Measures to Understand Communication Opportunities for Young Children With Autism in the Community: A Pilot Study.,"Little, Lauren M.; Rojas, Joanne P.; Bard, Anna; Luo, Ying; Irvin, Dwight; Rous, Beth","Community participation is vital to children's development and provides opportunities to practice social communication skills. Although previous studies suggest that young children with autism spectrum disorders (ASD) experience decreased community participation, there is little empirical evidence on the precise patterns of participation that may influence social communication opportunities. Therefore, this pilot study investigated the communication among families of children with ASD (n = 5) versus typical development (TD; n = 5) across various community locations. We used automated, objective measures: the Language ENvironmental Analysis (LENA) system™ to measure the amount of communication and integrated this with a Global Positioning System (GPS; that is, Qstarz™) to measure community location. Results showed that families of children with ASD and TD spent a similar amount of time in community locations; however, there were differences in the amount of adult talk directed toward children with ASD versus TD across community locations. Findings suggest that automated measures may be successfully integrated to quantify social communication during community participation.",2019,04//,"OTJR: Occupation, Participation & Health",39,2,124-130,,10.1177/1539449219834911,135484509,#121,Little 2019,,
Electronic media and social features of language input in bilingually-raised Latinx infants.,"Ferjan Ramírez, Naja; Hippe, Daniel S.; Lindekugel, Katie","The present study examines the language environments of bilingually-raised Latinx infants (n = 37) to characterize the relation between exposure to electronic media and infants' language input, with a specific focus on parentese, a near-universal style of infant-directed speech, distinguished by its higher pitch, slower tempo, and exaggerated intonation. Previous research shows that parentese and parent-infant turn-taking are both associated with advances in children's language learning. Here we test the hypothesis that exposure to electronic media is associated with a reduction in these two social features of language input. Using the Language Environment Analysis (LENA) technology, two daylong audio recordings were collected from each family. Exposure to electronic media was measured in three ways: 1) Through LENA's automatic estimate; 2) Through manual annotation of LENA audio recordings; and 3) Through a parental questionnaire. Language of electronic media, parental language input, and child language output were quantified through automatic and manual analyses of LENA recordings. Infants' estimated daily exposure to electronic media varied between the three methods used. There was a significant positive correlation between daily media exposure assessed via the two observational methods, but neither significantly correlated with parental report. Infants experienced electronic media in Spanish and English, and the language of electronic media correlated with the language of paternal and maternal child-directed speech. Linear regression analyses controlling for demographics (infant age, sex, socioeconomic status) demonstrated a negative association between exposure to electronic media and parentese, as well as between exposure to electronic media and turn-taking. Exposure to electronic media was also negatively associated with infants' linguistic vocalizations. The present findings suggest that exposure to electronic media negatively impacts infant vocal activity by reducing parental parentese and parent-infant turn-taking, which are known to positively impact infants' linguistic, socioemotional, and cognitive development. This analysis is an important step forward in understanding Latinx infants' electronic media ecologies and their relation to language input and language development.",2022,08//,Infant Behavior & Development,68,,N.PAG-N.PAG,,10.1016/j.infbeh.2022.101740,158608082,#122,FerjanRamírez 2022,,
Maternal education influences Australian infants' language experience from six months.,"Dwyer, Anne; Jones, Caroline; Davis, Chris; Kitamura, Christine; Ching, Teresa Y. C.","Disparities in children's early language skills associated with socioeconomic factors have led to many studies examining children's early language environments, but few as yet in the first year of life. This longitudinal study assessed the home language environments of 50 Australian infants, who varied in maternal education (university education, or not). Full‐day audio recordings were collected and analyzed using the LENA system when infants were aged 6–9 months and 12–15 months. Using the device‐specific analysis software, we assessed 12‐h projected counts of (1) adult speech input, (2) conversational interactions, and (3) child vocalizations. At both ages, higher maternal education was associated with higher counts of adult words and conversational turns, but not child vocalizations. The study adds to the literature by demonstrating disparities in the infants' language experience within the first year of life, related to mothers' education, with implications for early intervention and parenting supports.",2019,01//,Infancy,24,1,90-100,,10.1111/infa.12262,133769326,#123,Dwyer 2019,,
Language Experience in the Second Year of Life and Language Outcomes in Late Childhood.,"Gilkerson, Jill; Richards, Jeffrey A.; Warren, Steven F.; Oller, D. Kimbrough; Russo, Rosemary; Vohr, Betty","OBJECTIVES: Quantity of talk and interaction in the home during early childhood is correlated with socioeconomic status (SES) and can be used to predict early language and cognitive outcomes. We tested the effectiveness of automated early language environment estimates for children 2 to 36 months old to predict cognitive and language skills 10 years later and examined effects for specific developmental age periods. METHODS: Daylong audio recordings for 146 infants and toddlers were completed monthly for 6 months, and the total number of daily adult words and adult-child conversational turnswere automatically estimated with Language Environment Analysis software. Follow-up evaluations at 9 to 14 years of age included language and cognitive testing. Language exposure for 3 age groups was assessed: 2 to 17 months, 18 to 24 months, and ≥25 months. Pearson correlations and multiple linear regression analyses were conducted. RESULTS: Conversational turn counts at 18 to 24 months of age accounted for 14% to 27% of the variance in IQ, verbal comprehension, and receptive and/or expressive vocabulary scores 10 years later after controlling for SES. Adult word counts between 18 and 24 months were correlated with language outcomes but were considerably weakened after controlling for SES. CONCLUSIONS: These data support the hypothesis that early talk and interaction, particularly during the relatively narrow developmental window of 18 to 24 months of age, can be used to predict school-age language and cognitive outcomes. With these findings, we underscore the need for effective early intervention programs that support parents in creating an optimal early language learning environment in the home.",2018,10//,Pediatrics,142,4,11-Jan,,10.1542/peds.2017-4276,132171269,#124,Gilkerson 2018,,
Using the Language Environment Analysis (LENA) system in preschool classrooms with children with autism spectrum disorders.,"Dykstra, Jessica R; Sabatos-DeVito, Maura G; Irvin, Dwight W; Boyd, Brian A; Hume, Kara A; Odom, Sam L",,2013,09//,Autism: The International Journal of Research & Practice,17,5,582-594,,10.1177/1362361312446206,104216649,#125,Dykstra 2013,,
How Much Do Parents Think They Talk to Their Child?,"Richards, Jeffrey A.; Gilkerson, Jill; Xu, Dongxin; Topping, Keith","This study investigated whether parent perceptions of their own and their child’s levels of talkativeness were related to objective measures recorded via the Language Environment Analysis (LENA) System. Parents of 258 children aged 7 to 60 months completed a questionnaire on which they rated how much they and their child talked. Six months previously, they had recorded in their home language environment using the LENA System. Compared with recording measures, parents tended to overestimate how much they talk to their child, but were somewhat closer when estimating their child’s talkativeness. Results were similar for a smaller sample with concurrent recordings, indicating that calibration of talk volubility is challenging without a reference standard. An important implication is that parents’ motivation to participate in language-focused interventions may be reduced. That is, parents who overestimate how much they talk to their child may also underestimate what they could do to enhance their child’s home language environment.",2017,09//,Journal of Early Intervention,39,3,163-179,,10.1177/1053815117714567,124476363,#126,Richards 2017,,
Toddler negative emotion expression and parent-toddler verbal conversation: Evidence from daylong recordings.,"Fields-Olivieri, Margaret A.; Cole, Pamela M.","Although early emotional and verbal development are thought to be related, emotional and verbal parent-toddler communication are often studied separately, and are frequently measured during brief, semi-structured tasks. Moreover, there is mixed, indirect evidence as to whether toddler negative emotions may elicit or disrupt parent-toddler verbal communication. To address these gaps, the present study used a wearable audio-recording and processing technology, Language Environment Analysis (LENA; Xu, Yapanel, & Gray, 2009), to sample full-day communication between twenty-five parents and their toddlers (12-23 months). We examined the extent to which toddler vocal negative emotion expressions (""cries""), relative to toddler (pre)-verbal vocalizations or adult speech, initiated, occurred within, or terminated parent-toddler conversation. We found that most (60%) toddler cries were involved in parent-toddler conversation. Toddler cries were unlikely to initiate conversations and, unexpectedly, were unlikely to terminate conversation. Conversations were most often initiated by toddler vocalizations and terminated by adult speech. Findings highlight the importance of measuring both emotional and verbal aspects of parent-toddler communication and the benefit of using sampling techniques that capture communication processes as they unfold in daily life.",2022,05//,Infant Behavior & Development,67,,N.PAG-N.PAG,,10.1016/j.infbeh.2022.101711,157388815,#127,Fields-Olivieri 2022,,
Exploring the acceptability of innovative technology: A pilot study using LENA with parents of young deaf children in the UK.,"Allen, Sarah; Crawford, Paul; Mulla, Imran","Early intervention is widely recommended for children at risk of difficulties with speech, language and communication. Evidence for effective practice remains limited due in part to inherent difficulties in defining complex interventions and measuring change. The innovative Language Environment Analysis (LENA) system has exciting potential for early intervention and for evaluating outcomes. LENA is used widely in the USA; however, there is little to guide the introduction of this new technology in the UK. Successful implementation of new technology is predicted by its perceived acceptability and usefulness. This qualitative pilot study aimed to explore the acceptability of LENA for UK families with a young deaf child. Four families used LENA to record for one day. They received and discussed LENA feedback reports with a specialist speech and language therapist. Using qualitative methodology with a pragmatic epistemology, semi-structured interviews were conducted and the data explored using thematic analysis. Three families were positive about using LENA; they identified benefits of the feedback, suggested important factors for future use and would recommend it to other families. One family chose not to complete the recording. Key to acceptability is parental understanding of LENA’s purpose and the need for a trusted professional to facilitate interpretation and change. LENA is acceptable for some UK families with a young deaf child suggesting there is potential for successful implementation. Further study to explore LENA’s usefulness is recommended.",2017,06//,Child Language Teaching & Therapy,33,2,117-128,,10.1177/0265659016671168,123488318,#128,Allen 2017,,
Caregiver-child interaction in children who are deaf or hard of hearing and children who are normally hearing: Preliminary data.,"Saetre-Turner, Michelle; Williams, Cori; Quail, Michelle","This pilot study investigated differences in the quality and quantity of caregiver-child interaction in the home language environment of children who are deaf or hard of hearing (A/ = 5) and normally hearing (N = 5) children. The language environment was analysed from audio recordings collected using the Language Environment Analysis (LENA) system on seven measures of interaction quality and three measures of language quantity. Measures of interaction quality were the number of: successful child and caregiver initiations, connected utterances, failed utterances, behavioural directives, caregiver expansions, and the ratio of successful child to caregiver initiations. Measures of language quantity were adult word count, conversational turn count, and child vocalisation count. This study is founded on emergentism theory, with the outcome measures selected to indicate the hypothesised relationship between hearing loss and the language environment. The interaction quality was less supportive of language development in the deaf or hard of hearing group on all but two measures: the number of failed utterances and the ratio of successful child to caregiver initiations. Language quantity was not significantly different between the groups. The findings have implications for intervention strategies for children who are deaf or hard of hearing, and support further analysis of the home language environment.",2015,10//,Journal of Clinical Practice in Speech-Language Pathology,17,3,144-150,,,110966525,#130,Saetre-Turner 2015,,
An Exploratory Study of “Quantitative Linguistic Feedback”: Effect of LENA Feedback on Adult Language Production.,"Suskind, Dana; Leffel, Kristin R.; Hernandez, Marc W.; Sapolich, Shannon G.; Suskind, Elizabeth; Kirkham, Erin; Meehan, Patrick","A child’s early language environment is critical to his or her life-course trajectory. Quantitative linguistic feedback utilizes the Language ENvironment Analysis (LENA) technology as a tool to analyze verbal interactions and reinforce behavior change. This exploratory pilot study evaluates the feasibility and efficacy of a novel behavior-change strategy, quantitative linguistic feedback, to influence adult linguistic behavior and, as a result, a child’s early language environment. Baseline LENA outcome measures (i.e., adult word count [AWC] and conversational turn count [CTC]) were obtained from a diverse sample of 17 nonparental caregivers and their typically developing children (charges) ages 10 to 40 months. Caregivers participated in a one-time educational intervention focusing on enriching a child’s home language environment, interpreting feedback from the baseline LENA recordings, and setting language goals for the following session. Post-intervention, six additional LENA recordings were obtained weekly to measure linguistic behavior. Caregivers showed a significant and prolonged increase from mean baseline to mean postintervention AWC and CTC as measured by LENA–AWC: mean difference = 395 words per hour, 31.6% increase, t = 3.29, p < .01; CTC: mean difference = 14 turns per hour, 24.9% increase, t = 3.54, p < .01. Preliminary results indicate that a one-time educational intervention combined with quantitative linguistic feedback may have a positive effect on caregiver language output, thus enhancing the child’s language environment. This study represents an initial step in the development and evaluation of a novel behavior-change strategy. We propose that quantitative linguistic feedback will add significantly to the arsenal of clinical and research tools used to evaluate and enrich a child’s early language environment.",2013,08//,Communication Disorders Quarterly,34,4,199-209,,10.1177/1525740112473146,88347119,#131,Suskind 2013,,
Using Language ENvironment Analysis to Improve Outcomes for Children Who Are Deaf or Hard of Hearing.,"Aragon, Miranda; Yoshinaga-Itano, Christine","Very little is known about the language environments of children in the United States in non-English-speaking homes. There is currently no published research that analyzes deaf or hard of hearing children in Spanish-speaking households, although the Colorado Home Intervention Program demographics indicate that these households account for 10 to 15% of the population of children who are deaf or hard of hearing. In other geographic regions in the United States, it is likely that the population of deaf and hard of hearing children from Spanish-speaking homes is considerably larger. The Spanish-speaking population in the United States has grown considerably within the last 5 to 10 years and will continue to expand. For these children to receive adequate treatment, research must be conducted to understand their language environment. The Language ENvironment Analysis (LENA) System uses a small recording device to collect, analyze, and sort a child's language environment into multiple categories and analyzes variables such as child vocalizations, adult words, and conversational turn taking. The normative data for the LENA System are from families who are English-speaking. The article demonstrates the feasibility of using the LENA System to gain understanding of the language environment of a child who is deaf or hard of hearing in a Spanish-speaking household.",2012,11//,Seminars in Speech & Language,33,4,340-353,,10.1055/s-0032-1326918,104431393,#132,Aragon 2012,,
Exposure to electronic media between 6 and 24 months of age: An exploratory study.,"Ferjan Ramírez, Naja; Hippe, Daniel S.; Shapiro, Naomi Tachikawa","This study explores the associations between electronic media exposure, age, and socioeconomic status (SES) in a longitudinal sample of 24 infants from English-speaking families. Leveraging Language ENvironment Analysis (LENA) technology, the study seeks to characterize the relation between electronic media exposure and parental and child vocal activity. We analyzed ecologically valid, daylong audio recordings collected in infants' homes when they were 6, 10, 14, 18, and 24 months old. SES was measured with the Hollingshead Index, and exposure to electronic media and adult and infant vocal activity were measured automatically with LENA. On average, the children in the sample were exposed to 58 min of electronic media daily. We found that electronic media exposure was negatively associated with SES and decreased with child age, but only amongst high-SES families. We also found that electronic media exposure negatively impacted concurrent adult and child vocal activity, irrespective of SES and infant age. The present findings are an important step forward in examining the role of demographic factors in exposure to electronic media and enhance our understanding of the mechanisms through which exposure to electronic media may impact linguistic development in infancy and beyond.",2021,05//,Infant Behavior & Development,63,,N.PAG-N.PAG,,10.1016/j.infbeh.2021.101549,150930083,#135,FerjanRamírez 2021,,
Cross-linguistic comparison of utterance shapes in Korean- and English-learning children: An ambient language effect.,"Ha, Seunghee; Johnson, Cynthia J.; Oller, Kimbrough D.; Yoo, Hyunjoo","This study compared vocal development in Korean- and English-learning infants and examined ambient-language effects focusing on predominant utterance shapes. Vocalization samples were obtained from 14 Korean-learning children and 14 English-learning children, who ranged in age from 9 to 21 months, in monolingual environments using day-long audio recordings. The analyzers, who were blind to participants' demographic information, identified utterance shapes to determine functional vocal repertoires through naturalistic listening simulating the caregiver's natural mode of listening. The results showed no cross-linguistic differences in the amount of vocal output or the proportion of canonical syllables. However, the infants from the two language backgrounds showed differences regarding the predominant canonical utterance shapes. The percentage of VCV utterances in Korean-learning children was higher than in English-learning children while CV syllables predominated in the English-learning children. We speculate that the difference between the predominant utterance shapes of Korean- and English-learning children could be associated with differences in early lexical items typically acquired in the two language groups.",2021,02//,Infant Behavior & Development,62,,N.PAG-N.PAG,,10.1016/j.infbeh.2021.101528,148987033,#136,Ha 2021,,
"Infant-adult vocal interaction dynamics depend on infant vocal type, child-directedness of adult speech, and timeframe.","Pretzer, Gina M.; Lopez, Lukas D.; Walle, Eric A.; Warlaumont, Anne S.","This study explored the temporal contingencies between infant and adult vocalizations as a function of the type of infant vocalization, whether adult caregivers' vocalizations were infant-directed or other-directed, and the timescale of analysis. We analyzed excerpts taken from day-long home audio recordings that were collected from nineteen 12- to 13-month-old American infants and their caregivers using the LENA system. Three 5-minute sections having high child vocalization rates were identified within each recording and coded by trained researchers. Infant and adult vocalizations were sequenced and defined as contingent if they occurred within 1 s, 2 s, or 5 s of each other. When using 1 s or 2 s definitions of temporal adjacency, infant vocalizations generally predicted subsequent infant-directed adult vocalizations. A reflexive vocalization (i.e. a cry or a laugh) was the strongest predictor. Likewise, within 1-2 s timeframes, infant-directed adult speech generally predicted infant vocalizations with reflexive vocalizations being particularly predictive. Infant vocalizations predicted fewer subsequent other-directed adult vocalizations and were less likely following other-directed adult vocalizations when considering up to 5 s lags. This suggests an understudied communicative role for infants of non-infant-directed adult speech. These results demonstrate the importance of timescale in studying infant-adult interactions, support the communicative significance of reflexive infant vocalizations and other-directed adult speech in addition to more commonly studied vocalization types, and highlight the challenges of determining direction(s) of influence when using only two-event sequences.",2019,11//,Infant Behavior & Development,57,,N.PAG-N.PAG,,10.1016/j.infbeh.2019.04.007,139768931,#141,Pretzer 2019,,
Automated Vocal Analysis of Children With Hearing Loss and Their Typical and Atypical Peers.,"VanDam, Mark; Oller, D Kimbrough; Ambrose, Sophie E; Gray, Sharmistha; Richards, Jeffrey A; Xu, Dongxin; Gilkerson, Jill; Silbert, Noah H; Moeller, Mary Pat","Objectives: This study investigated automatic assessment of vocal development in children with hearing loss compared with children who are typically developing, have language delays, and have autism spectrum disorder. Statistical models are examined for performance in a classification model and to predict age within the four groups of children.Design: The vocal analysis system analyzed 1913 whole-day, naturalistic acoustic recordings from 273 toddlers and preschoolers comprising children who were typically developing, hard of hearing, language delayed, or autistic.Results: Samples from children who were hard of hearing patterned more similarly to those of typically developing children than to the language delayed or autistic samples. The statistical models were able to classify children from the four groups examined and estimate developmental age based on automated vocal analysis.Conclusions: This work shows a broad similarity between children with hearing loss and typically developing children, although children with hearing loss show some delay in their production of speech. Automatic acoustic analysis can now be used to quantitatively compare vocal development in children with and without speech-related disorders. The work may serve to better distinguish among various developmental disorders and ultimately contribute to improved intervention.",2015,07//Jul/Aug2015,Ear & Hearing (01960202),36,4,e146-52,,10.1097/AUD.0000000000000138,109584427,#142,VanDam 2015,,
Detecting Cry in Daylong Audio Recordings Using Machine Learning: The Development and Evaluation of Binary Classifiers.,"Henry, Lauren M; Lee, Kyunghun; Hansen, Eleanor; Tandilashvili, Elizabeth; Rozsypal, James; Erjo, Trinity; Raven, Julia G; Reynolds, Haley M; Curtis, Philip; Haller, Simone P; Pine, Daniel S; Norton, Elizabeth S; Wakschlag, Lauren S; Pereira, Francisco; Brotman, Melissa A","Atypical cry in infants/toddlers may serve as early, ecologically valid, and scalable indicators of irritability, a transdiagnostic mental health risk marker. Machine learning may identify cry in daylong audio recordings toward predicting outcomes. We developed a novel cry detection algorithm and evaluated performance against our reimplementation of an existing algorithm. In PyTorch, we reimplemented a support vector machine classifier that uses acoustic and deep spectral features from a modified AlexNet. We developed a novel classifier combining wav2vec 2.0 with conventional audio features and gradient boosting machines. Both classifiers were trained and evaluated using a previously annotated open-source data set (N = 21). In a new data set (N = 100), we annotated cry and examined the performance of both classifiers in identifying this ground truth. The existing and novel algorithms performed well in identifying ground truth cry in both the data set in which they were developed (AUCs = 0.897, 0.936) and the new data set (AUCs = 0.841, 0.902), underscoring generalization to unseen data. Bayesian comparison demonstrated that the novel algorithm outperformed the existing algorithm, which can be attributed to the novel algorithm's feature space and use of gradient boosting machines. This research provides a foundation for efficient detection of atypical cry patterns, with implications for earlier identification of dysregulated irritability presaging psychopathology.",2025,/,Assessment,,"c1b, 9431219",1.07319E+16,,https://dx.doi.org/10.1177/10731911251395993,41468386,#144,Henry 2025,,
Using Language Environment Analysis System (LENA) in Natural Settings to Characterize Outcomes of Pivotal Response Treatment.,"Ferguson, Emily F; Steele, Morgan; Schuck, Rachel K; Millan, Maria Estefania; Libove, Robin A; Phillips, Jennifer M; Gengoux, Grace W; Hardan, Antonio Y","PURPOSE: Despite the importance of monitoring changes in expressive language in early intervention, existing approaches to language assessment are often costly, time-intensive, and capture limited variability in autistic children. The Language ENvironmental Analysis (LENA) system has thus received considerable attention as an automated approach that may hold promise for capturing fine-grained changes in language development in a more efficient and cost-effective manner. However, evaluations of the utility of the LENA system for tracking response to early intervention in unstructured contexts are currently limited., METHODS: This study aimed to build on prior research through evaluating the use of LENA in the context of a well-defined clinical sample from a randomized controlled trial (RCT) of Pivotal Response Treatment (PRT) that demonstrated expressive language gains across standardized and manually-coded measures., RESULTS: Exploration of automatically-derived LENA metrics (i.e., child vocalizations, conversational turns) revealed no significant association with standardized language assessments (i.e., Mullen expressive language subscale, MacArthur Bates Communicative Development Inventory, Vineland-II expressive language subscale). Furthermore, relative to the delayed treatment group, children participating in PRT did not show significantly greater improvement in the number of vocalizations or conversational turns during naturalistic, daylong LENA recordings collected in home settings from baseline to post-intervention., CONCLUSION: Implications and future directions for natural language sampling and the measurement of expressive language in early intervention are discussed. Copyright © 2025. The Author(s), under exclusive licence to Springer Science+Business Media, LLC, part of Springer Nature.",2025,/,Journal of autism and developmental disorders,,"7904301, hgw",,,https://dx.doi.org/10.1007/s10803-025-06740-z,40024967,#145,Ferguson 2025,,
"Improving the language environment for children with cochlear implants, using the LENA language and environment analysis system - A CONSORT analysis.","Lathuilliere, M; Prang, I; Picot, M-C; Macioce, V; Mondain, M; Loundon, N","OBJECTIVES: To assess the contribution of family counseling based on Language and Environment Analysis (LENA) recording data to improving the language environment of children with cochlear implants., MATERIAL AND METHODS: Cochlear implanted children with prelingual deafness were included from 2 French cochlear implant centers and randomized between 2 age-matched groups: intervention and control. LENA recording and lexical assessment (PPVT-R or GAEL-P) were performed at T1 and, 5 months later, T2. Between the two, intervention group families received feedback from the LENA recording and parental counseling., ENDPOINTS: The main endpoint was improvement in language environment after LENA-based family counseling: adult word count (AWC), child vocalizations (CV), conversational turns (CT), and TV/media exposure (TV). Secondary endpoints comprised feasibility of LENA and the impact of the language environment on language reception (PPVT-R and GAEL-P scores)., RESULTS: Eighty-three of the 90 included children were analyzed. Mean age was 39+/-14.2 months, with 43 boys. Between T1 and T2, CT increased by 15 percentiles in the intervention group, in contrast to a median 0 change in controls (P=0.03). For the other 3 LENA parameters (CV, AWC, TV), median change was zero, in both groups. Mean implant acceptability rating was 83%. Lexical reception scores correlated positively with CV (r=0.37, P<0.01), AWC (r=0.31, P<0.01) and CT (r=0.41, P<0.01) but not with TV (r=0.11, P=0.33)., CONCLUSION: The LENA system can help parents optimize the child's language environment, and thus oral language development, particularly in young children. Copyright © 2025 Elsevier Masson SAS. All rights reserved.",2025,/,"European annals of otorhinolaryngology, head and neck diseases",142,6,288-293,,https://dx.doi.org/10.1016/j.anorl.2025.04.004,40268576,#147,Lathuilliere 2025,,
From Hospital to Home: Continuity Between Skin-to-Skin Care and Later Verbal Engagement in Infants Born Preterm.,"Rios, Pamela M; Marchman, Virginia A; Lazarus, Molly F; Ontiveros Perez, Nuria L; Scala, Melissa; Travis, Katherine E; Feldman, Heidi M",This descriptive cohort study documented continuity between family-delivered skin-to-skin care rates for preterm infants in the neonatal intensive care unit and amounts of child-directed speech at child age 9 months. Involvement in skin-to-skin care may be an early marker of caregiver-infant engagement and a target for early interventions that support positive caregiver-infant interactions. Copyright © 2025 Elsevier Inc. All rights reserved.,2026,/,The Journal of pediatrics,288,"jlz, 0375410",114837,,https://dx.doi.org/10.1016/j.jpeds.2025.114837,41016462,#148,Rios 2026,,
Applying an Automatic Classifier for Child-Directed Speech to Intervention Research: A Reanalysis.,"Ferjan Ramirez, Naja; Claflin, Aeddan","Parental language input is a key predictor of child language achievement. Parentese is a widely used style of child-directed speech (CDS) distinguished by a higher pitch and larger pitch range. A recent parent coaching randomized control trial (Parentese-RCT) demonstrated that English-speaking US parents who were coached to use parentese with their 6- to 18-month-olds increased the frequency of its use; their children showed enhanced language outcomes at 18 months. While these results are exciting, a roadblock in scaling this intervention is the fact that parentese has to be manually identified from daylong LENA recordings. Here we demonstrate that a newly developed CDS classifier captures the effect of this Parentese-RCT without human annotation, through a new variable: Proportion of CDS relative to all adult speech (CDS-Proportion). Two daylong recordings per child (N = 70) per timepoint (child age: 6, 10, 14, and 18 months) from the Parentese-RCT were re-analyzed by removing periods of sleep and estimating CDS-Proportion through the classifier. As was the case for parentese in the Parentese-RCT, CDS-Proportion was significantly enhanced in the intervention group. Moreover, the change over time in CDS-Proportion was significantly and positively correlated with infants' word use at 18 months. We emphasize that the classifier does not ""recognize parentese."" Likewise, CDS-Proportion is not a proxy for parentese, but rather, a variable related to parentese in complex ways. The present findings suggest a promising future for scalability of interventions using daylong recordings in combination with novel technologies. SUMMARY: Language interventions promote verbal engagement between caregivers and children; however, to be effective, these interventions need to be scalable. Language interventions have relied on manual (human) annotation to identify parental language behaviors that are linked to children's outcomes. An automated classifier for Child-Directed-Speech was applied to capture the effect of a previously published parent-coaching intervention, without human annotation. Novel technologies have the potential to enhance the scalability of parent interventions that focus on social language behaviors. Copyright © 2025 John Wiley & Sons Ltd.",2025,/,Developmental science,28,6,e70079,,https://dx.doi.org/10.1111/desc.70079,41081463,#151,FerjanRamirez 2025,,
The Language ENvironment Analysis (LENA) System in Toddlers With Early Indicators of Autism: Test-Retest Reliability and Convergent Validity With Clinical Language Assessments.,"Nadwodny, Nicole; Yoder, Paul J; Ingersoll, Brooke R; Wainer, Allison L; Stone, Wendy L; Eisenhower, Abbey; Carter, Alice S","Clinical language assessments often influence the types of services that autistic children are eligible to receive. However, these assessments often take place outside of the child's natural language environment. In this study, we assess the potential of using naturalistic language processing technology, the Language ENvironment Analysis (LENA) system, in clinical research. Within a sample of caregivers and autistic toddlers aged 16-33 months (N = 100), the current study examined associations between all LENA-generated variables and two clinical assessments of language: the Vineland Adaptive Behavior Scales, Third Edition: Communication Domain and the MacArthur Bates Communicative Development Inventories: Vocabulary Checklist. We also evaluated LENA test-retest reliability in a subsample of participants (n = 81). Some LENA-generated variables-specifically, the Conversational Turn Count, Vocal Productivity, and Automated Vocalization Assessment-exhibited small-to-moderate significant positive correlations with clinical language assessment variables. Additionally, all LENA-generated variables demonstrated moderate-to-good test-retest reliability within a 2-week period. To our knowledge, this is the first study that examines the psychometric properties of all LENA-generated variables in a single large sample. Findings show promising evidence of LENA's utility as a source of naturalistic language data for research with autistic toddlers. Trial Registration: ClinicalTrials.gov identifier: NCT05114538 (""Improving the Part C Early Intervention Service Delivery System for Children with ASD""). Copyright © 2025 The Author(s). Autism Research published by International Society for Autism Research and Wiley Periodicals LLC.",2025,/,Autism research : official journal of the International Society for Autism Research,18,8,1568-1579,,https://dx.doi.org/10.1002/aur.70062,40452405,#154,Nadwodny 2025,,
From data to discovery: Technology propels speech-language research and theory-building in developmental science.,"Laudanska, Zuzanna; Caunt, Anna; Cristia, Alejandrina; Warlaumont, Anne; Patsis, Katerina; Tomalski, Przemyslaw; Warreyn, Petra; Abney, Drew H; Borjon, Jeremy I; Airaksinen, Manu; Jones, Emily Jh; Bolte, Sven; Dall, Magdalena; Holzinger, Daniel; Poustka, Luise; Roeyers, Herbert; Wass, Sam; Zhang, Dajie; Marschik, Peter B","Research on speech and language development has a long history, but in the past decade, it has been transformed by advances in recording technologies, analysis and classification tools, and AI-based language models. We conducted a systematic literature review to identify recently developed (semi-)automatic tools for studying speech-language development and learners' environments in infants and children under the age of 5 years. The Language ENvironment Analysis (LENA) system has been the most widely used tool, with more and more alternative free- and/or open-source tools emerging more recently. Most studies were conducted in naturalistic settings, mostly recording longer time periods (daylong recordings). In the context of vulnerable and clinical populations, most research so far has focused on children with hearing loss or autism. Our review revealed notable gaps in the literature regarding cultural, linguistic, geographic, clinical, and social diversity. Additionally, we identified limitations in current technology-particularly on the software side-that restrict researchers from fully leveraging real-world audio data. Achieving global applicability and accessibility in daylong recordings will require a comprehensive approach that combines technological innovation, methodological rigour, and ethical responsibility. Enhancing inclusivity in participant samples, simplifying tool access, addressing data privacy, and broadening clinical applications can pave the way for a more complete and equitable understanding of early speech and language development. Automatic tools that offer greater efficiency and lower cost have the potential to make science in this research area more geographically and culturally diverse, leading to more representative theories about language development. Copyright © 2025 The Authors. Published by Elsevier Ltd.. All rights reserved.",2025,/,Neuroscience and biobehavioral reviews,174,"oa7, 7806090",106199,,https://dx.doi.org/10.1016/j.neubiorev.2025.106199,40334832,#158,Laudanska 2025,,
Parentese Elicits Infant Speech-Like Vocalizations in Typically Developing and Autistic Infants.,"Su, Pumpki Lei; Ramsay, Gordon; Bene, Edina R; Yoo, Hyunjoo; Long, Helen L; Klaiman, Cheryl; Pulver, Stormi L; Richardson, Shana; Pileggi, Moira L; Brane, Natalie; Oller, D Kimbrough","Caregivers across many cultures modify their speech when interacting with infants or young children. This type of speech, commonly known as ""parentese"", is characterized by greater pitch variations, longer duration, and louder volume compared to speech directed to adults. Parentese has been found to facilitate language learning. It has been proposed that parentese may benefit early language development because its exaggerated prosody encourages infants to interact with caregivers. We tested this hypothesis by investigating if parentese temporally elicits infant speech-like vocalization in typically developing (TD) and in autistic infants using sequential analysis. We compared caregiver-child vocal contingencies coded from 847 days-long recordings of 103 TD infants and 44 infants with a confirmed diagnosis of autism spectrum disorder (ASD) at 3 years. Findings revealed that infants were more likely to produce a speech-like vocalization following an adult utterance directed to them in parentese compared to an adult utterance directed to them in adult register. Additionally, the strength of the sequential association between parentese or adult register and infant speech-like vocalization did not differ across diagnostic groups. These findings support the notion that parentese may facilitate language learning via encouraging infants to respond and interact with their conversation partner. Copyright © 2025 International Congress of Infant Studies.",2025,/,Infancy : the official journal of the International Society on Infant Studies,30,3,e70022,,https://dx.doi.org/10.1111/infa.70022,40342200,#160,Su 2025,,
Exposure to Audiovisual Media and Its Role in Toddlers' Language Development.,"Novikova, Ekaterina; Su, Pumpki Lei; Morini, Giovanna","AIM: This study examined (i) whether the amount of audiovisual media exposure predicts child language use, language input and language interaction, and (ii) the role of the media programme type (child-oriented educational, child-oriented entertainment, adult-oriented) in relation to parent-child language., METHODS: Using Language Environment Analysis (LENA) recorders, we collected day-long language recordings in homes of families with children in the U.S. Human coding of entire recordings was used to capture the amount of total media exposure and programme type for child language environment. Automated measures of language (child vocalisations, adult word count, conversational turns) were obtained from LENA recordings. The study included 29 children (12 girls [41.38%]; mean [SD] age 25.28 months [3.01])., RESULTS: Regression analyses showed that higher total audiovisual media time was associated with lower child language use, language input and language interaction. Higher child-oriented entertainment media time was also associated with lower child language use, language input and language interaction, while adult-oriented media time was associated with lower child language use and language interaction., CONCLUSION: It is recommended that practitioners communicate the importance of caregiver-child interactions as well as media timing and content management to families with young children. Copyright © 2025 Foundation Acta Paediatrica. Published by John Wiley & Sons Ltd.",2025,/,"Acta paediatrica (Oslo, Norway : 1992)",114,7,1602-1608,,https://dx.doi.org/10.1111/apa.70000,39902818,#163,Novikova 2025,,
Early developmental changes in infants' vocal responses in interactions with caregivers.,"Jeong, Yulim; Ha, Seunghee","OBJECTIVES: The study aimed to explore the developmental trajectory of infants' vocal responses and the temporal characteristics of vocal interactions between infants and caregivers in natural home environments, focusing specifically on Korean infants aged 3, 6, 9, and 12 months., METHODS: One-day home recordings were collected using a LENA recorder at ages 3, 6, 9, and 12 months for each infant. In-depth analyses of the LENA recordings were conducted on 20 5-minute segments that showed the highest conversational turn counts, as determined by the LENA automated analysis. The temporal characteristics of infant vocalizations during interactions with caregivers were examined through infant vocal response, vocal response latency, and overlapping vocalizations., RESULTS: The results indicated that the proportion of infant vocal responses following adult speech differed across age groups. Specifically, the highest proportion was observed at 3 months, with a noticeable decrease at 6 and 9 months, and a slight increase at 12 months. Infant vocal response latency increased with age, indicating longer response delays as infants got older. The proportion of overlapping vocalizations was consistent among 3, 6, and 9-month-olds but decreased significantly at 12 months., CONCLUSION: These findings highlight distinct changes in infant vocal interactions during the first year of life. Although the analysis was cross-sectional, the observed patterns suggest developmental changes in the timing and structure of vocal response as infants age. This study indicates that infants adapt their vocal interactions in response to caregivers' speech, which may reflect a gradual learning of conversational coordination. Copyright © 2024 Elsevier Inc. All rights reserved.",2025,/,Infant behavior & development,78,7806016,102022,,https://dx.doi.org/10.1016/j.infbeh.2024.102022,39700754,#164,Jeong 2025,,
Comparison of speech and music input in North American infants' home environment over the first 2 years of life.,"Hippe, Lindsay; Hennessy, Victoria; Ramirez, Naja Ferjan; Zhao, T Christina","Infants are immersed in a world of sounds from the moment their auditory system becomes functional, and experience with the auditory world shapes how their brain processes sounds in their environment. Across cultures, speech and music are two dominant auditory signals in infants' daily lives. Decades of research have repeatedly shown that both quantity and quality of speech input play critical roles in infant language development. Less is known about the music input infants receive in their environment. This study is the first to compare music input to speech input across infancy by analyzing a longitudinal dataset of daylong audio recordings collected in English-learning infants' home environments, at 6, 10, 14, 18, and 24 months of age. Using a crowdsourcing approach, 643 naive listeners annotated 12,000 short snippets (10 s) randomly sampled from the recordings using Zooniverse, an online citizen-science platform. Results show that infants overall receive significantly more speech input than music input and the gap widens as the infants get older. At every age point, infants were exposed to more music from an electronic device than an in-person source; this pattern was reversed for speech. The percentage of input intended for infants remained the same over time for music while that percentage significantly increased for speech. We propose possible explanations for the limited music input compared to speech input observed in the present (North American) dataset and discuss future directions. We also discuss the opportunities and caveats in using a crowdsourcing approach to analyze large audio datasets. A video abstract of this article can be viewed at https://youtu.be/lFj_sEaBMN4 RESEARCH HIGHLIGHTS: This study is the first to compare music input to speech input in infants' natural home environment across infancy. We utilized a crowdsourcing approach to annotate a longitudinal dataset of daylong audio recordings collected in North American home environments. Our main results show that infants overall receive significantly more speech input than music input. This gap widens as the infants get older. Our results also showed that the music input was largely from electronic devices and not intended for the infants, a pattern opposite to speech input. Copyright © 2024 John Wiley & Sons Ltd.",2024,/,Developmental science,27,5,e13528,,https://dx.doi.org/10.1111/desc.13528,38770599,#166,Hippe 2024,,
Establishing the reliability of metrics extracted from long-form recordings using LENA and the ACLEW pipeline.,"Cristia, Alejandrina; Gautheron, Lucas; Zhang, Zixing; Schuller, Bjorn; Scaff, Camila; Rowland, Caroline; Rasanen, Okko; Peurey, Loann; Lavechin, Marvin; Havard, William; Fausey, Caitlin M; Cychosz, Margaret; Bergelson, Elika; Anderson, Heather; Al Futaisi, Najla; Soderstrom, Melanie","Long-form audio recordings are increasingly used to study individual variation, group differences, and many other topics in theoretical and applied fields of developmental science, particularly for the description of children's language input (typically speech from adults) and children's language output (ranging from babble to sentences). The proprietary LENA software has been available for over a decade, and with it, users have come to rely on derived metrics like adult word count (AWC) and child vocalization counts (CVC), which have also more recently been derived using an open-source alternative, the ACLEW pipeline. Yet, there is relatively little work assessing the reliability of long-form metrics in terms of the stability of individual differences across time. Filling this gap, we analyzed eight spoken-language datasets: four from North American English-learning infants, and one each from British English-, French-, American English-/Spanish-, and Quechua-/Spanish-learning infants. The audio data were analyzed using two types of processing software: LENA and the ACLEW open-source pipeline. When all corpora were included, we found relatively low to moderate reliability (across multiple recordings, intraclass correlation coefficient attributed to the child identity [Child ICC], was < 50% for most metrics). There were few differences between the two pipelines. Exploratory analyses suggested some differences as a function of child age and corpora. These findings suggest that, while reliability is likely sufficient for various group-level analyses, caution is needed when using either LENA or ACLEW tools to study individual variation. We also encourage improvement of extant tools, specifically targeting accurate measurement of individual variation. Copyright © 2024. The Psychonomic Society, Inc.",2024,/,Behavior research methods,56,8,8588-8607,,https://dx.doi.org/10.3758/s13428-024-02493-2,39304601,#167,Cristia 2024,,
Daylong egocentric recordings in small- and large-scale language communities: A practical introduction.,"Casillas, Marisa; Casey, Kennedy","Daylong egocentric (i.e., participant-centered) recordings promise an unprecedented view into the experiences that drive early language learning, impacting both assumptions and theories about how learning happens. Thanks to recent advances in technology, collecting long-form audio, photo, and video recordings with child-worn devices is cheaper and more convenient than ever. These recording methods can be similarly deployed across small- and large-scale language communities around the world, opening up enormous possibilities for comparative research on early language development. However, building new high-quality naturalistic corpora is a massive investment of time and money. In this chapter, we provide a practical look into considerations relevant for developing and managing daylong egocentric recording projects: Is it possible to re-use existing data? How much time will manual annotation take? Can automated tools sufficiently tackle the questions at hand? We conclude by outlining two exciting directions for future naturalistic child language research. Copyright © 2024. Published by Elsevier Inc.",2024,/,Advances in child development and behavior,66,"2k7, 0370417",29-53,,https://dx.doi.org/10.1016/bs.acdb.2024.05.002,39074924,#169,Casillas 2024,,
Understanding allostasis: Early-life self-regulation involves both up- and down-regulation of arousal.,"Wass, S V; Mirza, F U; Smith, C","Optimal performance lies at intermediate autonomic arousal, but no previous research has examined whether the emergence of endogenous control associates with changes in children's up-regulation from hypo-arousal, as well as down-regulation from hyper-arousal. We used wearables to take day-long recordings from N = 58, 12-month-olds (60% white/58% female); and, in the same infants, we measured self-regulation in the lab with a still-face paradigm. Overall, our findings suggest that infants who showed more self-regulatory behaviors in the lab were more likely to actively change their behaviors in home settings moment-by-moment ""on the fly"" following changes in autonomic arousal, and that these changes result in up- as well as down-regulation. Implications for the role of atypical self-regulation in later psychopathology are discussed. Copyright © 2024 The Author(s). Child Development published by Wiley Periodicals LLC on behalf of Society for Research in Child Development.",2024,/,Child development,95,6,2000-2014,,https://dx.doi.org/10.1111/cdev.14136,39056636,#171,Wass 2024,,
Evaluating Users' Experiences of a Child Multimodal Wearable Device: Mixed Methods Approach.,"McElwain, Nancy L; Fisher, Meghan C; Nebeker, Camille; Bodway, Jordan M; Islam, Bashima; Hasegawa-Johnson, Mark","BACKGROUND: Wearable devices permit the continuous, unobtrusive collection of data from children in their natural environments and can transform our understanding of child development. Although the use of wearable devices has begun to emerge in research involving children, few studies have considered families' experiences and perspectives of participating in research of this kind., OBJECTIVE: Through a mixed methods approach, we assessed parents' and children's experiences of using a new wearable device in the home environment. The wearable device was designed specifically for use with infants and young children, and it integrates audio, electrocardiogram, and motion sensors., METHODS: In study 1, semistructured phone interviews were conducted with 42 parents of children aged 1 month to 9.5 years who completed 2 day-long recordings using the device, which the children wore on a specially designed shirt. In study 2, a total of 110 parents of children aged 2 months to 5.5 years responded to a questionnaire assessing their experience of completing 3 day-long device recordings in the home. Guided by the Digital Health Checklist, we assessed parental responses from both studies in relation to the following three key domains: (1) access and usability, (2) privacy, and (3) risks and benefits., RESULTS: In study 1, most parents viewed the device as easy to use and safe and remote visits as convenient. Parents' views on privacy related to the audio recordings were more varied. The use of machine learning algorithms (vs human annotators) in the analysis of the audio data, the ability to stop recordings at any time, and the view that the recordings reflected ordinary family life were some reasons cited by parents who expressed minimal, if any, privacy concerns. Varied risks and benefits were also reported, including perceived child comfort or discomfort, the need to adjust routines to accommodate the study, the understanding gained from the study procedures, and the parent's and child's enjoyment of study participation. In study 2, parents' ratings on 5 close-ended items yielded a similar pattern of findings. Compared with a ""neutral"" rating, parents were significantly more likely to agree that (1) device instructions were helpful and clear (t109=-45.98; P<.001), (2) they felt comfortable putting the device on their child (t109=-22.22; P<.001), and (3) they felt their child was safe while wearing the device (t109=-34.48; P<.001). They were also less likely to worry about the audio recordings gathered by the device (t108=6.14; P<.001), whereas parents' rating of the burden of the study procedures did not differ significantly from a ""neutral"" rating (t109=-0.16; P=.87)., CONCLUSIONS: On the basis of parents' feedback, several concrete changes can be implemented to improve this new wearable platform and, ultimately, parents' and children's experiences of using child wearable devices in the home setting. Copyright ©Nancy L McElwain, Meghan C Fisher, Camille Nebeker, Jordan M Bodway, Bashima Islam, Mark Hasegawa-Johnson. Originally published in JMIR Human Factors (https://humanfactors.jmir.org), 08.02.2024.",2024,/,JMIR human factors,11,101666561,e49316,,https://dx.doi.org/10.2196/49316,38329785,#173,McElwain 2024,,
It takes a village: Caregiver diversity and language contingency in the UK and rural Gambia.,"Katus, Laura; Crespo-Llado, Maria M; Milosavljevic, Bosiljka; Saidykhan, Mariama; Njie, Omar; Fadera, Tijan; McCann, Samantha; Acolatse, Lena; Perapoch Amado, Marta; Rozhko, Maria; Moore, Sophie E; Elwell, Clare E; Lloyd-Fox, Sarah","INTRODUCTION: There is substantial diversity within and between contexts globally in caregiving practices and family composition, which may have implications for the early interaction's infants engage in. We draw on data from the Brain Imaging for Global Health (BRIGHT, www.globalfnirs.org/the-bright-project) project, which longitudinally examined infants in the UK and in rural Gambia, West Africa. In The Gambia, households are commonly characterized by multigenerational, frequently polygamous family structures, which, in part, is reflected in the diversity of caregivers a child spends time with. In this paper, we aim to 1) evaluate and validate the Language Environment Analysis (LENA) for use in the Mandinka speaking families in The Gambia, 2) examine the nature (i.e., prevalence of turn taking) and amount (i.e., adult and child vocalizations) of conversation that infants are exposed to from 12 to 24 months of age and 3) investigate the link between caregiver diversity and child language outcomes, examining the mediating role of contingent turn taking., METHOD: We obtained naturalistic seven-hour-long LENA recordings at 12, 18 and 24 months of age from a cohort of N = 204 infants from Mandinka speaking households in The Gambia and N = 61 infants in the UK. We examined developmental changes and site differences in LENA counts of adult word counts (AWC), contingent turn taking (CTT) and child vocalizations (CVC). In the larger and more heterogenous Gambian sample, we also investigated caregiver predictors of turn taking frequency. We hereby examined the number of caregivers present over the recording day and the consistency of caregivers across two subsequent days per age point. We controlled for children's cognitive development via the Mullen Scales of Early Learning (MSEL)., RESULTS: Our LENA validation showed high internal consistency between the human coders and automated LENA outputs (Cronbach's alpha's all >.8). All LENA counts were higher in the UK compared to the Gambian cohort. In The Gambia, controlling for overall neurodevelopment via the MSEL, CTT at 12 and 18 months predicted CVC at 18 and 24 months. Caregiver consistency was associated with CTT counts at 18 and 24 months. The number of caregivers and CTT counts showed an inverted u-shape relationship at 18 and 24 months, with an intermediate number of caregivers being associated with the highest CTT frequencies. Mediation analyses showed a partial mediation by number of caregivers and CTT and 24-month CVC., DISCUSSION: The LENA provided reliable estimates for the Mandinka language in the home recording context. We showed that turn taking is associated with subsequent child vocalizations and explored contextual caregiving factors contributing to turn taking in the Gambian cohort. Copyright © 2023 The Authors. Published by Elsevier Inc. All rights reserved.",2024,/,Infant behavior & development,74,7806016,101913,,https://dx.doi.org/10.1016/j.infbeh.2023.101913,38056188,#174,Katus 2024,,
Mother-infant social and language interactions at 3 months are associated with infants' productive language development in the third year of life.,"Endevelt-Shapira, Yaara; Bosseler, Alexis N; Mizrahi, Julia C; Meltzoff, Andrew N; Kuhl, Patricia K","Previous studies underscore the importance of social interactions for child language development-particularly interactions characterized by maternal sensitivity, infant-directed speech (IDS), and conversational turn-taking (CT) in one-on-one contexts. Although infants engage in such interactions from the third month after birth, the prospective link between speech input and maternal sensitivity in the first half year of life and later language development has been understudied. We hypothesized that social interactions embodying maternal sensitivity, IDS and CTs in the first 3 months of life, are significantly associated with later language development and tested this using a longitudinal design. Using a sample of 40 3-month-old infants, we assessed maternal sensitivity during a structured mother-infant one-on-one (1:1) interaction based on a well-validated scoring system (the Coding Interactive Behavior system). Language input (IDS, CT) was assessed during naturally occurring interactions at home using the Language ENvironment Analysis (LENA) system. Language outcome measures were obtained from 18 to 30 months of age using the MacArthur-Bates Communicative Development Inventory. Three novel findings emerged. First, maternal sensitivity at 3 months was significantly associated with infants' productive language scores at 18, 21, 24, 27, and 30 months of age. Second, LENA-recorded IDS during mother-infant 1:1 interaction in the home environment at 3 months of age was positively correlated with productive language scores at 24, 27, and 30 months of age. Third, mother-infant CTs during 1:1 interaction was significantly associated with infants' productive language scores at 27 and 30 months of age. We propose that infants' social attention to speech during this early period-enhanced by sensitive maternal one-on-one interactions and IDS-are potent factors in advancing language development. Copyright © 2024 The Authors. Published by Elsevier Inc. All rights reserved.",2024,/,Infant behavior & development,75,7806016,101929,,https://dx.doi.org/10.1016/j.infbeh.2024.101929,38581728,#175,Endevelt-Shapira 2024,,
A comparison of automatic and manual measures of turn-taking in monolingual and bilingual contexts.,"Ferjan Ramirez, Naja; Hippe, Daniel S; Braverman, Adeline; Weiss, Yael; Kuhl, Patricia K","The Language ENvironment Analysis system (LENA) records children's language environment and provides an automatic estimate of adult-child conversational turn count (CTC) by automatically identifying adult and child speech in close temporal proximity. To assess the reliability of this measure, we examine correlation and agreement between LENA's CTC estimates and manual measurement of adult-child turn-taking in two corpora collected in the USA: a bilingual corpus of Spanish-English-speaking families with infants between 4 and 22 months (n = 37), and a corpus of monolingual families with English-speaking 5-year-olds (n = 56). In each corpus for each child, 100 30-second segments were extracted from daylong recordings in two ways, yielding a total of 9300 minutes of manually annotated audio. LENA's CTC estimate for the same segments was obtained through the LENA software. The two measures of CTC had low correlations for the segments from the monolingual 5-year-olds sampled in both ways, and somewhat higher correlations for the bilingual samples. LENA substantially overestimated CTC on average, relative to manual measurement, for three out of four analysis conditions, and limits of agreement were wide in all cases. Segment-level analyses demonstrated that accidental contiguity had the largest individual impact on LENA's average CTC error, affecting 12-17% of analyzed segments. Other factors significantly contributing to CTC error were speech from other children, presence of multiple adults, and presence of electronic media. These results indicate wide discrepancies between LENA's CTC estimates and manual CTCs, and call into question the comparability of LENA's CTC measure across participants, conditions, and developmental time points. Copyright © 2023. The Psychonomic Society, Inc.",2024,/,Behavior research methods,56,3,1936-1952,,https://dx.doi.org/10.3758/s13428-023-02127-z,37145293,#183,FerjanRamirez 2024,,
Parental verbal responsiveness to infant vocalizations from 9 to 14 months of age.,"Lee, Yuran; Ha, Seunghee","Parental communication styles and language usage may undergo changes during the course of child development, exhibiting variations across language backgrounds and cultures. This study aimed to explore how infant-parent interactions within Korean-speaking environments evolve over time through meticulous coding of day-long home audio recordings. The study examined whether the ratio and types of parental verbal responses vary based on infants' age and vocalization types. A total of 16 infants and their parents participated in all-day home recordings using the Language Environment Analysis (LENA) system. The recordings were conducted in two rounds per family when the infants were aged 9-11 months and 12-14 months, with a three-month gap between each round. The frequency and types of infant vocalizations were analyzed and the contingency and types of parental verbal responsiveness were determined based on semantic and phonetic connection, as well as temporal appropriateness. The results showed that parents did not verbally respond to approximately 50 % of the infant vocalizations in the natural home environment. However, parents' lack of verbal responses decreased significantly, and their contingent responses increased significantly with infant age. Parents were also not selectively responsive to infants' canonical vocalizations over non-canonical vocalizations. Nevertheless, parents demonstrated a higher frequency of responses that were not only linguistically meaningful but also socially appropriate and contextually relevant to infants' vocalizations as infants developed, which may play a significant role in scaffolding speech and language development. Copyright © 2023 Elsevier Inc. All rights reserved.",2023,/,Infant behavior & development,73,7806016,101886,,https://dx.doi.org/10.1016/j.infbeh.2023.101886,37717455,#184,Lee 2023,,
Concurrent and prospective associations between infant frontoparietal and default mode network connectivity and negative affectivity.,"Ravi, Sanjana; Catalina Camacho, M; Fleming, Brooke; Scudder, Michael R; Humphreys, Kathryn L","Emotion dysregulation is linked to differences in frontoparietal (FPN) and default mode (DMN) brain network functioning. These differences may be identifiable early in development. Temperamental negative affectivity has been identified as a precursor to later emotion dysregulation, though the underlying neurodevelopmental mechanism is unknown. The present study explores concurrent and prospective associations between FPN and DMN connectivity in infants and measures of negative affectivity. 72 infants underwent 5.03-13.28 min of resting state fMRI during natural sleep (M+/-SD age=4.90 +/- 0.84 weeks; 54% male; usable data=9.92 +/- 2.15 min). FPN and DMN intra- and internetwork connectivity were computed using adult network assignments. Crying was obtained from both parent-report and day-long audio recordings. Temperamental negative affectivity was obtained from a parent-report questionnaire. In this preregistered study, based on analyses conducted with a subset of this data (N = 32), we hypothesized that greater functional connectivity within and between FPN and DMN would be associated with greater negative affectivity. In the full sample we did not find support for these hypotheses. Instead, greater DMN intranetwork connectivity at age one month was associated with lower concurrent parent-reported crying and temperamental negative affectivity at age six months (ss>-0.35, ps<.025), but not crying at age six months. DMN intranetwork connectivity was also negatively associated with internalizing symptoms at age eighteen-months (s=-0.58, p = .012). FPN intra- and internetwork connectivity was not associated with negative affectivity measures after accounting for covariates. This work furthers a neurodevelopmental model of emotion dysregulation by suggesting that infant functional connectivity at rest is associated with later emotional functioning. Copyright © 2023. Published by Elsevier B.V.",2023,/,Biological psychology,184,"0375566, a3u",108717,,https://dx.doi.org/10.1016/j.biopsycho.2023.108717,37924936,#185,Ravi 2023,,
Semi-Automatic Assessment of Vocalization Quality for Children With and Without Angelman Syndrome.,"Hamrick, Lisa R; Seidl, Amanda; Kelleher, Bridgette L","Automated methods for processing of daylong audio recordings are efficient and may be an effective way of assessing developmental stage for typically developing children; however, their utility for children with developmental disabilities may be limited by constraints of algorithms and the scope of variables produced. Here, we present a novel utterance-level processing (ULP) system that 1) extracts utterances from daylong recordings, 2) verifies automated speaker tags using human annotation, and 3) provides vocal maturity metrics unavailable through automated systems. Study 1 examines the reliability and validity of this system in low-risk controls (LRC); Study 2 extends the ULP to children with Angelman syndrome (AS). Results showed that ULP annotations demonstrated high coder agreement across groups. Further, ULP metrics aligned with language assessments for LRC but not AS, perhaps reflecting limitations of language assessments in AS. We argue that ULP increases accuracy, efficiency, and accessibility of detailed vocal analysis for syndromic populations. Copyright ©AAIDD.",2023,/,American journal on intellectual and developmental disabilities,128,6,425-448,,https://dx.doi.org/10.1352/1944-7558-128.6.425,37875276,#187,Hamrick 2023,,
Understanding Language through TalkBank.,"MacWhinney, Brian","Advances in computer technology have produced a flood of new data sets for understanding human language. However, nearly all these new datasets are based on written, rather than spoken, language. This means that, despite their importance, open-access data on naturally occurring spoken language conversations are much more difficult to obtain. The major exception to this is the TalkBank system, which provides online multimedia data for 15 types of spoken language data: language in aphasia, child language, stuttering, child phonology, autism spectrum disorder (ASD), bilingualism, Conversation Analysis, classroom discourse, dementia, psychosis, right hemisphere damage (RHD), Danish conversation, second language learning, traumatic brain injury (TBI), and day-long recordings in the home. This article reviews these resources and describes the ways that they are being used to further our understanding of language learning and usage.",2025,/,Current directions in psychological science,34,2,75-81,,https://dx.doi.org/10.1177/09637214241304345,40452910,#188,MacWhinney 2025,,
Caregiver response types and children language outcomes in preschoolers with and without hearing loss in Aotearoa New Zealand.,"Sultana, Nuzhat; Brock, Aleah S; Purdy, Suzanne C","Recent advances in audiological early intervention and hearing technologies have significantly improved access to spoken language for children with hearing loss (CwHL), but many CwHL require additional support to match the language development of their peers with normal hearing (PwNH). Programmes such as It Takes Two to Talk R, the Hanen Program R and Talking Matters focus on supporting parents to enhance children's language development in natural environments. Analysis of response types has become a significant trend, facilitated by technological developments like Language ENvironment Analysis (LENA R), which provides uninterrupted recordings and automated calculations of adult-child interactions. This research examined three child language measures, child vocalisation counts, total number of words, and mean length of utterance, comparing CwHL and PwNH. Transcribed excerpts of LENA recordings were coded to determine caregivers' use of 'high-level' responses in exchanges with their children and were correlated with child language outcomes. The results confirm the crucial role of caregiver response types in enhancing child language outcomes and exemplify the bidirectional relationship of caregiver-child interactions. The findings add to the literature to suggest that families and educators would benefit from guidance and coaching to acquire and apply high-level response types during natural spoken language interactions with CwHL. Copyright © 2024 The Author(s). Published by Informa UK Limited, trading as Taylor & Francis Group.",2025,/,Journal of the Royal Society of New Zealand,55,3,574-595,,https://dx.doi.org/10.1080/03036758.2024.2356183,39989652,#189,Sultana 2025,,
"Heart-to-heart: infant heart rate at 3 months is linked to infant-directed speech, mother-infant interaction, and later language outcomes.","Endevelt-Shapira, Yaara; Bosseler, Alexis N; Zhao, T Christina; Mizrahi, Julia C; Meltzoff, Andrew N; Kuhl, Patricia K","Introduction: Previous studies underscore the importance of speech input, particularly infant-directed speech (IDS) during one-on-one (1:1) parent-infant interaction, for child language development. We hypothesize that infants' attention to speech input, specifically IDS, supports language acquisition. In infants, attention and orienting responses are associated with heart rate deceleration. We examined whether individual differences in infants' heart rate measured during 1:1 mother-infant interaction is related to speech input and later language development scores in a longitudinal study., Methods: Using a sample of 31 3-month-olds, we assessed infant heart rate during mother-infant face-to-face interaction in a laboratory setting. Multiple measures of speech input were gathered at 3 months of age during naturally occurring interactions at home using the Language ENvironment Analysis (LENA) system. Language outcome measures were assessed in the same children at 30 months of age using the MacArthur-Bates Communicative Development Inventory (CDI)., Results: Two novel findings emerged. First, we found that higher maternal IDS in a 1:1 context at home, as well as more mother-infant conversational turns at home, are associated with a lower heart rate measured during mother-infant social interaction in the laboratory. Second, we found significant associations between infant heart rate during mother-infant interaction in the laboratory at 3 months and prospective language development (CDI scores) at 30 months of age., Discussion: Considering the current results in conjunction with other converging theoretical and neuroscientific data, we argue that high IDS input in the context of 1:1 social interaction increases infants' attention to speech and that infants' attention to speech in early development fosters their prospective language growth. Copyright © 2024 Endevelt-Shapira, Bosseler, Zhao, Mizrahi, Meltzoff and Kuhl.",2024,/,Frontiers in human neuroscience,18,101477954,1380075,,https://dx.doi.org/10.3389/fnhum.2024.1380075,38756844,#190,Endevelt-Shapira 2024,,
The Effect of LENA (Language ENvironment Analysis) for Children with Hearing Loss in Denmark including a Pilot Validation for the Danish Language.,"Josvassen, Jane Lignel; Hedegaard, Victoria Amalie Michael; Jorgensen, Mie Laerkegard; Percy-Smith, Lone","Background/Objectives: This study aimed to investigate whether day-long recordings with Language Environment Analysis (LENA) can be utilized in a hospital-based Auditory Verbal Therapy (AVT) program in Denmark for children with hearing loss and to conduct a pilot validation in the Danish language. Methods and materials: A license for the LENA system (LENA SP) was purchased, and trials were offered to three families enrolled in the AVT program. Each family made two day-long recordings with 3-4 months in between and received feedback during the therapy sessions. From 18 x 10-min clips randomly pulled out of the recordings, a comparison of adult word counts (AWC) between the LENA algorithm counts and the counts made by two human transcribers was made and used for the pilot validation. Results: LENA proved to be valuable as a guiding tool for Danish parents. Pilot validation showed good correlations and an acceptable limit of agreement (LoA). Conclusions: LENA holds the potential for Danish validation and use in AVT/clinical practice. When used in clinical practice, parents must be informed of the biases and limitations, and possible ethical issues must be considered. Because of the GDPR rules, there is a need to discuss the possibility of implementing this tool clinically in Denmark and the EU.",2024,/,Journal of clinical medicine,13,9,,,https://dx.doi.org/10.3390/jcm13092688,38731217,#191,Josvassen 2024,,
Does age moderate the influence of early life language experiences? A Naturalistic home observation study.,"d'Apice, Katrina; von Stumm, Sophie","We explored if children's age moderated associations between their early life language experiences and their linguistic and cognitive skills. For 107 British children, aged 24 to 48 months, and their families, we collected 3 day-long audio-recordings of their naturalistic home environments (M = 15.06 h per day, SD = 1.87). Children's cognitive ability was assessed by parent-ratings and with a cognitive testing booklet that children completed at home. We found that the quantity, lexical diversity and vocabulary sophistication of adult speech were associated with children's linguistic and cognitive skills. However, these associations were not moderated by children's age. Our findings suggest that the influence of early life language experience is not differentiated at age 24 to 48 months, at least in the current sample. Copyright © 2023 The Authors. Published by Elsevier Inc.",2023,/,Early childhood research quarterly,63,8701754,400-409,,https://dx.doi.org/10.1016/j.ecresq.2023.01.009,38213871,#192,d'Apice 2023,,
Mixed-Language Input and Infant Volubility: Friend or Foe?.,"Ruan, Yufang; Byers-Heinlein, Krista; Orena, Adriel John; Polka, Linda","Language mixing is a common feature of many bilingually-raised children's input. Yet how it is related to their language development remains an open question. The current study investigated mixed-language input indexed by observed (30-second segment) counts and proportions in day-long recordings as well as parent-reported scores, in relation to infant vocal activeness (i.e., volubility) when infants were 10 and 18 months old. Results suggested infants who received a higher score or proportion of mixed input in one-on-one social contexts were less voluble. However, within contexts involving language mixing, infants who heard more words were also the ones who produced more vocalizations. These divergent associations between mixed input and infant vocal development point for a need to better understand the causal factors that drive these associations.",2023,/,"Bilingualism (Cambridge, England)",26,5,1051-1066,,https://dx.doi.org/10.1017/s1366728923000287,38187471,#193,Ruan 2023,,
Auditory chaos classification in real-world environments.,"Khante, Priyanka; Thomaz, Edison; de Barbaro, Kaya","Background & motivation: Household chaos is an established risk factor for child development. However, current methods for measuring household chaos rely on parent surveys, meaning existing research efforts cannot disentangle potentially dynamic bidirectional relations between high chaos environments and child behavior problems., Proposed approach: We train and make publicly available a classifier to provide objective, high-resolution predictions of household chaos from real-world child-worn audio recordings. To do so, we collect and annotate a novel dataset of ground-truth auditory chaos labels compiled from over 411 h of daylong recordings collected via audio recorders worn by N=22 infants in their homes. We leverage an existing sound event classifier to identify candidate high chaos segments, increasing annotation efficiency 8.32x relative to random sampling., Result: Our best-performing model successfully classifies four levels of real-world household auditory chaos with a macro F1 score of 0.701 (Precision: 0.705, Recall: 0.702) and a weighted F1 score of 0.679 (Precision: 0.685, Recall: 0.680)., Significance: In future work, high-resolution objective chaos predictions from our model can be leveraged for basic science and intervention, including testing theorized mechanisms by which chaos affects children's cognition and behavior. Additionally, to facilitate further model development we make publicly available the first and largest balanced annotated audio dataset of real-world household chaos. Copyright © 2023 Khante, Thomaz and de Barbaro.",2023,/,Frontiers in digital health,5,101771889,1261057,,https://dx.doi.org/10.3389/fdgth.2023.1261057,38178925,#194,Khante 2023,,
The Natural Language Environment of 9-Month-Old Infants in Sweden and Concurrent Association With Early Language Development.,"Nyberg, Sandra; Rudner, Mary; Birberg Thornberg, Ulrika; Koch, Felix-Sebastian; Barr, Rachel; Heimann, Mikael; Sundqvist, Annette","The language environment is important for the development of early communication and language. In the current study, we describe the natural home language environment of 9-month-old infants in Sweden and its concurrent association with language development. Eighty-eight families took part in the study. The home language environment was measured using the Language ENvironment Analysis (LENA) system, and language development was assessed using Swedish Early Communicative Development Inventory (SECDI), a parent questionnaire. LENA measures showed dramatic variation between individuals but were comparable to and showed overlapping variance with previous studies conducted in English-speaking households. Nonetheless, there were significantly more infant vocalizations and conversational turns in the present study than in one previous study. Adult word count correlated significantly and positively with infants' Use of gestures and the subscale of that section Communicative gestures. These together with another four non-significant associations formed a consistent overall pattern that suggested a link between infants' language environment and language development. Although the direction of causality cannot be determined from the current data, future studies should examine children longitudinally to assess the directionality or the bidirectionality of the reported associations between infant's language environment and language development. Copyright © 2020 Nyberg, Rudner, Birberg Thornberg, Koch, Barr, Heimann and Sundqvist.",2020,/,Frontiers in psychology,11,101550902,1981,,https://dx.doi.org/10.3389/fpsyg.2020.01981,32982836,#197,Nyberg 2020,,
The home language environment in rural China: variations across family characteristics.,"Ma, Yue; Jonsson, Laura; Yao, Zixin; Zhang, Xinwu; Friesen, Dimitris; Medina, Alexis; Rozelle, Scott; Pappas, Lucy","BACKGROUND: A rich language environment is an important element of a nurturing home environment. Despite their proven importance, vocabulary and conversation have been shown to vary widely across households-even within the same socio-economic class. One significant gap in the existing literature is its nearly exclusive geographic focus on Western and developed settings, with little attention given to poorer communities in lower/middle income countries. The purpose of this study was to empirically illustrate the characteristics of the home language environment in the low SES, non-Western cultural setting of rural China., METHODS: Using Language Environment Analysis (LENA) automated language-analysis system, this study measured the home language environment of 38 children aged 20-27 months in Northwest rural China. Our primary measures of the home language environment were Adult Word Count (AWC), Conversational Turn Count (CTC) and Child Vocalization Count (CVC). Multivariate linear regression models were used to examine the association between home language environment and family/child characteristics, and language skills (Measured by MacArthur-Bates Communicative Developmental Inventory score)., RESULTS: In this paper, by comparison, we found that the home language environment of our rural sample fell far behind that of urban households. We also identify significant, positive correlations between language skills and both AWC and CTC. Our analysis finds no significant correlations between home language environment and family/child characteristics., CONCLUSION: In this paper, we present the first ever findings using the LENA system to measure the home language environment of young children from poor rural communities in China. We found that the home language environment of lower-SES household was significantly worse than high-SES households, and demonstrated the importance of the home language environment to language skills, pointing to a need for more high-quality studies of the home language environment in rural China to better understand possible mechanisms behind low levels of parent-child language engagement and ways to improve the home language environment. Copyright © 2023. The Author(s).",2023,/,BMC public health,23,1,354,,https://dx.doi.org/10.1186/s12889-023-15245-2,36797712,#200,Ma 2023,,
Vocal input and output among infants in a multilingual context: Evidence from long-form recordings in Vanuatu.,"Cristia, Alejandrina; Gautheron, Lucas; Colleran, Heidi","What are the vocal experiences of children growing up on Malakula island, Vanuatu, where multilingualism is the norm? Long-form audio-recordings captured spontaneous speech behavior by, and around, 38 children (5-33 months, 23 girls) from 11 villages. Automated analyses revealed most children's vocal input came from female adults and other children's voices, with small contributions from male adult voices. The greatest changes with age involved an increase in the input vocalizations from other children. Total input (collapsing across child-directed and overheard speech, and across languages) was ~11 min per hour, which was at least 5 min (31%) lower than that found in other populations studied using comparable methods in previous literature, as well as in archival American data analyzed with the same algorithm. In contrast, children's own vocalization counts were two to four times higher than previous reports for North-American English-learning monolingual infants at matched ages, and comparable to estimates from archival American data, consistent with a resilient language-learning cognitive system for this aspect of vocal development. The strongest association between input and output was with vocalizations by other children, rather than those by adults, which is consistent with research in anthropology but less so with current theoretical trends in developmental psychology. These results invite further research in populations that are under-represented in developmental science. RESEARCH HIGHLIGHTS: Combining long-form recordings with automated analyses, we estimated infants potentially exposed to ~2.6 languages heard ~11 min of speech per hour. Infants' input was dominated by vocalizations from female adults and from other children, particularly for the oldest infants in our sample. The strongest association between children's own vocalization counts and input counts was with those of other children, and not those with adults. Results invite further research on individual, group, and population variability in input quantity and composition, and its potential effects on vocal development. Copyright © 2023 John Wiley & Sons Ltd.",2023,/,Developmental science,26,4,e13375,,https://dx.doi.org/10.1111/desc.13375,36751861,#201,Cristia 2023,,
Effects of multilingualism on Australian infants' language environments in early childhood education centers.,"Zheng, Zhijun; Degotardi, Sheila; Sweller, Naomi; Djonov, Emilia","This study investigates differences in the language environments experienced by multilingual and monolingual infants in early childhood education and care (ECEC) settings. The Language Environment Analysis (LENA) technology was used to collect day-long audio-recordings from 181 one-year-old infants (age range from 12 to 21 months). We examined whether infants' multilingual status predicts the amount of educators' language input (adult word count, AWC), child vocalizations (CVC) and conversational turns (CTC), as well as interaction effects on AWC, CVC and CTC of infants' multilingual status and other infant, home and ECEC characteristics. Multilevel mixed effects models revealed no main effect of infants' multilingual status on the language environment outcome variables. Instead, infant gender significantly predicted adult word count, with female infants hearing more words from educators than male infants. There was a significant interaction effect between the infants' multilingual status and both their age and length of time in an ECEC setting on child vocalizations. While monolingual infants produced more vocalizations as their age increased, multilingual infants did not show this increase in vocalizations with age. Further, the difference between monolingual and multilingual children's vocalizations decreased as the length of time in ECEC increased. There were no significant predictors of conversational turns. Findings from this study suggest that early childhood educators do not adjust their talk according to the multilingual status of the infants. However, multilingual infants do not increase their vocalizations as their age increases to the same extent as do their monolingual peers. The interaction effect between multilingualism and the length of ECEC attendance also implies that ECEC environments may be particularly beneficial for supporting multilingual infants' vocalizations. This study highlights the need to provide pedagogical support to educators to help them to encourage multilingual infants' vocalizations in ECEC settings. Copyright © 2022 The Authors. Published by Elsevier Inc. All rights reserved.",2023,/,Infant behavior & development,70,7806016,101799,,https://dx.doi.org/10.1016/j.infbeh.2022.101799,36535120,#203,Zheng 2023,,
The validity of LENA technology for assessing the linguistic environment and interactions of infants learning Hebrew and Arabic.,"Levin-Asher, Bonnie; Segal, Osnat; Kishon-Rabin, Liat","The present study assessed LENA's suitability as a tool for monitoring future language interventions by evaluating its reliability, construct validity, and criterion validity in infants learning Hebrew and Arabic, across low and high levels of maternal education. Participants were 32 infants aged 3 to 11 months (16 in each language) and their mothers, whose socioeconomic status (SES) was determined based on their years of education (H-high or L-low ME-maternal education). The results showed (1) good reliability for the LENA's automatic count on adult word count (AWC), conversational turns (CTC), and infant vocalizations (CVC), based on the positive associations and fair to excellent agreement between the manual and automatic counts; (2) good construct validity based on significantly higher counts for HME vs. LME and positive associations between LENA's automatic vocal assessment (AVA) and developmental questionnaire (DA) and age; and (3) good concurrent criterion validity based on the positive associations between the LENA counts for CTC, CVC, AVA, and DA and the scores on the preverbal parent questionnaire (PRISE). The present study supports the use of LENA in early intervention programs for infants whose families speak Hebrew or Arabic. The LENA could be used to monitor the efficacy of these programs as well as to provide feedback to parents on the amount of language experience their infants are getting and their progress in vocal production. The results also indicate a potential utility of LENA in assessing linguistic environments and interactions in Hebrew- and Arabic-speaking infants with developmental disorders, such as hearing impairment and cerebral palsy. Copyright © 2022. The Psychonomic Society, Inc.",2023,/,Behavior research methods,55,3,1480-1495,,https://dx.doi.org/10.3758/s13428-022-01874-9,35668342,#205,Levin-Asher 2023,,
Gender differences in caregiver's use of spoken language with young children who are hard-of-hearing.,"Lofkvist, Ulrika; Nilsson, Sandra; Thalen, Yvonne; Ostlund, Elisabet; Mared, Hanna; Johansson, Carina; Anmyr, Lena; Karltorp, Eva","PURPOSE: Shared parenting among caregivers of different gender is common in the Swedish society. It is unclear if this includes shared contribution for children's language development. The objective of this cross-sectional study was to explore the natural language environment of children who were hard-of-hearing compared to typically hearing controls., METHODS: Seventy-two families with children aged 7-35 months participated; 22 children who were hard-of-hearing (Cochlear implants, n=11; Hearing aids, n=11) and 50 controls with typical hearing. The majority of caregivers had higher education background level, especially in the control group. Families conducted a daylong recording with the Language Environment Analysis technology, when both parents were present at home. An Interpreted Time Segmental analysis was performed to extract information about female versus male caregivers quantitative word use., RESULTS: The results showed significant gender differences related to number of adult words, with less male words than female words (p <0.001). Male caregivers of children who were hard-of-hearing contributed with around 27 % of adult words during the recordings while males in the control group contributed with 37 %. There was a larger variation in number of female words in the study group than for controls, especially in mothers of children with cochlear implants., CONCLUSIONS: Female caregivers talk significantly more close to young children than male caregivers, and especially in the subgroup of children with cochlear implants. Children who are hard-of-hearing are dependent on a rich language environment, and might be especially vulnerable if male caregivers are less involved as language facilitators. More studies are needed to explore caregiver gender differences, both related to quantitative and qualitative language stimulation. Copyright © 2022. Published by Elsevier B.V.",2022,/,International journal of pediatric otorhinolaryngology,156,"gs2, 8003603",111103,,https://dx.doi.org/10.1016/j.ijporl.2022.111103,35316756,#209,Lofkvist 2022,,
Using big data from long-form recordings to study development and optimize societal impact.,"Cychosz, Margaret; Cristia, Alejandrina","Big data are everywhere. In this chapter, we focus on one source: long-form, child-centered recordings collected using wearable technologies. Because these recordings are simultaneously unobtrusive and encompassing, they may be a breakthrough technology for clinicians and researchers from several diverse fields. We demonstrate this possibility by outlining three applications for the recordings-clinical treatment, large-scale interventions, and language documentation-where we see the greatest potential. We argue that incorporating these recordings into basic and applied research will result in more equitable treatment of patients, more reliable measurements of the effects of interventions on real-world behavior, and deeper scientific insights with less observational bias. We conclude by outlining a proposal for a semistructured online platform where vast numbers of long-form recordings could be hosted and more representative, less biased algorithms could be trained. Copyright © 2022 Elsevier Inc. All rights reserved.",2022,/,Advances in child development and behavior,62,"2k7, 0370417",Jan-36,,https://dx.doi.org/10.1016/bs.acdb.2021.12.001,35249679,#210,Cychosz 2022,,
Everyday music in infancy.,"Mendoza, Jennifer K; Fausey, Caitlin M","Infants enculturate to their soundscape over the first year of life, yet theories of how they do so rarely make contact with details about the sounds available in everyday life. Here, we report on properties of a ubiquitous early ecology in which foundational skills get built: music. We captured daylong recordings from 35 infants ages 6-12 months at home and fully double-coded 467 h of everyday sounds for music and its features, tunes, and voices. Analyses of this first-of-its-kind corpus revealed two distributional properties of infants' everyday musical ecology. First, infants encountered vocal music in over half, and instrumental in over three-quarters, of everyday music. Live sources generated one-third, and recorded sources three-quarters, of everyday music. Second, infants did not encounter each individual tune and voice in their day equally often. Instead, the most available identity cumulated to many more seconds of the day than would be expected under a uniform distribution. These properties of everyday music in human infancy are different from what is discoverable in environments highly constrained by context (e.g., laboratories) and time (e.g., minutes rather than hours). Together with recent insights about the everyday motor, language, and visual ecologies of infancy, these findings reinforce an emerging priority to build theories of development that address the opportunities and challenges of real input encountered by real learners. Copyright © 2021 The Authors. Developmental Science published by John Wiley & Sons Ltd.",2021,/,Developmental science,24,6,e13122,,https://dx.doi.org/10.1111/desc.13122,34170059,#218,Mendoza 2021,,
The education word gap emerges by 18 months: findings from an Australian prospective study.,"Brushe, Mary E; Lynch, John; Reilly, Sheena; Melhuish, Edward; Mittinty, Murthy N; Brinkman, Sally A","BACKGROUND: The idea of the '30 million word gap' suggests families from more socioeconomically advantaged backgrounds engage in more verbal interactions with their child than disadvantaged families. Initial findings from the Language in Little Ones (LiLO) study up to 12 months showed no word gap between maternal education groups., METHODS: Families with either high or low maternal education were purposively recruited into a five-year prospective study. We report results from the first three waves of LiLO when children were 6, 12 and 18 months old. Day-long audio recordings, obtained using the Language Environment Analysis software, provided counts of adult words spoken to the child, child vocalizations and conversational turns., RESULTS: By the time children were 18 months old all three measures of talk were 0.5 to 0.7 SD higher among families with more education, but with large variation within education groups. Changes in talk from 6 to 18 months highlighted that families from low educated backgrounds were decreasing the amount they spoke to their children (- 4219.54, 95% CI -6054.13, - 2384.95), compared to families from high educated backgrounds who remained relatively stable across this age period (- 369.13, 95% CI - 2344.57, 1606.30)., CONCLUSIONS: The socioeconomic word gap emerges between 12 and 18 months of age. Interventions to enhance maternal communication, child vocalisations and vocabulary development should begin prior to 18 months.",2021,/,BMC pediatrics,21,1,247,,https://dx.doi.org/10.1186/s12887-021-02712-1,34020609,#220,Brushe 2021,,
The validity of the Language Environment Analysis system in two neonatal intensive care units.,"Stahlberg-Forsen, Eva; Aija, Anette; Kaasik, Birgit; Latva, Reija; Ahlqvist-Bjorkroth, Sari; Toome, Liis; Lehtonen, Liisa; Stolt, Suvi","AIM: To evaluate the validity of the Language Environment Analysis (LENA) system's automatic measures in two neonatal intensive care units supporting parent-infant closeness, and in two Finno-Ugric languages: Finnish and Estonian., METHODS: The sound environment of 70 very preterm infants was recorded for 16 h in the neonatal intensive care units with the LENA system roughly at the gestational age of 32 (+2) weeks. Of these, the recordings of 14 infants (20%, two 5-min samples with a high percentage of speech, totally 140 min) were analysed in detail and in two different ways. Parental closeness diaries were used to document the presence of the parents. Agreements between LENA system and human coder estimates were analysed., RESULTS: Findings showed a high variation in agreements. The highest agreements were found in female and adult word counts (r = 0.91 and 0.95). The agreements for child vocalisation count, conversational turns and silence were modest or low (r = -0.03 to 0.64)., CONCLUSION: Our study provides novel information on the validity of the LENA system in the neonatal intensive care unit. Findings show that the LENA system provides valid information on adult words, but LENA estimates for child vocalisations were less valid at this early age. Copyright ©2021 The Authors. Acta Paediatrica published by John Wiley & Sons Ltd on behalf of Foundation Acta Paediatrica.",2021,/,"Acta paediatrica (Oslo, Norway : 1992)",110,7,2045-2051,,https://dx.doi.org/10.1111/apa.15802,33555079,#226,Stahlberg-Forsen 2021,,
The Longitudinal Relationship Between Conversational Turn-Taking and Vocabulary Growth in Early Language Development.,"Donnelly, Seamus; Kidd, Evan","Children acquire language embedded within the rich social context of interaction. This paper reports on a longitudinal study investigating the developmental relationship between conversational turn-taking and vocabulary growth in English-acquiring children (N = 122) followed between 9 and 24 months. Daylong audio recordings obtained every 3 months provided several indices of the language environment, including the number of adult words children heard in their environment and their number of conversational turns. Vocabulary was measured independently via parental report. Growth curve analyses revealed a bidirectional relationship between conversational turns and vocabulary growth, controlling for the amount of words in children's environments. The results are consistent with theoretical approaches that identify social interaction as a core component of early language acquisition. Copyright © 2021 The Authors. Child Development published by Wiley Periodicals LLC on behalf of Society for Research in Child Development.",2021,/,Child development,92,2,609-625,,https://dx.doi.org/10.1111/cdev.13511,33547640,#227,Donnelly 2021,,
Vocal development in a large-scale crosslinguistic corpus.,"Cychosz, Margaret; Cristia, Alejandrina; Bergelson, Elika; Casillas, Marisa; Baudet, Gladys; Warlaumont, Anne S; Scaff, Camila; Yankowitz, Lisa; Seidl, Amanda","This study evaluates whether early vocalizations develop in similar ways in children across diverse cultural contexts. We analyze data from daylong audio recordings of 49 children (1-36 months) from five different language/cultural backgrounds. Citizen scientists annotated these recordings to determine if child vocalizations contained canonical transitions or not (e.g., ""ba"" vs. ""ee""). Results revealed that the proportion of clips reported to contain canonical transitions increased with age. Furthermore, this proportion exceeded 0.15 by around 7 months, replicating and extending previous findings on canonical vocalization development but using data from the natural environments of a culturally and linguistically diverse sample. This work explores how crowdsourcing can be used to annotate corpora, helping establish developmental milestones relevant to multiple languages and cultures. Lower inter-annotator reliability on the crowdsourcing platform, relative to more traditional in-lab expert annotators, means that a larger number of unique annotators and/or annotations are required, and that crowdsourcing may not be a suitable method for more fine-grained annotation decisions. Audio clips used for this project are compiled into a large-scale infant vocalization corpus that is available for other researchers to use in future work. Copyright © 2021 John Wiley & Sons Ltd.",2021,/,Developmental science,24,5,e13090,,https://dx.doi.org/10.1111/desc.13090,33497512,#228,Cychosz 2021,,
Dimensions of the language environment in infancy and symptoms of psychopathology in toddlerhood.,"King, Lucy S; Querdasi, Francesca R; Humphreys, Kathryn L; Gotlib, Ian H","The quality of the early environment influences the development of psychopathology. Children who are deprived of sufficient environmental enrichment in infancy may be at higher risk for developing symptoms of psychopathology in toddlerhood. In this study, we investigated the prospective association between naturalistic measures of adult language input obtained through passive monitoring of infants' daily environments and emerging psychopathology in toddlerhood. In a sample of 100 mothers and their infants recruited from the community (mean age [range] = 6.73 [5-9] months), we used the Language ENvironment Analysis (LENA) system to measure multiple dimensions of infants' language environments, including both the quantity and consistency of adult speech and conversational turns in infants' daily lives as well as the quantity of infant vocalizations. Subsequently, during toddlerhood (mean age [range] = 18.29 [17-21] months), mothers reported on their children's symptoms of psychopathology. Infants who experienced more consistent adult speech and conversational turns had lower symptoms of psychopathology in toddlerhood, independent of negative emotionality in infancy, maternal depressive symptoms, and laboratory-based measures of maternal sensitivity. These findings have implications for the measurement of environmental factors that may confer risk and resilience to emerging psychopathology. Copyright © 2021 John Wiley & Sons Ltd.",2021,/,Developmental science,24,5,e13082,,https://dx.doi.org/10.1111/desc.13082,33455064,#230,King 2021,,
Naturalistic Language Input is Associated with Resting-State Functional Connectivity in Infancy.,"King, Lucy S; Camacho, M Catalina; Montez, David F; Humphreys, Kathryn L; Gotlib, Ian H","The quantity and quality of the language input that infants receive from their caregivers affects their future language abilities; however, it is unclear how variation in this input relates to preverbal brain circuitry. The current study investigated the relation between naturalistic language input and the functional connectivity (FC) of language networks in human infancy using resting-state functional magnetic resonance imaging (rsfMRI). We recorded the naturalistic language environments of five- to eight-month-old male and female infants using the Linguistic ENvironment Analysis (LENA) system and measured the quantity and consistency of their exposure to adult words (AWs) and adult-infant conversational turns (CTs). Infants completed an rsfMRI scan during natural sleep, and we examined FC among regions of interest (ROIs) previously implicated in language comprehension, including the auditory cortex, the left inferior frontal gyrus (IFG), and the bilateral superior temporal gyrus (STG). Consistent with theory of the ontogeny of the cortical language network (Skeide and Friederici, 2016), we identified two subnetworks posited to have distinct developmental trajectories: a posterior temporal network involving connections of the auditory cortex and bilateral STG and a frontotemporal network involving connections of the left IFG. Independent of socioeconomic status (SES), the quantity of CTs was uniquely associated with FC of these networks. Infants who engaged in a larger number of CTs in daily life had lower connectivity in the posterior temporal language network. These results provide evidence for the role of vocal interactions with caregivers, compared with overheard adult speech, in the function of language networks in infancy. Copyright © 2021 the authors.",2021,/,The Journal of neuroscience : the official journal of the Society for Neuroscience,41,3,424-434,,https://dx.doi.org/10.1523/JNEUROSCI.0779-20.2020,33257324,#231,King 2021,,
Cochlear implant datalogging accurately characterizes children's 'auditory scenes'.,"Ganek, Hillary; Forde-Dixon, Deja; Cushing, Sharon L; Papsin, Blake C; Gordon, Karen A","Objectives: This study sought to determine if children's auditory environments are accurately captured by the automatic scene classification embedded in cochlear implant (CI) processors and to quantify the amount of electronic device use in these environments. Methods: Seven children with CIs, 36.71 (SD = 11.94) months old, participated in this study. Three of the children were male and four were female. Eleven datalogs, containing outcomes from Cochlear's TM Nucleus R 6 (Cochlear Corporation, Australia) CI scene classification algorithm, and seven day-long audio recordings collected with a Language ENvironment Analysis (LENA; LENA Research Foundation, USA) recorder were obtained for analysis. Results: Results from the scene classification algorithm were strongly correlated with categories determined through human coding (ICC = .86, CI = [-0.2, 1], F(5,5.1) = 5.9, P = 0.04) but some differences emerged. Scene classification identified more 'Quiet' (t(8.2) = 4.1, P = 0.003) than human coders, while humans identified more 'Speech' (t(10.6) = -2.4, P = 0.04). On average, 8% (SD = 5.8) of the children's day was spent in electronic sound, which was primarily produced by mobile devices (39.7%). Discussion: While CI scene classification software reflects children's natural auditory environments, it is important to consider how different scenes are defined when interpreting results. An electronic sounds category should be considered given how often children are exposed to such sounds.",2021,/,Cochlear implants international,22,2,85-95,,https://dx.doi.org/10.1080/14670100.2020.1826137,33008284,#233,Ganek 2021,,
"ALICE: An open-source tool for automatic measurement of phoneme, syllable, and word counts from child-centered daylong recordings.","Rasanen, Okko; Seshadri, Shreyas; Lavechin, Marvin; Cristia, Alejandrina; Casillas, Marisa","Recordings captured by wearable microphones are a standard method for investigating young children's language environments. A key measure to quantify from such data is the amount of speech present in children's home environments. To this end, the LENA recorder and software-a popular system for measuring linguistic input-estimates the number of adult words that children may hear over the course of a recording. However, word count estimation is challenging to do in a language- independent manner; the relationship between observable acoustic patterns and language-specific lexical entities is far from uniform across human languages. In this paper, we ask whether some alternative linguistic units, namely phone(me)s or syllables, could be measured instead of, or in parallel with, words in order to achieve improved cross-linguistic applicability and comparability of an automated system for measuring child language input. We discuss the advantages and disadvantages of measuring different units from theoretical and technical points of view. We also investigate the practical applicability of measuring such units using a novel system called Automatic LInguistic unit Count Estimator (ALICE) together with audio from seven child-centered daylong audio corpora from diverse cultural and linguistic environments. We show that language-independent measurement of phoneme counts is somewhat more accurate than syllables or words, but all three are highly correlated with human annotations on the same data. We share an open-source implementation of ALICE for use by the language research community, enabling automatic phoneme, syllable, and word count estimation from child-centered audio recordings.",2021,/,Behavior research methods,53,2,818-835,,https://dx.doi.org/10.3758/s13428-020-01460-x,32875399,#235,Rasanen 2021,,
A thorough evaluation of the Language Environment Analysis (LENA) system.,"Cristia, Alejandrina; Lavechin, Marvin; Scaff, Camila; Soderstrom, Melanie; Rowland, Caroline; Rasanen, Okko; Bunce, John; Bergelson, Elika","In the previous decade, dozens of studies involving thousands of children across several research disciplines have made use of a combined daylong audio-recorder and automated algorithmic analysis called the LENA R system, which aims to assess children's language environment. While the system's prevalence in the language acquisition domain is steadily growing, there are only scattered validation efforts on only some of its key characteristics. Here, we assess the LENA R system's accuracy across all of its key measures: speaker classification, Child Vocalization Counts (CVC), Conversational Turn Counts (CTC), and Adult Word Counts (AWC). Our assessment is based on manual annotation of clips that have been randomly or periodically sampled out of daylong recordings, collected from (a) populations similar to the system's original training data (North American English-learning children aged 3-36 months), (b) children learning another dialect of English (UK), and (c) slightly older children growing up in a different linguistic and socio-cultural setting (Tsimane' learners in rural Bolivia). We find reasonably high accuracy in some measures (AWC, CVC), with more problematic levels of performance in others (CTC, precision of male adults and other children). Statistical analyses do not support the view that performance is worse for children who are dissimilar from the LENA R original training set. Whether LENA R results are accurate enough for a given research, educational, or clinical application depends largely on the specifics at hand. We therefore conclude with a set of recommendations to help researchers make this determination for their goals.",2021,/,Behavior research methods,53,2,467-486,,https://dx.doi.org/10.3758/s13428-020-01393-5,32728916,#236,Cristia 2021,,
Circumspection in using automated measures: Talker gender and addressee affect error rates for adult speech detection in the Language ENvironment Analysis (LENA) system.,"Lehet, Matthew; Arjmandi, Meisam K; Houston, Derek; Dilley, Laura","Automatic speech processing devices have become popular for quantifying amounts of ambient language input to children in their home environments. We assessed error rates for language input estimates for the Language ENvironment Analysis (LENA) audio processing system, asking whether error rates differed as a function of adult talkers' gender and whether they were speaking to children or adults. Audio was sampled from within LENA recordings from 23 families with children aged 4-34 months. Human coders identified vocalizations by adults and children, counted intelligible words, and determined whether adults' speech was addressed to children or adults. LENA's classification accuracy was assessed by parceling audio into 100-ms frames and comparing, for each frame, human and LENA classifications. LENA correctly classified adult speech 67% of the time across families (average false negative rate: 33%). LENA's adult word count showed a mean +47% error relative to human counts. Classification and Adult Word Count error rates were significantly affected by talkers' gender and whether speech was addressed to a child or an adult. The largest systematic errors occurred when adult females addressed children. Results show LENA's classifications and Adult Word Count entailed random - and sometimes large - errors across recordings, as well as systematic errors as a function of talker gender and addressee. Due to systematic and sometimes high error in estimates of amount of adult language input, relying on this metric alone may lead to invalid clinical and/or research conclusions. Further validation studies and circumspect usage of LENA are warranted.",2021,/,Behavior research methods,53,1,113-138,,https://dx.doi.org/10.3758/s13428-020-01419-y,32583366,#237,Lehet 2021,,
Longform recordings of everyday life: Ethics for best practices.,"Cychosz, Margaret; Romeo, Rachel; Soderstrom, Melanie; Scaff, Camila; Ganek, Hillary; Cristia, Alejandrina; Casillas, Marisa; de Barbaro, Kaya; Bang, Janet Y; Weisleder, Adriana","Recent advances in large-scale data storage and processing offer unprecedented opportunities for behavioral scientists to collect and analyze naturalistic data, including from underrepresented groups. Audio data, particularly real-world audio recordings, are of particular interest to behavioral scientists because they provide high-fidelity access to subtle aspects of daily life and social interactions. However, these methodological advances pose novel risks to research participants and communities. In this article, we outline the benefits and challenges associated with collecting, analyzing, and sharing multi-hour audio recording data. Guided by the principles of autonomy, privacy, beneficence, and justice, we propose a set of ethical guidelines for the use of longform audio recordings in behavioral research. This article is also accompanied by an Open Science Framework Ethics Repository that includes informed consent resources such as frequent participant concerns and sample consent forms.",2020,/,Behavior research methods,52,5,1951-1969,,https://dx.doi.org/10.3758/s13428-020-01365-9,32103465,#242,Cychosz 2020,,
To mix or not to mix? The relation between parental language mixing and bilingual children’s language outcomes,"Verhoeven, Emma; van Witteloostuijn, Merel; Oudgenoeg-Paz, Ora; Blom, Elma","Language mixing is a common phenomenon in the language input of bilingual children. However, the relation between the frequency of parental language mixing and children’s language development remains unclear. The present study investigates the relation between language mixing as observed in daylong audio recordings (LENA) and as reported by parents in the questionnaire for Quantifying Bilingual Experience (Q-BEx) and children’s language outcomes in the majority and minority language. Participants were 52 3-to-5-year-old Polish-Dutch and Turkish-Dutch children in the Netherlands and Bayesian informative hypothesis evaluations were applied. In 14 out of 15 regression analyses, the LENA and Q-BEx measures yielded similar associations with children’s language outcomes. Parental language mixing was not related to majority language outcomes, but a negative relation was found with expressive vocabulary in the minority language. Longitudinal studies are needed to pinpoint the directionality of this negative relation. (PsycInfo Database Record (c) 2025 APA, all rights reserved)(Source: journal abstract)",2025,,Bilingualism: Language and Cognition,,,,3224225017; 2026-33908-001,https://doi.org/10.1017/S1366728925100175,,#246,Verhoeven 2025,,
Development of a speech emotion recognizer for large-scale child-centered audio recordings from a hospital environment,"Vaaras, Einari; Ahlqvist-Björkroth, Sari; Drossos, Konstantinos; Lehtonen, Liisa; Räsänen, Okko","In order to study how early emotional experiences shape infant development, one approach is to analyze the emotional content of speech heard by infants, as captured by child-centered daylong recordings, and as analyzed by automatic speech emotion recognition (SER) systems. However, since large-scale daylong audio is initially unannotated and differs from typical speech corpora from controlled environments, there are no existing in-domain SER systems for the task. Based on existing literature, it is also unclear what is the best approach to deploy a SER system for a new domain. Consequently, in this study, we investigated alternative strategies for deploying a SER system for large-scale child-centered audio recordings from a neonatal hospital environment, comparing cross-corpus generalization, active learning (AL), and domain adaptation (DA) methods in the process. We first conducted simulations with existing emotion-labeled speech corpora to find the best strategy for SER system deployment. We then tested how the findings generalize to our new initially unannotated dataset. As a result, we found that the studied AL method provided overall the most consistent results, being less dependent on the specifics of the training corpora or speech features compared to the alternative methods. However, in situations without the possibility to annotate data, unsupervised DA proved to be the best approach. We also observed that deployment of a SER system for real-world daylong child-centered audio recordings achieved a SER performance level comparable to those reported in literature, and that the amount of human effort required for the system deployment was overall relatively modest. (PsycInfo Database Record (c) 2023 APA, all rights reserved)(Source: journal abstract)",2023,,Speech Communication,148,,22-Sep,2803508624; 2023-57365-003,https://doi.org/10.1016/j.specom.2023.02.001,,#275,Vaaras 2023,,
Learning language in vivo,"Casillas, Marisa","In this article, I advocate for an enriched view of children's linguistic input, with the aim of building sustainable and tangible links between theoretical models of language development and families' everyday experiences. Children's language experiences constrain theoretical models in ways that may illuminate universal learning biases. However, more than that, these experiences provide a staggering array of test cases and demonstrate the stage‐setting effects of situational, familial, and societal context on language use and uptake. Centering on activity type as an entry point into context, I outline an approach—which I refer to as language in vivo—that draws on both big‐ and small‐data methods to generate grounded, informative, and representative descriptions of children's input. Minimally, this approach complements recent work that uses more bundled input measures. Maximally, an in vivo approach could inspire new questions, insights, and innovations to broaden the coverage and application of theoretical models to individual communities and families. (PsycInfo Database Record (c) 2026 APA, all rights reserved)(Source: journal abstract)",2023,,Child Development Perspectives,17,1,17-Oct,2731464587; 2023-16154-001,https://doi.org/10.1111/cdep.12469,,#276,Casillas 2023,,
Adult responses to infant prelinguistic vocalizations are associated with infant vocabulary: A home observation study,"Lopez, Lukas D.; Walle, Eric A.; Pretzer, Gina M.; Warlaumont, Anne S.","This study used LENA recording devices to capture infants’ home language environments and examine how qualitative differences in adult responding to infant vocalizations related to infant vocabulary. Infant-directed speech and infant vocalizations were coded in samples taken from daylong home audio recordings of 13-month-old infants. Infant speech-related vocalizations were identified and coded as either canonical or non-canonical. Infant-directed adult speech was identified and classified into different pragmatic types. Multiple regressions examined the relation between adult responsiveness, imitating, recasting, and expanding and infant canonical and non-canonical vocalizations with caregiver-reported infant receptive and productive vocabulary. An interaction between adult like-sound responding (i.e., the total number of imitations, recasts, and expansions) and infant canonical vocalizations indicated that infants who produced more canonical vocalizations and received more adult like-sound responses had higher productive vocabularies. When sequences were analyzed, infant canonical vocalizations that preceded and followed adult recasts and expansions were positively associated with infant productive vocabulary. These findings provide insights into how infant-adult vocal exchanges are related to early vocabulary development. (PsycInfo Database Record (c) 2021 APA, all rights reserved)(Source: journal abstract)",2020,,PLoS ONE,15,11,21,2504836611; 2021-08649-001,https://doi.org/10.1371/journal.pone.0242232,,#305,Lopez 2020,,
Look who’s talking: A comparison of automated and human-generated speaker tags in naturalistic day-long recordings,"Bulgarelli, Federica; Bergelson, Elika","The LENA system has revolutionized research on language acquisition, providing both a wearable device to collect day-long recordings of children’s environments, and a set of automated outputs that process, identify, and classify speech using proprietary algorithms. This output includes information about input sources (e.g., adult male, electronics). While this system has been tested across a variety of settings, here we delve deeper into validating the accuracy and reliability of LENA’s automated diarization, i.e., tags of who is talking. Specifically, we compare LENA’s output with a gold standard set of manually generated talker tags from a dataset of 88 day-long recordings, taken from 44 infants at 6 and 7 months, which includes 57,983 utterances. We compare accuracy across a range of classifications from the original Lena Technical Report, alongside a set of analyses examining classification accuracy by utterance type (e.g., declarative, singing). Consistent with previous validations, we find overall high agreement between the human and LENA-generated speaker tags for adult speech in particular, with poorer performance identifying child, overlap, noise, and electronic speech (accuracy range across all measures: 0–92%). We discuss several clear benefits of using this automated system alongside potential caveats based on the error patterns we observe, concluding with implications for research using LENA-generated speaker tags. (PsycInfo Database Record (c) 2021 APA, all rights reserved)(Source: journal abstract)",2020,,Behavior Research Methods,52,2,641-653,2535407295; 2020-26390-013,https://doi.org/10.3758/s13428-019-01265-7,,#310,Bulgarelli 2020,,
Automatic word count estimation from daylong child-centered recordings in various language environments using language-independent syllabification of speech,"Räsänen, Okko; Seshadri, Shreyas; Karadayi, Julien; Riebling, Eric; Bunce, John; Cristia, Alejandrina; Metze, Florian; Casillas, Marisa; Rosemberg, Celia; Bergelson, Elika; Soderstrom, Melanie","Automatic word count estimation (WCE) from audio recordings can be used to quantify the amount of verbal communication in a recording environment. One key application of WCE is to measure language input heard by infants and toddlers in their natural environments, as captured by daylong recordings from microphones worn by the infants. Although WCE is nearly trivial for high-quality signals in high-resource languages, daylong recordings are substantially more challenging due to the unconstrained acoustic environments and the presence of near- and far-field speech. Moreover, many use cases of interest involve languages for which reliable ASR systems or even well-defined lexicons are not available. A good WCE system should also perform similarly for low- and high-resource languages in order to enable unbiased comparisons across different cultures and environments. Unfortunately, the current state-of-the-art solution, the LENA system, is based on proprietary software and has only been optimized for American English, limiting its applicability. In this paper, we build on existing work on WCE and present the steps we have taken towards a freely available system for WCE that can be adapted to different languages or dialects with a limited amount of orthographically transcribed speech data. Our system is based on language-independent syllabification of speech, followed by a language-dependent mapping from syllable counts (and a number of other acoustic features) to the corresponding word count estimates. We evaluate our system on samples from daylong infant recordings from six different corpora consisting of several languages and socioeconomic environments, all manually annotated with the same protocol to allow direct comparison. We compare a number of alternative techniques for the two key components in our system: speech activity detection and automatic syllabification of speech. As a result, we show that our system can reach relatively consistent WCE accuracy across multiple corpora and languages (with some limitations). In addition, the system outperforms LENA on three of the four corpora consisting of different varieties of English. We also demonstrate how an automatic neural network-based syllabifier, when trained on multiple languages, generalizes well to novel languages beyond the training data, outperforming two previously proposed unsupervised syllabifiers as a feature extractor for WCE. (PsycINFO Database Record (c) 2020 APA, all rights reserved)(Source: journal abstract)",2019,,Speech Communication,113,,63-80,2348510791; 2019-56697-007,https://doi.org/10.1016/j.specom.2019.08.005,,#311,Räsänen 2019,,
Understanding spoken language through TalkBank,"MacWhinney, Brian","Ongoing advances in computer technology have opened up a deluge of new datasets for understanding human behavior (Goldstone & Lupyan, 2016). Many of these datasets provide information on the use of written language. However, data on naturally occurring spoken-language conversations are much more difficult to obtain. A major exception to this is the TalkBank system, which provides online multimedia data for 14 types of spoken-language data: language in aphasia, child language, stuttering, child phonology, autism spectrum disorder, bilingualism, Conversation Analysis, classroom discourse, dementia, right hemisphere damage, Danish conversation, second language learning, traumatic brain injury, and daylong recordings in the home. The present report reviews these resources and describes the ways they are being used to further our understanding of human language and communication. (PsycInfo Database Record (c) 2025 APA, all rights reserved)(Source: journal abstract)",2019,,Behavior Research Methods,51,4,1919,2287023386; 2019-48063-029,https://doi.org/10.3758/s13428-018-1174-9,,#312,MacWhinney 2019,,
Parent coaching at 6 and 10 months improves language outcomes at 14 months: A randomized controlled trial,"Ferjan Ramírez, Naja; Lytle, Sarah Roseberry; Fish, Melanie; Kuhl, Patricia K.","Previous studies reveal an association between particular features of parental language input and advances in children's language learning. However, it is not known whether parent coaching aimed to enhance specific input components would (a) successfully increase these components in parents' language input and (b) result in concurrent increases in children's language development. The present randomized controlled trial assigned families of typically developing 6‐month‐old infants to Intervention (parent coaching) and Control (no coaching) groups. Families were equivalent on socioeconomic status, infants' gender, and infants' age. Parent coaching took place when infants were 6 and 10 months of age, and included quantitative and qualitative linguistic feedback on the amount of child‐directed speech, back‐and‐forth interactions, and parentese speech style. These variables were derived from each family's first‐person LENA recordings at home. Input variables and infant language were measured at 6, 10, and 14 months. Parent coaching significantly enhanced language input as measured by two social interaction variables: percentage of speech directed to the child and percentage of parentese speech. These two variables were correlated, and were both related to growth in infant babbling between 6 and 14 months. Intervention infants showed greater growth in babbling than Control infants. Furthermore, at 14 months, Intervention infants produced significantly more words than Control infants, as indicated by LENA recordings and parent report via the MacArthur‐Bates Communicative Developmental Inventory. Together, these results indicate that parent coaching can enrich specific aspects of parental language input, and can immediately and positively impact child language outcomes. A video abstract of this article can be viewed at: https://youtu.be/7wqR28gPiwo (PsycInfo Database Record (c) 2021 APA, all rights reserved)(Source: journal abstract)",2019,,Developmental Science,22,3,14-Jan,2140741689; 2018-60924-001,https://doi.org/10.1111/desc.12762,,#314,FerjanRamírez 2019,,
Amount of speech exposure predicts vowel perception in four- to eight-month-olds,"Marklund, Ellen; Schwarz, Iris-Corinna; Lacerda, Francisco","During the first year of life, infants shift their focus in speech perception from acoustic to linguistic information. This perceptual reorganization is related to exposure, and a direct relation has previously been demonstrated between amount of daily language exposure and mismatch response (MMR) amplitude to a native consonant contrast at around one year of age. The present study investigates the same relation between amount of speech exposure and MMR amplitude to a native vowel contrast at four to eight months of age. Importantly, the present study uses spectrally rotated speech in an effort to take general neural maturation into account. The amplitude of the part of the MMR that is tied specifically to speech processing correlates with amount of daily speech exposure, as estimated using the LENA system. (PsycINFO Database Record (c) 2019 APA, all rights reserved)(Source: journal abstract)",2019,,Developmental Cognitive Neuroscience,36,,8,2265917533; 2019-36064-001,https://doi.org/10.1016/j.dcn.2019.100622,,#315,Marklund 2019,,
How effective is LENA in detecting speech vocalizations and language produced by children and adolescents with ASD in different contexts?,"Jones, Rebecca M.; Skwerer, Daniela Plesa; Pawar, Rahul; Hamo, Amarelle; Carberry, Caroline; Ajodan, Eliana L.; Caulley, Desmond; Silverman, Melanie R.; McAdoo, Shannon; Meyer, Steven; Yoder, Anne; Clements, Mark; Lord, Catherine; Tager‐Flusberg, Helen","The LENA system was designed and validated to provide information about the language environment in children 0 to 4 years of age and its use has been expanded to populations with a number of communication profiles. Its utility in children 5 years of age and older is not yet known. The present study used acoustic data from two samples of children with autism spectrum disorders (ASD) to evaluate the reliability of LENA automated analyses for detecting speech utterances in older, school age children, and adolescents with ASD, in clinic and home environments. Participants between 5 and 18 years old who were minimally verbal (study 1) or had a range of verbal abilities (study 2) completed standardized assessments in the clinic (study 1 and 2) and in the home (study 2) while speech was recorded from a LENA device. We compared LENA segment labels with manual ground truth coding by human transcribers using two different methods. We found that the automated LENA algorithms were not successful (<50% reliable) in detecting vocalizations from older children and adolescents with ASD, and that the proportion of speaker misclassifications by the automated system increased significantly with the target‐child's age. The findings in children and adolescents with ASD suggest possibly misleading results when expanding the use of LENA beyond the age ranges for which it was developed and highlight the need to develop novel automated methods that are more appropriate for older children. Autism Research 2019, 12: 628–635. © 2019 International Society for Autism Research, Wiley Periodicals, Inc. Lay Summary Current commercially available speech detection algorithms (LENA system) were previously validated in toddlers and children up to 48 months of age, and it is not known whether they are reliable in older children and adolescents. Our data suggest that LENA does not adequately capture speech in school age children and adolescents with autism and highlights the need to develop new automated methods for older children. (PsycInfo Database Record (c) 2022 APA, all rights reserved)(Source: journal abstract)",2019,,Autism Research,12,4,628-635,2167955492; 2019-02354-001,https://doi.org/10.1002/aur.2071,,#316,Jones 2019,,
What do North American babies hear? A large‐scale cross‐corpus analysis,"Bergelson, Elika; Casillas, Marisa; Soderstrom, Melanie; Seidl, Amanda; Warlaumont, Anne S.; Amatuni, Andrei","A range of demographic variables influences how much speech young children hear. However, because studies have used vastly different sampling methods, quantitative comparison of interlocking demographic effects has been nearly impossible, across or within studies. We harnessed a unique collection of existing naturalistic, day‐long recordings from 61 homes across four North American cities to examine language input as a function of age, gender, and maternal education. We analyzed adult speech heard by 3‐ to 20‐month‐olds who wore audio recorders for an entire day. We annotated speaker gender and speech register (child‐directed or adult‐directed) for 10,861 utterances from female and male adults in these recordings. Examining age, gender, and maternal education collectively in this ecologically valid dataset, we find several key results. First, the speaker gender imbalance in the input is striking: children heard 2–3 × more speech from females than males. Second, children in higher‐maternal education homes heard more child‐directed speech than those in lower‐maternal education homes. Finally, our analyses revealed a previously unreported effect: the proportion of child‐directed speech in the input increases with age, due to a decrease in adult‐directed speech with age. This large‐scale analysis is an important step forward in collectively examining demographic variables that influence early development, made possible by pooled, comparable, day‐long recordings of children's language environments. The audio recordings, annotations, and annotation software are readily available for reuse and reanalysis by other researchers. (PsycInfo Database Record (c) 2021 APA, all rights reserved)(Source: journal abstract)",2019,,Developmental Science,22,1,12-Jan,2130086223; 2018-54599-001,https://doi.org/10.1111/desc.12724,,#317,Bergelson 2019,,
"Day by day, hour by hour: Naturalistic language input to infants","Bergelson, Elika; Amatuni, Andrei; Dailey, Shannon; Koorathota, Sharath; Tor, Shaelise","Measurements of infants’ quotidian experiences provide critical information about early development. However, the role of sampling methods in providing these measurements is rarely examined. Here we directly compare language input from hour‐long video‐recordings and daylong audio‐recordings within the same group of 44 infants at 6 and 7 months. We compared 12 measures of language quantity and lexical diversity, talker variability, utterance‐type, and object presence, finding moderate correlations across recording‐types. However, video‐recordings generally featured far denser noun input across these measures compared to the daylong audio‐recordings, more akin to ‘peak’ audio hours (though not as high in talkers and word‐types). Although audio‐recordings captured ~10 times more awake‐time than videos, the noun input in them was only 2–4 times greater. Notably, whether we compared videos to daylong audio‐recordings or peak audio times, videos featured relatively fewer declaratives and more questions; furthermore, the most common video‐recorded nouns were less consistent across families than the top audio‐recording nouns were. Thus, hour‐long videos and daylong audio‐recordings revealed fairly divergent pictures of the language infants hear and learn from in their daily lives. We suggest that short video‐recordings provide a dense and somewhat different sample of infants’ language experiences, rather than a typical one, and should be used cautiously for extrapolation about common words, talkers, utterance‐types, and contexts at larger timescales. If theories of language development are to be held accountable to ‘facts on the ground’ from observational data, greater care is needed to unpack the ramifications of sampling methods of early language input. (PsycInfo Database Record (c) 2021 APA, all rights reserved)(Source: journal abstract)",2019,,Developmental Science,22,1,10-Jan,2088263005; 2018-40046-001,https://doi.org/10.1111/desc.12715,,#318,Bergelson 2019,,
Using language input and lexical processing to predict vocabulary size,"Mahr, Tristan; Edwards, Jan","Children learn words by listening to caregivers, and the quantity and quality of early language input predict later language development. Recent research suggests that word recognition efficiency may influence the relationship between input and vocabulary growth. We asked whether language input and lexical processing at 28–39 months predicted vocabulary size one year later in 109 preschoolers. Input was measured using adult word counts from LENA recordings. We used the visual world paradigm and measured lexical processing as the rate of change in proportion of looks to target. Regression analysis showed that lexical processing did not constrain the effect of input on vocabulary size. We also found that input and processing were more reliable predictors of receptive than expressive vocabulary growth. (PsycINFO Database Record (c) 2019 APA, all rights reserved)(Source: journal abstract)",2018,,Developmental Science,21,6,13-Jan,2043494514; 2018-24135-001,https://doi.org/10.1111/desc.12685,,#319,Mahr 2018,,
Correlation and agreement between Language ENvironment Analysis (LENA™) and manual transcription for Dutch natural language recordings,"Busch, Tobias; Sangen, Anouk; Vanpoucke, Filiep; van Wieringen, Astrid","The Language ENvironment Analysis system (lena™) automatically analyzes the natural sound environments of children. Among other things, it estimates the amounts of adult words (awc), child vocalizations (cv), conversational turns (ct), and electronic media (tv) that a child is exposed to. To assess lena’s reliability, we compared it to manual transcription. Specifically, we calculated the correlation and agreement between the lena estimates and manual counts for 48 five-min audio samples. These samples were selected from eight day-long recordings of six Dutch-speaking children (ages 2–5). The correlations were strong for awc, r = . 87, and cv, r = . 77, and comparatively low for ct, r = . 52, and tv, r = . 50. However, the agreement analysis revealed a constant bias in awc counts, and proportional biases for cv and ct (i.e., the bias varied with the values for cv and ct). Agreement for detecting electronic media was poor. Moreover, the limits of agreement were wide for all four metrics. That is, the differences between lena and the manual transcriptions for individual audio samples varied widely around the mean difference. This variation could indicate that lena was affected by differences between the samples that did not equally affect the human transcribers. The disagreements and biases cast doubt on the comparability of lena measurements across families and time, which is crucial for using lena in research. Our sample is too small to conclude within which limits lena’s measurements are comparable, but it seems advisable to be cautious of factors that could systematically bias lena’s performance and thereby create confounds. (PsycINFO Database Record (c) 2018 APA, all rights reserved)(Source: journal abstract)",2018,,Behavior Research Methods,50,5,1921-1932,2124107205; 2018-48746-013,https://doi.org/10.3758/s13428-017-0960-0,,#321,Busch 2018,,
A year in words: The dynamics and consequences of language experiences in an intervention classroom,"Perry, Lynn K.; Prince, Emily B.; Valtierra, Adriana M.; Rivero-Fernandez, Camila; Ullery, Mary Anne; Katz, Lynne F.; Laursen, Brett; Messinger, Daniel S.","Children from low SES backgrounds hear, on average, fewer words at home than those from high SES backgrounds. This word gap is associated with widening achievement differences in children's language abilities and school readiness. However relatively little is known about adult and child speech in childcare settings, in which approximately 30% of American children are enrolled. We examined the influence of teacher and peer language input on children's in-class language use and language development in an intervention classroom for low-SES, high-risk 2- to 3-year-olds. Over the course of a year, day-long recordings of the classroom were collected weekly with LENA recorders. Using LENA software algorithms, we found that language input from peers was positively related to children's in-class language use, both in-the-moment and over the course of each day, as were the number of conversational turns in which children and teachers engaged Both peer input and conversational turns with teachers were also positively related to children's language development rates, as indexed by increases in vocabulary size. Together these results indicate the importance of child-specific rates of classroom language input in the language development of high-risk, preschoolers. (PsycInfo Database Record (c) 2020 APA, all rights reserved)(Source: journal abstract)",2018,,PLoS ONE,13,7,25,2273357949; 2018-33645-001,https://doi.org/10.1371/journal.pone.0199893,,#323,Perry 2018,,
A concise protocol for the validation of Language ENvironment Analysis (LENA) conversational turn counts in Vietnamese,"Ganek, Hillary V.; Eriks-Brophy, Alice","The aim of this study was to present a protocol for the validation of the Language ENvironment Analysis (LENA) System’s conversational turn count (CTC) for Vietnamese speakers. Ten families of children aged between 22 and 42 months, recruited near Ho Chi Minh City, participated in this project. Each child wore the LENA audio recorder for a full day. Two native speakers listened to 10-min extracts of the recordings from each family and labeled conversational turns according to the coding protocol. Their results were compared with the findings from the LENA software. A Spearman rank correlation test indicated a strong level of correlation between the LENA software and the human coders, r s(18) = .70, p < .001. The LENA System’s CTC provides a reasonably accurate estimate of conversational turns in Vietnamese recordings, showing that this protocol can yield significant results. Discrepancies between the coders and the software are discussed, and the strengths and weaknesses of the proposed protocol are highlighted. (PsycInfo Database Record (c) 2022 APA, all rights reserved)(Source: journal abstract)",2018,,Communication Disorders Quarterly,39,2,371-380,2130898422; 2017-57987-007,https://doi.org/10.1177/1525740117705094,,#327,Ganek 2018,,
The stability and validity of automated vocal analysis in preverbal preschoolers with autism spectrum disorder,"Woynaroski, Tiffany; Oller, D. Kimbrough; Keceli‐Kaysili, Bahar; Xu, Dongxin; Richards, Jeffrey A.; Gilkerson, Jill; Gray, Sharmistha; Yoder, Paul","Theory and research suggest that vocal development predicts “useful speech” in preschoolers with autism spectrum disorder (ASD), but conventional methods for measurement of vocal development are costly and time consuming. This longitudinal correlational study examines the reliability and validity of several automated indices of vocalization development relative to an index derived from human coded, conventional communication samples in a sample of preverbal preschoolers with ASD. Automated indices of vocal development were derived using software that is presently “in development” and/or only available for research purposes and using commercially available Language ENvironment Analysis (LENA) software. Indices of vocal development that could be derived using the software available for research purposes: (a) were highly stable with a single day‐long audio recording, (b) predicted future spoken vocabulary to a degree that was nonsignificantly different from the index derived from conventional communication samples, and (c) continued to predict future spoken vocabulary even after controlling for concurrent vocabulary in our sample. The score derived from standard LENA software was similarly stable, but was not significantly correlated with future spoken vocabulary. Findings suggest that automated vocal analysis is a valid and reliable alternative to time intensive and expensive conventional communication samples for measurement of vocal development of preverbal preschoolers with ASD in research and clinical practice. (PsycInfo Database Record (c) 2022 APA, all rights reserved)(Source: journal abstract)",2017,,Autism Research,10,3,508-519,1812934217; 2016-36868-001,https://doi.org/10.1002/aur.1667,,#331,Woynaroski 2017,,
Fidelity of automatic speech processing for adult and child talker classifications,"VanDam, Mark; Silbert, Noah H.","Automatic speech processing (ASP) has recently been applied to very large datasets of naturalistically collected, daylong recordings of child speech via an audio recorder worn by young children. The system developed by the LENA Research Foundation analyzes children's speech for research and clinical purposes, with special focus on of identifying and tagging family speech dynamics and the at-home acoustic environment from the auditory perspective of the child. A primary issue for researchers, clinicians, and families using the Language ENvironment Analysis (LENA) system is to what degree the segment labels are valid. This classification study evaluates the performance of the computer ASP output against 23 trained human judges who made about 53,000 judgements of classification of segments tagged by the LENA ASP. Results indicate performance consistent with modern ASP such as those using HMM methods, with acoustic characteristics of fundamental frequency and segment duration most important for both human and machine classifications. Results are likely to be important for interpreting and improving ASP output. (PsycInfo Database Record (c) 2020 APA, all rights reserved)(Source: journal abstract)",2016,,PLoS ONE,11,8,13,1961814958; 2016-40994-001,https://doi.org/10.1371/journal.pone.0160588,,#333,VanDam 2016,,
Child and classroom characteristics associated with the adult language provided to preschoolers with autism spectrum disorder,"Irvin, Dwight W.; Hume, Kara; Boyd, Brian A.; McBee, Matthew T.; Odom, Samuel L.","The aim of this study was to examine associations between the automated Language ENvironment Analysis (LENA) system adult word count (AWC) variable and characteristics of classrooms (e.g., teacher burnout) and preschoolers with autism spectrum disorder (ASD) (e.g., autism severity). The AWC samples from 67 preschoolers with ASD were collected during typical morning classroom routines (e.g., center time). Results indicated that AWC was positively associated with children’s cognitive ability and negatively associated teacher burnout and adult to student with ASD ratio. Lower adult to children with ASD ratio (i.e., fewer adults relative to students with ASD) resulted in preschoolers receiving less adult language. Additional factors thought to be related to child and classroom characteristics affecting the adult language directed at children with ASD are discussed. (PsycInfo Database Record (c) 2025 APA, all rights reserved)(Source: journal abstract)",2013,,Research in Autism Spectrum Disorders,7,8,947,1461655405; 2013-21500-004,https://doi.org/10.1016/j.rasd.2013.04.004,,#337,Irvin 2013,,
Stability and validity of an automated measure of vocal development from day‐long samples in children with and without autism spectrum disorder,"Yoder, Paul J.; Oller, D. Kimbrough; Richards, Jeffrey A.; Gray, Sharmistha; Gilkerson, Jill","Individual difference measures of vocal development may eventually aid our understanding of the variability in spoken language acquisition in children with autism spectrum disorder (ASD). Large samples of child vocalizations may be needed to maximize the stability of vocal development estimates. Day-long vocal samples can now be automatically analyzed based on acoustic characteristics of speech likeness identified in theoretically driven and empirically cross-validated quantitative models of typical vocal development. This report indicates that a single day-long recording can produce a stable estimate for a measure of vocal development that is highly related to expressive spoken language in a group of young children with ASD and in a group that is typically developing. (PsycInfo Database Record (c) 2022 APA, all rights reserved)(Source: journal abstract)",2013,,Autism Research,6,2,103-107,1367577650; 2013-14634-004,https://doi.org/10.1002/aur.1271,,#339,Yoder 2013,,
"Automated vocal analysis of naturalistic recordings from children with autism, language delay, and typical development","Oller, D. K.; Niyogi, P.; Gray, S.; Richards, J. A.; Gilkerson, J.; Xu, D.; Yapanel, U.; Warren, S. F.","For generations the study of vocal development and its role in language has been conducted laboriously, with human transcribers and analysts coding and taking measurements from small recorded samples. Our research illustrates a method to obtain measures of early speech development through automated analysis of massive quantities of day-long audio recordings collected naturalistically in children's homes. A primary goal is to provide insights into the development of infant control over infrastructural characteristics of speech through large-scale statistical analysis of strategically selected acoustic parameters. In pursuit of this goal we have discovered that the first automated approach we implemented is not only able to track children's development on acoustic parameters known to play key roles in speech, but also is able to differentiate vocalizations from typically developing children and children with autism or language delay. The method is totally automated, with no human intervention, allowing efficient sampling and analysis at unprecedented scales. The work shows the potential to fundamentally enhance research in vocal development and to add a fully objective measure to the battery used to detect speech-related disorders in early childhood. Thus, automated analysis should soon be able to contribute to screening and diagnosis procedures for early disorders, and more generally, the findings suggest fundamental methods for the study of language in natural environments. (PsycInfo Database Record (c) 2022 APA, all rights reserved)(Source: journal abstract)",2010,,PNAS Proceedings of the National Academy of Sciences of the United States of America,107,30,13354-13359,754059709; 2010-16306-002,https://doi.org/10.1073/pnas.1003882107,,#341,Oller 2010,,
Is silence golden? A pilot study exploring associations between children’s language environment and their language skills in Estonian-speaking families,"Tulviste, Tiia; Tamm, Anni","This two-wave longitudinal study explored how Estonian children’s language environment relates to their language skills. The Language ENvironment Analysis (LENA) system’s automated measures were used as a source of information about children’s home language environment. Children’s expressive vocabulary was measured via the parent-reported Estonian CDI III (ECDI-III), and language comprehension and production were measured via the examiner-administered New Reynell Developmental Language Scales (NRDLS). The assessments were made 1 year apart at ages 3;0 (years; months) (N = 22) and 4;0 (N = 19). The results revealed wide variability in children’s home language environment and language skills. Girls’ language production scores were higher; they heard a larger quantity of adult words and spent less time in noisy environments than boys at Wave 2. At Wave 1, children’s word count was positively associated with productive language scores, whereas silence was negatively associated with language production and expressive vocabulary. At Wave 2, children who had been more exposed to electronic media scored higher on expressive vocabulary. Distant speech at Wave 1 was positively correlated with language comprehension scores at Wave 2 also when controlling for language comprehension scores at Wave 1. The results, which indicate that distant talk is a positive aspect and silence is a negative aspect of the language environment, highlight the importance of “languagizing” homes also in cultures where silence tends to be more highly valued and talkativeness tends to be less highly valued when compared with English-speaking middle-class families. (PsycInfo Database Record (c) 2021 APA, all rights reserved)(Source: journal abstract)",2021,,Journal of Experimental Child Psychology,207,,11,2516284818; 2021-34261-001,https://doi.org/10.1016/j.jecp.2021.105096,,#346,Tulviste 2021,,
Profiles of vocalization change in children with autism receiving early intervention,"Trembath, David; Westerveld, Marleen F.; Teppala, Srinivas; Thirumanickam, Abirami; Sulek, Rhylee; Rose, Veronica; Tucker, Madonna; Paynter, Jessica; Hetzroni, Orit; Keen, Deb; Vivanti, Giacomo","Children with autism spectrum disorder (ASD) commonly present with comorbid language impairment, negatively impacting their learning and participation across settings. Addressing these needs requires a detailed understanding of their communication trajectories. In this study, we used the language environment and analysis (LENA) system to examine possible changes in children's (a) vocalizations and (b) ratio of speech to nonspeech vocalizations over a 10‐month period. Data for 23 children with ASD (17M, 6F; ages 32–67 months) were analyzed, including monthly 3‐hr in‐class recordings and standardized measures of language, cognition, and ASD characteristics. Using hierarchical generalized linear models, we found significant time‐trends for child vocalizations (P ≤ 0.001) and the vocalization ratio (P = 0.02), reflecting a waxing and waning pattern. Children with higher expressive language scores (Mullen scales of early learning, Vineland adaptive behavior scales—2nd Ed.) and nonverbal cognition (Mullen scales of early learning), and fewer ASD characteristics (social communication questionnaire) demonstrated greater increases in the vocalization ratio over time (P values 0.04–0.01). Children with greater language and cognition difficulties were the most vocal, but produced a higher proportion of nonspeech vocalizations. The results demonstrate that significant fluctuations, as opposed to linear increases, may be observed in children with ASD receiving intervention, highlighting the value of assessment at multiple time‐points. In addition, the findings highlight the need to consider both the quantity (vocalization counts) and quality (ratio of speech to nonspeech vocalizations) when interpreting LENA data, with the latter appearing to provide a more robust measure of communication. Lay Abstract: In this study, we examined possible changes in speech and nonspeech vocalizations in 23 children with autism attending a comprehensive early intervention program over a 10‐month period. Contrary to our expectation, we observed a waxing and waning pattern of change in children's vocalizations over time, rather than a steady increase. We also found evidence to suggest that looking at the quality of children's vocalizations (i.e., the ratio of speech to nonspeech vocalizations) provides a more accurate picture of children's development than simply looking at the quantity (i.e., how frequently they vocalize). (PsycInfo Database Record (c) 2020 APA, all rights reserved)(Source: journal abstract)",2019,,Autism Research,12,5,830-842,2171815420; 2019-04419-001,https://doi.org/10.1002/aur.2075,,#352,Trembath 2019,,
A new measure of child vocal reciprocity in children with autism spectrum disorder,"Harbison, Amy L.; Woynaroski, Tiffany G.; Tapp, Jon; Wade, Joshua W.; Warlaumont, Anne S.; Yoder, Paul J.","Children's vocal development occurs in the context of reciprocal exchanges with a communication partner who models “speechlike” productions. We propose a new measure of child vocal reciprocity, which we define as the degree to which an adult vocal response increases the probability of an immediately following child vocal response. Vocal reciprocity is likely to be associated with the speechlikeness of vocal communication in young children with autism spectrum disorder (ASD). Two studies were conducted to test the utility of the new measure. The first used simulated vocal samples with randomly sequenced child and adult vocalizations to test the accuracy of the proposed index of child vocal reciprocity. The second was an empirical study of 21 children with ASD who were preverbal or in the early stages of language development. Daylong vocal samples collected in the natural environment were computer analyzed to derive the proposed index of child vocal reciprocity, which was highly stable when derived from two daylong vocal samples and was associated with speechlikeness of vocal communication. This association was significant even when controlling for chance probability of child vocalizations to adult vocal responses, probability of adult vocalizations, or probability of child vocalizations. A valid measure of children's vocal reciprocity might eventually improve our ability to predict which children are on track to develop useful speech and/or are most likely to respond to language intervention. A link to a free, publicly‐available software program to derive the new measure of child vocal reciprocity is provided. Lay Summary: Children and adults often engage in back‐and‐forth vocal exchanges. The extent to which they do so is believed to support children's early speech and language development. Two studies tested a new measure of child vocal reciprocity using computer‐generated and real‐life vocal samples of young children with autism collected in natural settings. The results provide initial evidence of accuracy, test‐retest reliability, and validity of the new measure of child vocal reciprocity. A sound measure of children's vocal reciprocity might improve our ability to predict which children are on track to develop useful speech and/or are most likely to respond to language intervention. A free, publicly‐available software program and manuals are provided. (PsycInfo Database Record (c) 2022 APA, all rights reserved)(Source: journal abstract)",2018,,Autism Research,11,6,903-915,2011633016; 2018-09877-001,https://doi.org/10.1002/aur.1942,,#358,Harbison 2018,,
Reliability of the Language ENvironment Analysis system (LENA™) in European French,"Canault, Mélanie; Le Normand, Marie-Thérèse; Foudil, Samy; Loundon, Natalie; Thai-Van, Hung","In this study, we examined the accuracy of the Language ENvironment Analysis (LENA) system in European French. LENA is a digital recording device with software that facilitates the collection and analysis of audio recordings from young children, providing automated measures of the speech overheard and produced by the child. Eighteen native French-speaking children, who were divided into six age groups ranging from 3 to 48 months old, were recorded about 10–16 h per day, three days a week. A total of 324 samples (six 10-min chunks of recordings) were selected and then transcribed according to the CHAT format. Simple and mixed linear models between the LENA and human adult word count (AWC) and child vocalization count (CVC) estimates were performed, to determine to what extent the automatic and the human methods agreed. Both the AWC and CVC estimates were very reliable (r = .64 and .71, respectively) for the 324 samples. When controlling the random factors of participants and recordings, 1 h was sufficient to obtain a reliable sample. It was, however, found that two age groups (7–12 months and 13–18 months) had a significant effect on the AWC data and that the second day of recording had a significant effect on the CVC data. When noise-related factors were added to the model, only a significant effect of signal-to-noise ratio was found on the AWC data. All of these findings and their clinical implications are discussed, providing strong support for the reliability of LENA in French. (PsycINFO Database Record (c) 2016 APA, all rights reserved)(Source: journal abstract)",2016,,Behavior Research Methods,48,3,1109-1124,1821807917; 2016-42303-023,https://doi.org/10.3758/s13428-015-0634-8,,#361,Canault 2016,,
Novel methodology to examine cognitive and experiential factors in language development: Combining eye-tracking and LENA technology,"Odean, Rosalie; Nazareth, Alina; Pruden, Shannon M.","Developmental systems theory posits that development cannot be segmented by influences acting in isolation, but should be studied through a scientific lens that highlights the complex interactions between these forces over time (Overton, 2013a). This poses a unique challenge for developmental psychologists studying complex processes like language development. In this paper, we advocate for the combining of highly sophisticated data collection technologies in an effort to move toward a more systemic approach to studying language development. We investigate the efficiency and appropriateness of combining eye-tracking technology and the LENA (Language Environment Analysis) system, an automated language analysis tool, in an effort to explore the relation between language processing in early development, and external dynamic influences like parent and educator language input in the home and school environments. Eye-tracking allows us to study language processing via eye movement analysis; these eye movements have been linked to both conscious and unconscious cognitive processing, and thus provide one means of evaluating cognitive processes underlying language development that does not require the use of subjective parent reports or checklists. The LENA system, on the other hand, provides automated language output that describes a child’s language-rich environment. In combination, these technologies provide critical information not only about a child’s language processing abilities but also about the complexity of the child’s language environment. Thus, when used in conjunction these technologies allow researchers to explore the nature of interacting systems involved in language development. (PsycInfo Database Record (c) 2025 APA, all rights reserved)(Source: journal abstract)",2015,,Frontiers in Psychology,6,,1266,1780497851; 2016-01165-001,https://doi.org/10.3389/fpsyg.2015.01266,,#362,Odean 2015,,
Little Evidence for a Noun Bias in Tseltal Spontaneous Speech,"Casillas, Marisa; Foushee, Ruthe; Juan Méndez Girón; Polian, Gilles; Brown, Penelope","This study examines whether children acquiring Tseltal (Mayan) demonstrate a noun bias -- an overrepresentation of nouns in their early vocabularies. Nouns, specifically concrete and animate nouns, are argued to universally predominate in children's early vocabularies because their referents are naturally available as bounded concepts to which linguistic labels can be mapped. This early advantage for noun learning has been documented using multiple methods and across a diverse collection of language populations. However, past evidence bearing on a noun bias in Tseltal learners has been mixed. Tseltal grammatical features and child--caregiver interactional patterns dampen the salience of nouns and heighten the salience of verbs, leading to the prediction of a diminished noun bias and perhaps even an early predominance of verbs. We here analyze the use of noun and verb stems in children's spontaneous speech from egocentric daylong recordings of 29 Tseltal learners between 0;9 and 4;4. We find weak to no evidence for a noun bias using two separate analytical approaches on the same data; one analysis yields a preliminary suggestion of a flipped outcome (i.e. a verb bias). We discuss the implications of these findings for broader theories of learning bias in early lexical development.",2024,,First Language,44,6,600-628,3174440474; EJ1449617,https://doi.org/10.1177/01427237231216571,,#368,Casillas 2024,,
"What Do Parents Really Think? Knowledge, Beliefs, and Self-Awareness of Parentese in Relation to Its Use in Daylong Recordings","Ramírez, Naja Ferjan","This study focuses on parental use of parentese: the acoustically exaggerated, clear, and higher-pitched speech produced by adults across cultures when they address infants. While previous research shows that parentese enhances language learning and processing, it is still unclear what drives the variability in the amount of parental parentese use. We report on the development of a survey related to parental beliefs, knowledge, and self-awareness of parentese, and the cross-validation of this survey with daylong recordings in which parental parentese was measured through observation. Forty mother-father (18 monolingual English and 22 bilingual Spanish/English) U.S. families with infants between 3 and 24 months of age participated. Scores on the parentese questionnaire showed wide variability, suggesting that many parents were unsure about the effects of parentese on infant language development, and had limited self-awareness of their own parentese use. Almost half of the parents claimed that they talked to their child 'like an adult', and a similar number disagreed with the claim that parentese can support language learning. Our observational assessment of parentese demonstrated that all mothers and all fathers used parentese when talking to their infants; mothers in an average of 81% and fathers in an average of 69% of child-directed segments. Importantly, maternal parentese knowledge/beliefs scores, as well as their self-reported parentese use, were significantly positively correlated with observed parentese use; these relations were not significant for fathers. These results demonstrate that maternal and paternal links between beliefs, self-awareness, and behavior may be distinct, emphasizing the importance of studying all caregivers and using observational methodologies. More broadly, a thorough understanding of the factors that shape infants' language environments contributes to theories of language acquisition and can aid in intervention design.",2024,,First Language,44,1,22-Mar,3040236689; EJ1409426,https://doi.org/10.1177/01427237231216010,,#373,Ramírez 2024,,
Long-Form Recordings in Low- and Middle-Income Countries: Recommendations to Achieve Respectful Research,"Léon, Mathilde; Meera, Shoba S; Anne-Caroline Fiévet; Cristia, Alejandrina","The last decade has seen a rise in big data approaches, including in the humanities, whereby large quantities of data are collected and analysed. In this paper, we discuss long-form audio recordings that result from individuals wearing a recording device for many hours. Linguists, psychologists and anthropologists can use them, for example, to study infants' or adults' linguistic behaviour. In the past, recorded individuals and communities have resided in high-income countries (HICs) almost exclusively. Recognising the need for better representation of all cultures and linguistic experiences, researchers have more recently started to collect long-form audio recordings in low- and middle-income countries (LMICs). We aim to help researchers to collect, analyse and use these recordings ethically. To do so, we identify four main ethical challenges linked to research that relies on long-form recordings in LMICs. We provide recommendations to overcome these challenges. These considerations should be useful to researchers employing other big data techniques collected via wearables.",2024,,Research Ethics,20,1,96-111,3040234967; EJ1406388,https://doi.org/10.1177/17470161231199382,,#374,Léon 2024,,
Everyday Parameters for Episode-to-Episode Dynamics in the Daily Music of Infancy,"Mendoza, Jennifer K.; Fausey, Caitlin M.","Experience-dependent change pervades early human development. Though trajectories of developmental change have been well charted in many domains, the episode-to-episode schedules of experiences on which they are hypothesized to depend have not. Here, we took up this issue in a domain known to be governed in part by early experiences: music. Using a corpus of longform audio recordings, we parameterized the daily schedules of music encountered by 35 infants ages 6-12 months. We discovered that everyday music episodes, as well as the interstices between episodes, typically persisted less than a minute, with most daily schedules also including some very extended episodes and interstices. We also discovered that infants encountered music episodes in a bursty rhythm, rather than a periodic or random rhythm, over the day. These findings join a suite of recent discoveries from everyday vision, motor, and language that expand our imaginations beyond artificial learning schedules and enable theorists to model the history-dependence of developmental process in ways that respect everyday sensory histories. Future theories about how infants build knowledge across multiple episodes can now be parameterized using these insights from infants' everyday lives.",2022,,Cognitive Science,46,8,,2722605770; EJ1345695,https://doi.org/10.1111/cogs.13178,,#381,Mendoza 2022,,
How Much Do Children Say in a Day?,"Wagner, Klaus R.","Describe studies in which day-long recordings were made of nine-year-old children's spontaneous speech. Results indicate that: (1) children aged five to 15 speak some 20,000 words of discourse per day in about two to three hours of pure speaking time; (2) they have an active vocabulary of some 3,000 word-form types. (SED)",1985,,Journal of Child Language,12,2,475-87,63401975; EJ320042,,,#414,Wagner 1985,,
"Managing, storing, and sharing long-form recordings and their annotations","Gautheron, Lucas; Rochat, Nicolas; Cristia, Alejandrina","The technique of long-form recordings via wearables is gaining momentum in different fields of research, notably linguistics and neurology. This technique, however, poses several technical challenges, some of which are amplified by the peculiarities of the data, including their sensitivity and their volume. In this paper, we begin by outlining key problems related to the management, storage, and sharing of the corpora that emerge when using this technique. We continue by proposing a multi-component solution to these problems, specifically in the case of daylong recordings of children. As part of this solution, we release ChildProject, a Python package for performing the operations typically required by such datasets and for evaluating the reliability of annotations using a number of measures commonly used in speech processing and linguistics. This package builds upon an annotation management system, which allows the importation of annotations from a wide range of existing formats, as well as upon data validation procedures, which assert the conformity of the data, or, alternatively, produce detailed and explicit error reports. Our proposal could be generalized to populations other than children and beyond linguistics.",2023,,LANGUAGE RESOURCES AND EVALUATION,57,1,343-375,WOS:000751204500001,10.1007/s10579-022-09579-3,,#415,Gautheron 2023,,
Canonical Babbling in Korean-Acquiring Infants at 4-9 Months of Age,"Ha, Seunghee; Oller, D. Kimbrough","Objectives: Canonical babbling is a key feature of vocal development in the first year. This study aimed to examine changes in canonical babbling in Korean-acquiring infants from 4 to 9 months of age based on vocal samples obtained through all-day recordings in naturalistic environments. Methods: Language ENvironment Analysis (LENA) all-day home recordings were obtained from 13 infants aged 4-6 months and 13 infants aged 7-9 months. Twenty 5-minute segments with the highest child vocalization rate were extracted from each infant's LENA recording. The coders, who received intensive coding training, determined syllable types (canonical, non-canonical, glide, or glottal syllables) while listening to the selected recordings.The effects of age and gender were determined on the number of each syllable type and canonical babbling ratios (CBR). Results: The results indicated that infants aged 7-9 months produced significantly more canonical syllables and showed higher CBR than infants aged 4-6 months. Eight 7 to 9-month-old infants had entered canonical babbling stage. Boys produced significantly more canonical syllables and showed higher CBR than girls in this study. Conclusion:This study is the first effort to evaluate canonical babbling in Korean-acquiring infants and examine vocal development through a representative sampling of vocalizations in natural environments through day-long recordings.",2019,,COMMUNICATION SCIENCES AND DISORDERS-CSD,24,1,8-Jan,WOS:000464565700001,10.12963/csd.19577,,#422,Ha 2019,,
Mommy and Mama: Parental Language Input from Mother-Mother Couples,"Braverman, Adeline; Correa, Lili; Ferjan Ramirez, Naja","In families headed by mother-father dyads in the U.S., fathers provide less input to their infants and use less parentese, an infant-directed speech register with higher pitch, slower tempo, and exaggerated intonation, than mothers. In this observational study, we examined input from mother-mother-headed families to determine whether similar imbalances occur among caregivers of the same gender, and whether within-dyad differences are related to gender/sex or alternative factors such as caregiver roles. Daylong Language ENvironment Analysis (LENA) recordings and questionnaire data were collected from twenty-one 3 to 24-month-old infants and their English-speaking mother-mother parents. LENA recordings were manually annotated and transcribed. Mother-mother couples exhibited imbalances in both parentese use and overall talk, suggesting that variability in language input is not due solely to gender/sex. While there was no relation between overall amount of talk and caregiving responsibilities, there was a positive correlation between the rate of parentese use and caregiving responsibilities. Furthermore, the degree to which mothers differed in their use of parentese was related to the degree to which they differed in caregiving responsibilities. Together, the present results suggest that within-dyad differences in parentese use may be attributed to differences in parents' involvement in caretaking, rather than gender/sex. Conversely, differences in the amount of talk may be more closely related to gender/sex but are likely subject to additional influences. These results support a functional-social theory of parental language behavior that emphasizes caregiver roles rather than gender-social or evolutionary-biological theories.",2025,,FIRST LANGUAGE,,,,WOS:001651600700001,10.1177/01427237251407527,,#429,Braverman 2025,,
Reverse Engineering Language Acquisition with Child-Centered Long-Form Recordings,"Lavechin, Marvin; de Seyssel, Maureen; Gautheron, Lucas; Dupoux, Emmanuel; Cristia, Alejandrina","Language use in everyday life can be studied using lightweight, wearable recorders that collect long-form recordings-that is, audio (including speech) over whole days. The hardware and software underlying this technique are increasingly accessible and inexpensive, and these data are revolutionizing the language acquisition field. We first place this technique into the broader context of the current ways of studying both the input being received by children and children's own language production, laying out the main advantages and drawbacks of long-form recordings. We then go on to argue that a unique advantage of long-form recordings is that they can fuel realistic models of early language acquisition that use speech to represent children's input and/or to establish production benchmarks. To enable the field to make the most of this unique empirical and conceptual contribution, we outline what this reverse engineering approach from long-form recordings entails, why it is useful, and how to evaluate success.",2022,,ANNUAL REVIEW OF LINGUISTICS,8,,389-407,WOS:000797043100021,10.1146/annurev-linguistics-031120-122120,,#432,Lavechin 2022,,
Comparing Different Methods That Measure Bilingual Children's Language Environment: A Closer Look at Audio Recordings and Questionnaires,"Verhoeven, Emma; van Witteloostuijn, Merel; Oudgenoeg-Paz, Ora; Blom, Elma","The quantity of language input is a relevant predictor of children's language development and is frequently used as a variable in child bilingualism research. Studies use various methods to measure bilingual language input quantity, but it is currently unknown what the optimal method is. We investigated the bilingual language input estimates of 31 Turkish-Dutch and 21 Polish-Dutch 3- to 5-year-old bilingual children, obtained via the questionnaire for Quantifying Bilingual Experience (Q-BEx) and day-long audio recordings made with Language Environment Analysis (LENA), and proposed a combined method that could overcome several shortcomings of the individual methods. The three methods are compared to each other in their correlation strength with receptive and expressive vocabulary scores. Each individual method correlated significantly with vocabulary scores, regardless of modality or language. Contrary to our hypothesis, the combined method did not correlate stronger with vocabulary outcomes than the Q-BEx and LENA individually did. The latter two did not differ significantly from each other in their correlational strength with vocabulary outcomes. These findings show that both the Q-BEx, LENA, and combined method can be deemed reliable to measure bilingual language input quantity. Future studies can make more informed decisions about their methodology in children's bilingualism research.",2024,,LANGUAGES,9,7,,WOS:001277393400001,10.3390/languages9070231,,#443,Verhoeven 2024,,
Analysis of children's everyday language experiences using longform audio: promises and pitfalls (Analisis de las experiencias linguisticas cotidianas de ninos y ninas utilizando audio de formato largo: posibles ventajas y dificultades),"Soderstrom, Melanie","Emerging audio technologies over the last decade have provided a new, unprecedented window into the everyday lives of infants and young children. These new approaches will allow us to begin to address longstanding questions about the nature of language experiences across languages, communities and situations and the role of these experiences in language development across contexts. Here, I discuss the primary technology, LENA (R), as well as more recent technological developments, and some of the recent findings in this domain. I also describe recent efforts to leverage these capabilities towards a much broader vision of exploring diverse child language experiences using largescale collaborative efforts.",2021,,JOURNAL FOR THE STUDY OF EDUCATION AND DEVELOPMENT,44,2,477-501,WOS:000637256300001,10.1080/02103702.2021.1888474,,#455,Soderstrom 2021,,
LENA™ (Language ENvironment Analysis System) : an automated speech recognition system and child language environment,"Canault, Melanie; Le Normand, Marie-Therese; Hung Thai Van","LENA (Language ENvironment Analysis) is a daylong recording system, allowing speech segmentation and automated processing. The algorithm of LENA provides information about speech perception and interaction not only in children with typical development but also in children at risk (e.g., low socioeconomic status) or with atypical development (e.g., Hearing Impairment, Preterm birth, Autism Spectrum Disorder). Over the past five years, a growing number of empirical studies have reported LENA effectiveness, particularly in the field of language intervention. Basic research on language disorders in children is now providing evidence that the acoustic algorithm of LENA can be of help. On one hand, it can provide a series of automated counts on which quantitative studies about child speech production or perception are based, and, on the other hand, it can be of significant help for transcribing large corpora. This overview on LENA provides its advantages and limitations, its applications for basic and clinical research and its perspectives.",2017,,ENFANCE,,2,199-216,WOS:000461202600003,,,#475,Canault 2017,,
Objective Child Behavior Measurement with Naturalistic Daylong Audio Recording and its Application to Autism Identification,"IEEE; Xu, Dongxin; Gilkerson, Jill; Richards, Jeffrey A.","Child behavior in the natural environment is a subject that is relevant for many areas of social science and bio-behavioral research. However, its measurement is currently based mainly on subjective approaches such as parent questionnaires or clinical observation. This study demonstrates an objective and unobtrusive child vocal behavior measurement and monitoring approach using daylong audio recordings of children in the natural home environment. Our previous research has shown significant performance in childhood autism identification. However, there remains the question of why it works. In the previous study, the focus was more on the overall performance and data-driven modeling without regard to the meaning of underlying features. Even if a high risk of autism is predicted, specific information about child behavior that could contribute to the automated categorization was not further explored. This study attempts to clarify this issue by exploring the details of underlying features and uncovering additional behavioral information buried within the audio streams. It was found that much child vocal behavior can be measured automatically by applying signal processing and pattern recognition technologies to daylong audio recordings. By combining many such features, the model achieves an overall autism identification accuracy of 94% (N=226). Similar to many emerging non-invasive and telemonitoring technologies in health care, this approach is believed to have great potential in child development research, clinical practice and parenting.",2012,,2012 ANNUAL INTERNATIONAL CONFERENCE OF THE IEEE ENGINEERING IN MEDICINE AND BIOLOGY SOCIETY (EMBC),,,3708-3711,WOS:000313296503232,,,#484,IEEE 2012,,
How many words are Australian children hearing in the first year of life?,"Brushe, Mary E.; Lynch, John W.; Reilly, Sheena; Melhuish, Edward; Brinkman, Sally A.","Background There is evidence that parents from more socioeconomically disadvantaged backgrounds engage in fewer verbal interactions with their child than more advantaged parents. This leads to the so-called, '30 million-word gap'. This study aims to investigate the number of words children hear and the number of vocalizations children produce in their first year of life and examines whether these aspects of the early language home environment differ by maternal education. Methods Mothers were recruited into a five-year prospective cohort study and categorized into either high or low maternal education groups. Data was derived from the first two waves of the study, when the children were six and twelve months old. At both waves, children were involved in day-long audio recordings using the Language Environment Analysis software that provided automatic counts of adult words spoken to the child, child vocalizations and conversational turns. Descriptive results are presented by maternal education groups. Results There was large variation within each maternal education group, with the number of adult words spoken to the child ranging from 2958 to 39,583 at six months and 4389 to 45,849 at twelve months. There were no meaningful differences between adult words, child vocalizations or conversational turns across maternal education groups at either wave of data collection. Conclusions These results show that a word gap related to maternal education is not apparent up to twelve months of age. The large variability among both maternal education groups suggests that universal interventions that encourage all parents to talk more to their child may be more appropriate than interventions targeted towards disadvantaged families during the first year of life.",2020,,BMC PEDIATRICS,20,1,,WOS:000513829200001,10.1186/s12887-020-1946-0,,#485,Brushe 2020,,
Early Intervention for Children with Cleft Palate Using Language ENvironment Analysis,"Ha, Seunghee","Objectives: This study aimed to verify the effectiveness of early intervention for children with cleft palate using the Language ENvironment Analysis (LENA), and to investigate whether LENA's automated measures reflect the effects of early intervention. Methods: Thirteen children with cleft palate (CP) and their parents participated in all sessions of an early intervention program. Twelve children with CP and their parents were involved as a control group, participating only in pre- and post-intervention assessments. The intervention included five direct training sessions and interventions implemented by parents at home for 3 months. As part of the training, parents were instructed to record a one-day LENA recording before and after the assessments and during each session of direct training. During these sessions, parents reviewed their language stimulation and interaction skills, analyzing the results of automated LENA measures reflecting the language environment. Results: Children in the intervention group demonstrated a significantly greater change in expressive vocabulary size and consonant inventory after the intervention. Parents who received training exhibited significantly increased contingent utterances, such as imitation, expansion, and recast, in response to their children's communication acts compared to those who did not receive the training. Children who received early intervention exhibited a significant improvement in conversation turn counts and child vocalization counts, as measured by automated LENA measures. Conclusion: The results support that using LENA technology can improve early intervention for children with CP. LENA measures can monitor positive changes in children's speech-language development and parents'use of communication strategies.",2023,,COMMUNICATION SCIENCES AND DISORDERS-CSD,28,4,828-836,WOS:001165342500004,10.12963/csd.231003,,#489,Ha 2023,,
Onset of Canonical Babbling in Children with and without Cleft Palate,"Ha, Seunghee","Objectives: The emergence of canonical babbling reflects a critical advance in development of speech capacity in the first year, and late onset of canonical babbling appeared to be a predictor of later speech and language disorders. This study aimed to examine characteristics and changes in canonical babbling in children with and without cleft palate (CP) using all-day recordings in naturalistic environments. Methods: All-day home recordings using Language ENvironment Analysis (LENA) were obtained from 9 children with CP and 9 children without CP at four different time blocks from 4 to 21 months. Twenty 5-mintue segments with the highest child vocalization rate were extracted from each children's LENA recording. Coders classified syllables as canonical and non-canonical syllables, syllables with glottal sounds, and syllables with glides. Group and age comparisons were conducted in terms of the number of each syllable type and canonical babbling ratios (CBR) at observed times. Results: The results indicated that there were no significant group differences in total number of vocalization and syllables across the observed times. Children with CP produced fewer canonical syllables than children without CP at 13-15 months of age.The group differences in the CBR and true CBR were significant at 13-15 months and at 19-21 months. Conclusion: This study suggests that children with CP show late onset of canonical babbling and group difference in the quality of babbling became evident even after surgical repair. This study highlights the importance of early intervention for children with CP.",2019,,COMMUNICATION SCIENCES AND DISORDERS-CSD,24,3,715-723,WOS:000490416600014,10.12963/csd.19643,,#510,Ha 2019,,
It makes a village: child care and prosociality,"Cassar, Alessandra; Cristia, Alejandrina; Grosjean, Pauline; Walker, Sarah","We examine the relationship between allomaternal care (i.e., care for children by individuals other than the mother) and prosociality (reciprocity and altruism). Motivated by ethnographic evidence of a positive association between allomaternal care and societal trust across cultures, we design an economic experiment to measure the relationship between allomaternal care and cooperative behavior among 820 participants in small scale societies of the Solomon Islands. Our results show that receiving help with child care predicts higher levels of reciprocity towards the helper. This relationship remains robust for mothers even after accounting for participant fixed effects, for the nature of the relationship between mother and helper, and for other forms of mutual assistance. Moreover, help from non-relatives is associated with altruism toward strangers, suggesting a novel channel for the development of impersonal prosociality. Strengthening the case for the importance of allomaternal care for human development, we report suggestive evidence of potential socio-cognitive benefits to children who receive care from non-relatives (based on daylong recordings of 197 children analyzed using a multilingually-trained neural network), as well as societal-level benefits in terms of economic growth.",2025,,JOURNAL OF ECONOMIC GROWTH,,,,WOS:001472835000001,10.1007/s10887-025-09254-6,,#518,Cassar 2025,,
A step-by-step guide to collecting and analyzing long-format speech environment (LFSE) recordings,"Casillas, Marisa; Cristia, Alejandrina","Recent years have seen rapid technological development of devices that can record communicative behavior as participants go about daily life. This paper is intended as an end-to-end methodological guidebook for potential users of these technologies, including researchers who want to study children's or adults' communicative behavior in everyday contexts. We explain how long-format speech environment (LFSE) recordings provide a unique view on language use and how they can be used to complement other measures at the individual and group level. We aim to help potential users of these technologies make informed decisions regarding research design, hardware, software, and archiving. We also provide information regarding ethics and implementation, issues that are difficult to navigate for those new to this technology, and on which little or no resources are available. This guidebook offers a concise summary of information for new users and points to sources of more detailed information for more advanced users. Links to discussion groups and community-augmented databases are also provided to help readers stay up-to-date on the latest developments.",2019,,COLLABRA-PSYCHOLOGY,5,1,,WOS:000493293600001,10.1525/collabra.209,,#521,Casillas 2019,,
Research Article The Predictability of Naturalistic Evaluation of All-Day Recordings for Speech and Language Development,"Ha, Seunghee","Objectives: The study aimed to investigate the predictive potential of language environment and vocal development status measures obtained through integrated analysis of Language ENvironment Analysis (LENA) recordings during the prelinguistic stage for subsequent speech and language development in Koreanacquiring children. Specifically, this study explored whether measures from both LENA-automated analysis and human coding at 6-8 months and 12-14 months of age predict vocabulary and phonological development at 18-20 months. Method: One-day home recordings from 20 children were collected using a LENA recorder at 6-8 months, 12-14 months, and 18-20 months. Both LENAautomated measures and measures from human coding were obtained from recordings at 6-8 months and 12-14 months. The number of different words, consonant inventory, and utterance structure inventory were identified from recordings of 18-20 months. Correlation and multiple regression analyses were performed to investigate whether measures related to early language environment and child vocalization at 6-8 months and 12-14 months were predictive of vocabulary and phonological measures at 18-20 months. Results: The results showed that the two main LENA-automated measures, conversational turn count (CTC) and child vocalization count, were positively correlated with all vocabulary and phonological measures at 18-20 months. Multiple regression analysis revealed that CTC during the prelinguistic stages was the most significant predictor of a number of different words, consonant inventory, and utterance structure inventory at 18-20 months. Also, adult word count in LENA-automated measures, child-directed speech ratio, and canonical babbling ratio measured by human coding significantly predicted some vocabulary and phonological measures at 18-20 months. Conclusion: This study highlights the multifaceted nature of language acquisition and collectively emphasizes the value of considering both quantitative and qualitative aspects of language input to understand early language development in children.",2024,,JOURNAL OF SPEECH LANGUAGE AND HEARING RESEARCH,67,5,1370-1384,WOS:001244491700005,10.1044/2024_JSLHR-23-00571,,#522,Ha 2024,,
Exploratory dynamics of vocal foraging during infant-caregiver communication,"Ritwika, V. P. S.; Pretzer, Gina M.; Mendoza, Sara; Shedd, Christopher; Kello, Christopher T.; Gopinathan, Ajay; Warlaumont, Anne S.","We investigated the hypothesis that infants search in an acoustic space for vocalisations that elicit adult utterances and vice versa, inspired by research on animal and human foraging. Infant-worn recorders were used to collect day-long audio recordings, and infant speech-related and adult vocalisation onsets and offsets were automatically identified. We examined vocalisation-to-vocalisation steps, focusing on inter-vocalisation time intervals and distances in an acoustic space defined by mean pitch and mean amplitude, measured from the child's perspective. Infant inter-vocalisation intervals were shorter immediately following a vocal response from an adult. Adult intervals were shorter following an infant response and adult inter-vocalisation pitch differences were smaller following the receipt of a vocal response from the infant. These findings are consistent with the hypothesis that infants and caregivers are foraging vocally for social input. Increasing infant age was associated with changes in inter-vocalisation step sizes for both infants and adults, and we found associations between response likelihood and acoustic characteristics. Future work is needed to determine the impact of different labelling methods and of automatic labelling errors on the results. The study represents a novel application of foraging theory, demonstrating how infant behaviour and infant-caregiver interaction can be characterised as foraging processes.",2020,,SCIENTIFIC REPORTS,10,1,,WOS:000545967200066,10.1038/s41598-020-66778-0,,#523,Ritwika 2020,,
Sequential communication patterns reflecting building blocks of conversation: Associations with toddler temperament and mother and father sensitivity,"Fields-Olivieri, Margaret A.; Jennings, Kristin J.; Thinzar, Crystal E.; Halter, Brianna M.","Although parent-child conversation is a well-established predictor of subsequent language development, the field lacks understanding of how these conversations emerge and are sustained in everyday life, and of non-sociodemographic factors that account for variability in everyday parent-child conversations. In a sample of 24 one-year-olds (Mean Age = 16.47 months; 95.8 % White, 4.2 % Biracial) and their parents who completed daylong audio recordings, we identified three communication sequences reflecting crucial building blocks of parent-toddler conversation: 1) parental responses to toddler verbal/pre-verbal vocalizations, 2) the effect of parental responses on the toddler's subsequent communicative behavior (i.e., whether the toddler vocalized again) and 3) parental initiation of conversations. We examined factors accounting for variability in these sequences, including toddler temperament (effortful control and negative affectivity), parental sensitivity, and the interaction between toddler temperament and parental sensitivity. Higher toddler effortful control predicted marginally greater likelihood of maternal responses to toddler vocalizations, marginally greater likelihood that toddlers vocalized following maternal responses, and significantly greater likelihood that fathers initiated conversation with their toddlers. The effects of toddler negative affectivity were largely moderated by parental sensitivity, with higher negative affectivity generally being negatively associated with sequential patterns of parent-toddler conversation engagement, but with higher mother or father sensitivity buffering against or compensating for some of these disruptions. The results highlight the need to disentangle different aspects of parent-toddler conversation to understand factors that account for individual differences in conversation engagement in naturalistic settings.",2026,,INFANT BEHAVIOR & DEVELOPMENT,82,,,WOS:001657331900001,10.1016/j.infbeh.2025.102177,,#529,Fields-Olivieri 2026,,
Developing a Cross-Cultural Annotation System and MetaCorpus for Studying Infants' Real World Language Experience,"Soderstrom, Melanie; Casillas, Marisa; Bergelson, Elika; Rosemberg, Celia; Alam, Florencia; Warlaumont, Anne S.; Bunce, John","Recent issues around reproducibility, best practices, and cultural bias impact naturalistic observational approaches as much as experimental approaches, but there has been less focus on this area. Here, we present a new approach that leverages cross-laboratory collaborative, interdisciplinary efforts to examine important psychological questions. We illustrate this approach with a particular project that examines similarities and differences in children's early experiences with language. This project develops a comprehensive start-to-finish analysis pipeline by developing a flexible and systematic annotation system, and implementing this system across a sampling from a ""metacorpus"" of audiorecordings of diverse language communities. This resource is publicly available for use, sensitive to cultural differences, and flexible to address a variety of research questions. It is also uniquely suited for use in the development of tools for automated analysis.",2021,,COLLABRA-PSYCHOLOGY,7,1,,WOS:000655330200001,10.1525/collabra.23445,,#531,Soderstrom 2021,,
The Language ENvironment Analysis system (LENA): A validation study with Italian-learning children,"Bastianello, Tamara; Lorenzini, Irene; Nazzi, Thierry; Majorano, Marinella","This study is a validation of the LENA system for the Italian language. In Study 1, to test LENA's accuracy, seventy-two 10-minute samples extracted from daylong LENA recordings were manually transcribed for 12 children longitudinally observed at 1;0 and 2;0. We found strong correlations between LENA and human estimates in the number of Adult Word Count (AWC) and Child Vocalisations Count (CVC) and a weak correlation between LENA and human estimates in Conversational Turns Count (CTC). In Study 2, to test the concurrent validity, direct and indirect language measures were considered on a sample of 54 recordings (19 children). Correlational analyses showed that LENA's CVC and CTC were significantly related to the children's vocal production, a parent report measure of prelexical vocalizations and the vocal reactivity scores. These results confirm that the automatic analyses performed by the LENA device are reliable and powerful for studying language development in Italian-speaking infants.",2023,,JOURNAL OF CHILD LANGUAGE,,,,WOS:001013778000001,10.1017/S0305000923000326,,#543,Bastianello 2023,,
The Challenge of Listening at Home: Speech and Noise Levels in Homes of Young Children With Hearing Loss,"Benitez-Barrera, Carlos R.; Grantham, D. Wesley; Hornsby, Benjamin W. Y.","Objectives:The objective of this study was to characterize the acoustics of the home environment of young children with hearing loss. Specifically, we aimed to quantify the range of speech levels, noise levels, and signal-to-noise ratios (SNRs) encountered by children with hearing loss in their homes.Design:Nine families participated in the study. The children with hearing loss in these families were between 2 and 5 years of age. Acoustic recordings were made in the children's homes over one weekend (Saturday and Sunday) using Language ENvironmental Analysis (LENA) recorders. These recordings were analyzed using LENA's proprietary software to determine the range of speech and noise levels in the child's home. A custom Matlab program analyzed the LENA output to estimate the SNRs in the children's homes.Results:The average SNR encountered by children with hearing loss in our sample was approximately +7.9 dB SNR. It is important to note that our analyses revealed that approximately 84% of the SNRs experienced by these children with hearing loss were below the +15 dB SNR recommended by the American Speech-Language Hearing Association. Averaged across families, speech and noise levels were 70.1 and 62.2 C-weighted decibels, respectively.Conclusions:These data show that, for much of the time, young children with hearing loss are forced to listen under suboptimal conditions in their home environments. This has important implications as listening under these conditions could negatively affect learning opportunities for young children with hearing loss. To mitigate these potential negative effects, the use of assistive listening devices that improve the SNR (e.g., remote microphone systems) should be considered for use at home by young children with hearing loss.",2020,,EAR AND HEARING,41,6,1575-1585,WOS:000583058600015,10.1097/AUD.0000000000000896,,#557,Benitez-Barrera 2020,,
A Pilot Quantitative Evaluation of Early Life Language Development in Fragile X Syndrome,"Reisinger, Debra L.; Shaffer, Rebecca C.; Pedapati, Ernest, V; Dominick, Kelli C.; Erickson, Craig A.","Language delay and communication deficits are a core characteristic of the fragile X syndrome (FXS) phenotype. To date, the literature examining early language development in FXS is limited potentially due to barriers in language assessment in very young children. The present study is one of the first to examine early language development through vocal production and the language learning environment in infants and toddlers with FXS utilizing an automated vocal analysis system. Child vocalizations, conversational turns, and adult word counts in the home environment were collected and analyzed in a group of nine infants and toddlers with FXS and compared to a typically developing (TD) normative sample. Results suggest infants and toddlers with FXS are exhibiting deficits in their early language skills when compared to their chronological expectations. Despite this, when accounting for overall developmental level, their early language skills appear to be on track. Additionally, FXS caregivers utilize less vocalizations around infants and toddlers with FXS; however, additional research is needed to understand the true gap between FXS caregivers and TD caregivers. These findings provide preliminary information about the early language learning environment and support for the feasibility of utilizing an automated vocal analysis system within the FXS population that could ease data collection and further our understanding of the emergence of language development.",2019,,BRAIN SCIENCES,9,2,,WOS:000461549200010,10.3390/brainsci9020027,,#559,Reisinger 2019,,
Using the LENA® system for children with autism in educational settings: A comparison with human coders,"Bak, Moon Young Savana; Chung, Seungwon; Avendano, Sarah M.; Plavnick, Joshua B.; Brehmer, Julie S.; Reilly, Amber M.","Researchers recommend collecting repeated or prolonged natural language samples to supplement direct assessments and anecdotal reports in language studies for autistic children. Several studies have used the Language Environment Analysis (R) (LENA) system to collect language samples from autistic children. However, there has been little research that investigates the reliability of using the LENA system for autistic children in an educational setting such as a classroom. The current study compared language data disaggregated by the LENA system from 40 autistic children in educational settings with data from human coders. Specifically, we calculated three separate correlational and reliability analyses between the LENA system and human coders. Results showed that although the aggregated coefficients could be interpreted as fair, LENA systems should be used with caution due to high variability between the LENA system and human coders. Implications for future research and limitations are also discussed.",2024,,RESEARCH IN AUTISM SPECTRUM DISORDERS,111,,,WOS:001152309100001,10.1016/j.rasd.2023.102312,,#565,Bak 2024,,
Use of the LENA Autism Screen with Children who are Deaf or Hard of Hearing,"VanDam, Mark; Yoshinaga-Itano, Christine","Background and Objectives: This systematic review reports the evidence from the literature concerning the potential for using an automated vocal analysis, the Language ENvironment Analysis (LENA, LENA Research Foundation, Boulder, CO, USA) in the screening process for children at risk for autism spectrum disorder (ASD) and deaf or hard of hearing (D/HH). ASD and D/HH have increased comorbidity, but current behavioral diagnostic and screening tools have limitations. The LENA Language Autism Screen (LLAS) may offer an additional tool to disambiguate ASD from D/HH in young children. Materials and Methods: We examine empirical reports that use automatic vocal analysis methods to differentiate disordered from typically developing children. Results: Consensus across the sampled scientific literature shows support for use of automatic methods for screening and disambiguation of children with ASD and D/HH. There is some evidence of vocal differentiation between ASD, D/HH, and typically-developing children warranting use of the LLAS, but additional empirical evidence is needed to better understand the strengths and weaknesses of the tool. Conclusions: The findings reported here warrant further, more substantive, methodologically-sound research that is fully powered to show a reliable difference. Findings may be useful for both clinicians and researchers in better identification and understanding of communication disorders.",2019,,MEDICINA-LITHUANIA,55,8,,WOS:000486769900094,10.3390/medicina55080495,,#572,VanDam 2019,,
Effects of Quantitative Linguistic Feedback to Caregivers of Young Children: A Pilot Study in China,"Zhang, Yiwen; Xu, Xiaojuan; Jiang, Fan; Gilkerson, Jill; Xu, Dongxin; Richards, Jeffrey A.; Harnsberger, James; Topping, Keith J.","Changes in natural language environments of families receiving quantitative language feedback in Shanghai were investigated. Volunteer parents of 22 children aged 5 to 30 months were recruited from a hospital and a learning center. Quantitative measures of adult word count and conversational turns with children were collected regularly over 6 months. Feedback reports to caregivers included individual family plus group counts. Impact was assessed by changes in quantitative measures and pre-post child language assessments. Overall, families increased word/turn counts significantly during the first 3 months and then regressed to baseline levels. However, parents whose word count output was below median at baseline significantly increased word count output to study conclusion. Adult word and turn counts were related to a subset of language development measures. Quantitative feedback with parent training had a significant impact on adult-child interactions, particularly for below-median families. Larger studies of wider socioeconomic status with control groups are needed.",2015,,COMMUNICATION DISORDERS QUARTERLY,37,1,16-24,WOS:000361846900002,10.1177/1525740115575771,,#585,Zhang 2015,,
Evaluation of a LENA-Based Online Intervention for Parents of Young Children,"Gilkerson, Jill; Richards, Jeffrey A.; Topping, Keith","The efficacy of a pilot version of an online parent intervention that combined Language ENvironment Analysis (LENA)-based automated language environment feedback technology with Internet capabilities was investigated. Seventy-two parents of typically developing children aged 9 to 21 months were assigned to immediate- or delayed-treatment (control) conditions. During the treatment phase, parents completed 10 recordings over a 3-month period while engaging in a web-based program supporting interpretation of LENA feedback reports and strategies for increasing talk and interaction. Parents completed additional recordings and language assessments over a 9-month follow-up phase. Aggregate analyses found no differences in language behaviors between immediate-treatment versus delayed-treatment groups. However, parents who started from below average ratings on automated language measures demonstrated significant postintervention increases which held longitudinally. Importantly, participant children showed significant elevations in language ability. Results suggest that an online intervention approach can help some parents increase talk and interaction in the home. Implications for research and clinical practice are discussed.",2017,,JOURNAL OF EARLY INTERVENTION,39,4,281-298,WOS:000414030300002,10.1177/1053815117718490,,#586,Gilkerson 2017,,
Effects of feedback on parent-child language with infants and toddlers in Korea,"Pae, Soyeong; Yoon, Hyojin; Seol, Ahyoung; Gilkerson, Jill; Richards, Jeffrey A.; Ma, Lin; Topping, Keith","The objective of this study was to investigate changes in the natural language environments of families with typically-developing infants receiving language feedback in South Korea. Volunteer parents of 99 children aged 4-16 months were randomly divided into experimental and control groups. During 6 months' intervention, the experimental group recorded weekly day-long automatically-analyzed LENA measures of language environment and viewed feedback, while the control group recorded only baseline, mid-period and post-test without feedback. LENA Adult Word Counts (AWC) and Conversational Turn (CT) counts correlated reasonably well with human transcripts. At baseline groups were not significantly different. At post-test there was no significant overall difference between experimental and control groups, but AWC and CT differences were significant for families below the 50th percentile at baseline. Korean parents whose linguistic environment was below average adapted their communicative interaction in response to linguistic feedback. The intervention has promise for use with at-risk families in many countries.",2016,,FIRST LANGUAGE,36,6,549-569,WOS:000388853200001,10.1177/0142723716649273,,#588,Pae 2016,,
Quantity of Parental Language in the Home Environments of Hard-of-Hearing 2-Year-Olds,"VanDam, Mark; Ambrose, Sophie E.; Moeller, Mary Pat","Automated analyses of full-day recordings were used to determine whether young children who are hard-of-hearing (HH) received similar levels of exposure to adult words and conversational interactions as age-matched peers with normal-hearing (NH). Differences in adult input between children in this study and in a normative database were considered. Finally, factors were examined that may have contributed to individual differences in the input characteristics of families. Results indicated that the NH and HH groups were exposed to similar numbers of adult words and conversational turns. However, both the NH and HH groups were exposed to more adult words and engaged in more conversational turns than the NH children in the normative sample. Considering only the HH group, both quantity of adult words and conversational exchanges were correlated with children's auditory characteristics. Children's receptive language ability was correlated with conversational exchanges but not with adult word counts.",2012,,JOURNAL OF DEAF STUDIES AND DEAF EDUCATION,17,4,402-420,WOS:000309461700002,10.1093/deafed/ens025,,#589,VanDam 2012,,
"Conversation Initiation of Mothers, Fathers, and Toddlers in their Natural Home Environment","VanDam, Mark; Thompson, Lauren; Wilson-Fowler, Elizabeth; Campanella, Sarah; Wolfenstein, Kiley; De Palma, Paul","In a conversational exchange, interlocutors use social cues including conversational turn-taking to communicate. There has been attention in the literature concerning how mothers, fathers, boys, and girls converse with each other, and in particular who initiates a conversation. Better understanding of conversational dynamics may deepen our understanding of social roles, speech and language development, and individual language variability. Here we use large-scale automatic analysis of 186 naturalistic daylong acoustic recordings to examine the conversational dynamics of 26 families with children about 30 months of age to better understand communication roles. Families included 15 with boys and 11 with girls. There was no difference in conversation initiation rate by child sex, but children initiated more conversations than mothers, and mothers initiated more than fathers. Results support developmental theories of the different and variable roles that interlocutors play in a social context.",2022,,COMPUTER SPEECH AND LANGUAGE,73,,,WOS:000744097300007,10.1016/j.csl.2021.101338,,#590,VanDam 2022,,
A Social Feedback Loop for Speech Development and Its Reduction in Autism,"Warlaumont, Anne S.; Richards, Jeffrey A.; Gilkerson, Jill; Oller, D. Kimbrough","We analyzed the microstructure of child-adult interaction during naturalistic, daylong, automatically labeled audio recordings (13,836 hr total) of children (8- to 48-month-olds) with and without autism. We found that an adult was more likely to respond when the child's vocalization was speech related rather than not speech related. In turn, a child's vocalization was more likely to be speech related if the child's previous speech-related vocalization had received an immediate adult response rather than no response. Taken together, these results are consistent with the idea that there is a social feedback loop between child and caregiver that promotes speech development. Although this feedback loop applies in both typical development and autism, children with autism produced proportionally fewer speech-related vocalizations, and the responses they received were less contingent on whether their vocalizations were speech related. We argue that such differences will diminish the strength of the social feedback loop and have cascading effects on speech development over time. Differences related to socioeconomic status are also reported.",2014,,PSYCHOLOGICAL SCIENCE,25,7,1314-1324,WOS:000340131300003,10.1177/0956797614531023,,#594,Warlaumont 2014,,
Putting the child in the driver's seat: Insights into language development from children's interactions in preschool classrooms,"Perry, Lynn K.; Meibohm, Sophia A.; Drye, Madison; Viggiano, Alyssa; Romero, Celia; Londono, Juan; Tao, Yudong; Messinger, Daniel S.; Elbaum, Batya","Children's own language production has a role in structuring the language of their conversation partners and influences their own development. Children's active participation in their own language development is most apparent in the rich body of work investigating language in natural environments. The advent of automated measures of vocalizations and movement have made such in situ research increasingly feasible. In this chapter, we review recent research on children's language development in context with a particular focus on research employing automated methods in preschool classrooms for children between ages 2 and 5 years. These automated methods indicate that the speech directed to preschool children from specific peers predicts the child's speech to those peers on a subsequent observation occasion. Similar patterns are seen in the influence of peer and teacher phonemic diversity on the phonemic diversity of children's speech to those partners. In both cases, children's own speech to partners was the best predictor of their language abilities, suggesting their active role in their own development. Finally, new research suggests the potential of machine learning to predict children's speech in group contexts, and to transcribe classroom speech to better understand the content of children's conversations and how they change with development.",2024,,NATURAL BEHAVIOR,66,,109-136,WOS:001303680200006,10.1016/bs.acdb.2024.05.001,,#597,Perry 2024,,
"Naturalistic Language Recordings Reveal ""Hypervocal"" Infants at High Familial Risk for Autism","IBIS Network; Swanson, Meghan R.; Shen, Mark D.; Wolff, Jason J.; Boyd, Brian; Clements, Mark; Rehg, James; Elison, Jed T.; Paterson, Sarah; Parish-Morris, Julia; Chappell, J. Chad; Hazlett, Heather C.; Emerson, Robert W.; Botteron, Kelly; Pandey, Juhi; Schultz, Robert T.; Dager, Stephen R.; Zwaigenbaum, Lonnie; Estes, Annette M.; Piven, Joseph","Children's early language environments are related to later development. Little is known about this association in siblings of children with autism spectrum disorder (ASD), who often experience language delays or have ASD. Fifty-nine 9-month-old infants at high or low familial risk for ASD contributed full-day in-home language recordings. High-risk infants produced more vocalizations than low-risk peers; conversational turns and adult words did not differ by group. Vocalization differences were driven by a subgroup of hypervocal infants. Despite more vocalizations overall, these infants engaged in less social babbling during a standardized clinic assessment, and they experienced fewer conversational turns relative to their rate of vocalizations. Two ways in which these individual and environmental differences may relate to subsequent development are discussed.",2018,,CHILD DEVELOPMENT,89,2,e60-e73,WOS:000427113700005,10.1111/cdev.12777,,#601,IBISNetwork 2018,,
"A modular, extensible approach to massive ecologically valid behavioral data","VanDam, Mark; De Palma, Paul","We explore here the application of modern computer hardware and software to the collection and analysis of behavioral data. We discuss the issues of ecological validity, storage and processing, data permanence, automation, validity, and algorithmic determinism. Taking the modern landscape into account, we demonstrate several varying projects we have recently undertaken as proofs of concept of the viability and utility of this approach. In particular, we describe four research projects, which involve work on child-directed speech; the application of automatic methods to clinical populations, including children with hearing loss; quality control and the assessment of validity; and the sharing of data in a public database. We conclude by pointing out how the methodology described here can be extended to a wide variety of interdisciplinary and detailed projects that are likely to lead to better science and improved outcomes for populations served by the behavioral, social, and health sciences.",2019,,BEHAVIOR RESEARCH METHODS,51,4,1754-1765,WOS:000481874200018,10.3758/s13428-018-1167-8,,#603,VanDam 2019,,
Acoustic characteristics of the clothes used for a wearable recording device,"VanDam, Mark","There has been increasing attention in the literature to wearable acoustic recording devices, particularly to examine naturalistic speech in disordered and child populations. Recordings are typically analyzed using automatic procedures that critically depend on the reliability of the collected signal. This work describes the acoustic amplitude response characteristics and the possibility of acoustic transmission loss using several shirts designed for wearable recorders. No difference was observed between the response characteristics of different shirt types or between shirts and the bare-microphone condition. Results are relevant for research, clinical, educational, and home applications in both practical and theoretical terms. (C) 2014 Acoustical Society of America",2014,,JOURNAL OF THE ACOUSTICAL SOCIETY OF AMERICA,136,4,EL263-EL267,WOS:000345977400003,10.1121/1.4895015,,#606,VanDam 2014,,
HomeBank: An Online Repository of Daylong Child-Centered Audio Recordings,"VanDam, Mark; Warlaumont, Anne S.; Bergelson, Elika; Cristia, Alejandrina; Soderstrom, Melanie; De Palma, Paul; MacWhinney, Brian","HomeBank is introduced here. It is a public, permanent, extensible, online database of daylong audio recorded in naturalistic environments. HomeBank serves two primary purposes. First, it is a repository for raw audio and associated files: one database requires special permissions, and another redacted database allows unrestricted public access. Associated files include metadata such as participant demographics and clinical diagnostics, automated annotations, and human-generated transcriptions and annotations. Many recordings use the child-perspective LENA recorders (LENA Research Foundation, Boulder, Colorado, United States), but various recordings and metadata can be accommodated. The HomeBank database can have both vetted and unvetted recordings, with different levels of accessibility. Additionally, HomeBank is an open repository for processing and analysis tools for HomeBank or similar data sets. HomeBank is flexible for users and contributors, making primary data available to researchers, especially those in child development, linguistics, and audio engineering. HomeBank facilitates researchers' access to large-scale data and tools, linking the acoustic, auditory, and linguistic characteristics of children's environments with a variety of variables including socioeconomic status, family characteristics, language trajectories, and disorders. Automated processing applied to daylong home audio recordings is now becoming widely used in early intervention initiatives, helping parents to provide richer speech input to at-risk children.",2016,,SEMINARS IN SPEECH AND LANGUAGE,37,2,128-141,WOS:000374644800007,10.1055/s-0036-1580745,,#607,VanDam 2016,,
Assessing language and language environment of high-risk infants and children: a new approach,"Caskey, Melinda; Vohr, Betty","Language delays are common among premature infants and children with hearing loss. There are multiple tools and reports for assessing language in young children. Assessing early language and providing intervention is key to improving outcomes. Conclusion We conclude that utilization of a new tool, Language Environment Analysis digital language processor (LENA), to assess the natural language environment of high-risk infants and children in a variety of settings including the neonatal intensive care unit and home, provides the opportunity to access and identify key features of the early language environment.",2013,,ACTA PAEDIATRICA,102,5,451-461,WOS:000317361400018,10.1111/apa.12195,,#608,Caskey 2013,,
Pursuing Precision Speech-Language Therapy Services for Children with Down Syndrome,"McDaniel, Jena; Yoder, Paul J.","The behavioral phenotype of individuals with Down syndrome (DS) offers one avenue for developing speech-language therapy services that are tailored to the individual's characteristics that affect treatment response. Behavioral phenotypes are patterns of behavioral strengths and weaknesses for specific genetic disorders that can help guide the development and implementation of effective interventions. Nonetheless, individual differences within children with DS must be acknowledged and addressed because behavioral phenotypes are probabilistic, not deterministic. Developing precision speech-language therapy services to maximize learning opportunities and outcomes for children with DS calls for increased collaboration among clinicians and researchers to address the needs, challenges, and opportunities on three interconnected themes: (1) moving effective interventions from research to practice, (2) making evidence-based, child-specific treatment intensity decisions, and (3) considering child motivation and temperament characteristics. Increased availability of intervention materials and resources as well as more specific recommendations that acknowledge individual differences could help narrow the research-practice gap. Clear descriptions of disciplined manipulations of treatment intensity components could lead to more effective intervention services. Last, addressing motivation and temperament characteristics, such as the personality-motivation orientation, in children with DS may help maximize learning opportunities. Focused attention and collaboration on these key themes could produce substantial, positive changes for children with DS and their families in the coming decade.",2016,,SEMINARS IN SPEECH AND LANGUAGE,37,4,239-251,WOS:000385056200003,10.1055/s-0036-1587708,,#612,McDaniel 2016,,
A SYSTEMATIC REVIEW OF THE USE OF LENA TECHNOLOGY,"Wang, Ye; Hartman, Maria; Aziz, Nurul Akmar Abdul; Arora, Sonia; Shi, Lingyun; Tunison, Ellie","THE AUTHORS systematically reviewed peer-reviewed studies done with LENA (Language ENvironment Analysis) technology, guided by three research questions: (a) What types of studies have been conducted, and with which populations, since the launch of LENA technology? (b) What challenges related to use of LENA technology were identified? (c) What are the implications for practice and future research using LENA technology? Electronic databases, the LENA Research Foundation website, and bibliographies of already-included studies were searched; 38 studies were identified. The authors selected studies on the basis of purpose, design, participant characteristics, application of LENA technology, and results. They found that LENA technology was used with a range of populations to yield a variety of information. Though challenges and limitations are associated with LENA technology, great potential exists for further research and a resultant increase in evidence-based understanding of early language development and interventions on its behalf.",2017,,AMERICAN ANNALS OF THE DEAF,162,3,295-311,WOS:000408288900006,10.1353/aad.2017.0028,,#613,Wang 2017,,
Social language opportunities for preschoolers with autism: Insights from audio recordings in urban classrooms,"Ferguson, Emily F.; Nahmias, Allison S.; Crabbe, Samantha; Liu, Talia; Mandell, David S.; Parish-Morris, Julia","Many children diagnosed with autism spectrum disorder who receive early intervention reap developmental benefits, but little is known about characteristics of early intervention placements in the community that optimize individual growth. The extent to which children hear and use language, in particular, may contribute significantly to developmental outcomes. We analyzed natural language production and exposure to language in preschoolers on the autism spectrum across three classroom compositions: autism only, mixed disability, and inclusion. Autistic children in inclusion classrooms produced more speech, received significantly more verbal input from their peers, and were exposed to a similar amount of teacher talk compared to children in autism only or mixed disability classrooms. These findings shed preliminary light on the linguistic environment of early intervention placements in the community, along with the characteristics of children placed in early intervention settings that may influence their language exposure from peers and teachers. Natural language sampling is a promising method for capturing language exposure in early intervention settings and providing context for understanding developmental outcomes resulting from early intervention. Lay abstract Early intervention is important for preschoolers on the autism spectrum, but little is known about early intervention classrooms in the community. This study found that children with better language skills and lower autism severity have more verbal interactions with their classmates, especially in classrooms with typically developing peers (inclusion settings). Findings suggest that natural language sampling is a useful method for characterizing autistic children and their early intervention settings. In addition, natural language sampling may have important implications for understanding individual opportunities for development in community early intervention settings.",2020,,AUTISM,24,5,1232-1245,WOS:000509046500001,10.1177/1362361319894835,,#624,Ferguson 2020,,
Remote Microphone System Use at Home: Impact on Child-Directed Speech,"Benitez-Barrera, Carlos R.; Thompson, Emily C.; Angley, Gina P.; Woynaroski, Tiffany; Tharpe, Anne Marie","Purpose: The impact of home use of a remote microphone system (RMS) on the caregiver production of, and child access to, child-directed speech (CDS) in families with a young child with hearing loss was investigated.Method: We drew upon extant data that were collected via Language ENvironment Analysis (LENA) recorders used with 9 families during 2 consecutive weekends (RMS weekend and no-RMS weekend). Audio recordings of primary caregivers and their children with hearing loss obtained while wearing and not wearing an RMS were manually coded to estimate the amount of CDS produced. The proportion of CDS that was likely accessible to children with hearing loss under both conditions was determined.Results: Caregivers produced the same amount of CDS when using and when not using the RMS. However, it was concluded that children with hearing loss, on average, could potentially access 12% more CDS if caregivers used an RMS because of their distance from their children when talking to them.Conclusion: Given our understanding of typical child language development, findings from this investigation suggest that children with hearing loss could receive auditory, speech, and language benefits from the use of an RMS in the home environment.",2019,,JOURNAL OF SPEECH LANGUAGE AND HEARING RESEARCH,62,6,2002-2008,WOS:000472020700027,10.1044/2019_JSLHR-H-18-0325,,#625,Benitez-Barrera 2019,,
Remote Microphone System Use in the Homes of Children With Hearing Loss: Impact on Caregiver Communication and Child Vocalizations,"Thompson, Emily C.; Benitez-Barrera, Carlos R.; Angley, Gina P.; Woynaroski, Tiffany; Tharpe, Anne Marie","Purpose: This study examined the impact of home use of remote microphone systems (RMSs) on caregiver communication and child vocalizations in families of children with hearing loss.Method: We drew on data from a prior study in which Language ENvironmental Analysis recorders were used with 9 families during 2 consecutive weekends-1 that involved using an RMS and 1 that did not. Audio samples from Language ENvironmental Analysis recorders were (a) manually coded to quantify the frequency of verbal repetitions and alert phrases caregivers utilized in communicating to children with hearing loss and (b) automatically analyzed to quantify children's vocalization rate, duration, complexity, and reciprocity when using and not using an RMS.Results: When using an RMS at home, caregivers did not repeat or clarify their statements as often as when not using an RMS while communicating with their children with hearing loss. However, no between-condition differences were observed in children's vocal characteristics.Conclusions: Results provide further support for home RMS use for children with hearing loss. Specifically, findings lend empirical support to prior parental reports suggesting that RMS use eases caregiver communication in the home setting. Studies exploring RMS use over a longer duration of time might provide further insight into potential long-term effects on children's vocal production.",2020,,JOURNAL OF SPEECH LANGUAGE AND HEARING RESEARCH,63,2,633-642,WOS:000561764300001,10.1044/2019_JSLHR-19-00197,,#632,Thompson 2020,,
Babbling development as seen in canonical babbling ratios: A naturalistic evaluation of all-day recordings,"Lee, Chia-Cheng; Jhang, Yuna; Relyea, George; Chen, Li-mei; Oller, D. Kimbrough","Canonical babbling (CB) is critical in forming foundations for speech. Research has shown that the emergence of CB precedes first words, predicts language outcomes, and is delayed in infants with several communicative disorders. We seek a naturalistic portrayal of CB development, using all-day home recordings to evaluate the influences of age, language, and social circumstances on infant CB production. Thus we address the nature of very early language foundations and how they can be modulated. This is the first study to evaluate possible interactions of language and social circumstance in the development of babbling. We examined the effects of age (6 and 11 months), language/culture (English and Chinese), and social circumstances (during infant-directed speech [IDS], during infant overhearing of adult-directed speech [ADS], or when infants were alone) on canonical babbling ratios (CBR = canonical syllables/total syllables). The results showed a three-way interaction of infant age by infant language/culture by social circumstance. The complexity of the results forces us to recognize that a variety of factors can interact in the development of foundations for language, and that both the infant vocal response to the language/culture environment and the language/culture environment of the infant may change across age.",2018,,INFANT BEHAVIOR & DEVELOPMENT,50,,140-153,WOS:000430518500014,10.1016/j.infbeh.2017.12.002,,#633,Lee 2018,,
Investigating Cumulative Exposures among 3-to 4-Year-Old Children Using Wearable Ultrafine Particle Sensors and Language Environment Devices: A Pilot and Feasibility Study,"Schultz, Amy A.; Malecki, Kristen M. C.; Olson, Maddie M.; Selman, Saliha B.; Olaiya, Oona-Ife; Spicer, Alexandra; Schauer, James J.; Edwards, Ross; Kirkorian, Heather L.; Dilworth-Bart, Janean","Interdisciplinary approaches are needed to measure the additive or multiplicative impacts of chemical and non-chemical stressors on child development outcomes. The lack of interdisciplinary approaches to environmental health and child development has led to a gap in the development of effective intervention strategies. It is hypothesized that a broader systems approach can support more effective interventions over time. To achieve these goals, detailed study protocols are needed. Researchers in child development typically focus on psychosocial stressors. Less attention is paid to chemical and non-chemical stressors and how the interaction of these stressors may impact child development. This feasibility study aims to bridge the gap between child development and environmental epidemiology research by trialing novel methods of gathering ultrafine particle data with a wearable air sensor, while simultaneously gathering language and noise data with the Language Environment Analysis (LENA) system. Additionally, psychosocial data (e.g., parenting quality, caregiver depression, and household chaos) was gathered from parent reports. Child participants (age 3-4 years) completed cognitive tasks to assess self-regulation and receptive language skills, and provided a biospecimen analyzed for inflammatory biomarkers. Data collection was completed at two time points, roughly corresponding to fall and spring. Twenty-six participants were recruited for baseline data, and 11 participants completed a follow-up session. Preliminary results indicate that it is feasible to gather personal Particulate Matter (PM2.5), language, and noise data, cognitive assessments, and biospecimens from our sample of 3-4-year-old children. While there are obstacles to overcome when working with this age group, future studies can benefit from adapting lessons learned regarding recruitment strategies, study design, and protocol implementation.",2020,,INTERNATIONAL JOURNAL OF ENVIRONMENTAL RESEARCH AND PUBLIC HEALTH,17,14,,WOS:000554144400001,10.3390/ijerph17145259,,#635,Schultz 2020,,
"Requirements for Robotic Interpretation of Social Signals ""in the Wild"": Insights from Diagnostic Criteria of Autism Spectrum Disorder","Bartlett, Madeleine E.; Costescu, Cristina; Baxter, Paul; Thill, Serge","The last few decades have seen widespread advances in technological means to characterise observable aspects of human behaviour such as gaze or posture. Among others, these developments have also led to significant advances in social robotics. At the same time, however, social robots are still largely evaluated in idealised or laboratory conditions, and it remains unclear whether the technological progress is sufficient to let such robots move ""into the wild"". In this paper, we characterise the problems that a social robot in the real world may face, and review the technological state of the art in terms of addressing these. We do this by considering what it would entail to automate the diagnosis of Autism Spectrum Disorder (ASD). Just as for social robotics, ASD diagnosis fundamentally requires the ability to characterise human behaviour from observable aspects. However, therapists provide clear criteria regarding what to look for. As such, ASD diagnosis is a situation that is both relevant to real-world social robotics and comes with clear metrics. Overall, we demonstrate that even with relatively clear therapist-provided criteria and current technological progress, the need to interpret covert behaviour cannot yet be fully addressed. Our discussions have clear implications for ASD diagnosis, but also for social robotics more generally. For ASD diagnosis, we provide a classification of criteria based on whether or not they depend on covert information and highlight present-day possibilities for supporting therapists in diagnosis through technological means. For social robotics, we highlight the fundamental role of covert behaviour, show that the current state-of-the-art is unable to characterise this, and emphasise that future research should tackle this explicitly in realistic settings.",2020,,INFORMATION,11,2,,WOS:000519542400049,10.3390/info11020081,,#643,Bartlett 2020,,
Fathers' unmodulated prosody in child-directed speech,"Kondaurova, Maria V.; VanDam, Mark; Zheng, Qi; Welikson, Bianca","Mothers and fathers modify prosodic characteristics of child-directed speech relative to adult-directed speech. Evidence suggests that mothers and fathers may differ in how they use child-directed speech as communicative partners. Thus, fathers create communicative challenges during father-child interaction that facilitate the child's adaptation to a wider potential range of interlocutors. In this paper, speech production differences are examined between mothers and fathers in child-directed speech to toddlers as compared to adult-directed speech. Using a longitudinal, large-scale design of audio recordings in naturalistic environments and automatic speech processing techniques, it was found that mothers, but not fathers, increased their fundamental frequency when addressing their toddlers. The results suggest that fathers do not modulate the prosody of their speech in the same way as mothers when communicating with their toddlers. Findings have implications for emotional and communicative practices of fathers compared to mothers and the differential role each plays in child development. (c) 2023 Acoustical Society of America",2023,,JOURNAL OF THE ACOUSTICAL SOCIETY OF AMERICA,154,6,3556-3567,WOS:001112498800004,10.1121/10.0022571,,#644,Kondaurova 2023,,
Child Vocalization Composition as Discriminant Information for Automatic Autism Detection,"IEEE; Xu, Dongxin; Gilkerson, Jill; Richards, Jeffrey; Yapanel, Unit; Gray, Sharmi","Early identification is crucial for young children with autism to access early intervention. The existing screens require either a parent-report questionnaire and/or direct observation by a trained practitioner. Although an automatic tool would benefit parents, clinicians and children, there is no automatic screening tool in clinical use. This study reports a fully automatic mechanism for autism detection/screening for young children. This is a direct extension of the LENA (TM) (Language ENvironment Analysis) system, which utilizes speech signal processing technology to analyze and monitor a child's natural language environment and the vocalizations/speech of the child. It is discovered that child vocalization composition contains rich discriminant information for autism detection. By applying pattern recognition and machine learning approaches to child vocalization composition data, accuracy rates of 85% to 90% in cross-validation tests for autism detection have been achieved at the equal-error-rate (EER) point on a data set with 34 children with autism, 30 language delayed children and 76 typically developing children. Due to its easy and automatic procedure, it is believed that this new tool can serve a significant role in childhood autism screening, especially in regards to population-based or universal screening.",2009,,"2009 ANNUAL INTERNATIONAL CONFERENCE OF THE IEEE ENGINEERING IN MEDICINE AND BIOLOGY SOCIETY, VOLS 1-20",,,2518-2522,WOS:000280543601367,10.1109/IEMBS.2009.5334846,,#651,IEEE 2009,,
"Linguistic Input, Electronic Media, and Communication Outcomes of Toddlers With Hearing Loss","Ambrose, Sophie E.; VanDam, Mark; Moeller, Mary Pat","Objectives: The objectives of this study were to examine the quantity of adult words, adult-child conversational turns, and electronic media in the auditory environments of toddlers who are hard of hearing (HH) and to examine whether these factors contributed to variability in children's communication outcomes.Design: Participants were 28 children with mild to severe hearing loss. Full-day recordings of children's auditory environments were collected within 6 months of their second birthdays by using Language ENvironment Analysis technology. The system analyzes full-day acoustic recordings, yielding estimates of the quantity of adult words, conversational turns, and electronic media exposure in the recordings. Children's communication outcomes were assessed via the receptive and expressive scales of the Mullen Scales of Early Learning at 2 years of age and the Comprehensive Assessment of Spoken Language at 3 years of age.Results: On average, the HH toddlers were exposed to approximately 1400 adult words per hour and participated in approximately 60 conversational turns per hour. An average of 8% of each recording was classified as electronic media. However, there was considerable within-group variability on all three measures. Frequency of conversational turns, but not adult words, was positively associated with children's communication outcomes at 2 and 3 years of age. Amount of electronic media exposure was negatively associated with 2-year-old receptive language abilities; however, regression results indicate that the relationship was fully mediated by the quantity of conversational turns.Conclusions: HH toddlers who were engaged in more conversational turns demonstrated stronger linguistic outcomes than HH toddlers who were engaged in fewer conversational turns. The frequency of these interactions was found to be decreased in households with high rates of electronic media exposure. Optimal language-learning environments for HH toddlers include frequent linguistic interactions between parents and children. To support this goal, parents should be encouraged to reduce their children's exposure to electronic media.",2014,,EAR AND HEARING,35,2,139-147,WOS:000332924400003,10.1097/AUD.0b013e3182a76768,,#653,Ambrose 2014,,
"Methods for eliciting, annotating, and analyzing databases for child speech development","Beckman, Mary E.; Plumrner, Andrew R.; Munson, Benjamin; Reidy, Patrick F.","Methods from automatic speech recognition (ASR), such as segmentation and forced alignment, have facilitated the rapid annotation and analysis of very large adult speech databases and databases of caregiver infant interaction, enabling advances in speech science that were unimaginable just a few decades ago. This paper centers on two main problems that must be addressed in order to have analogous resources for developing and exploiting databases of young children's speech. The first problem is to understand and appreciate the differences between adult and child speech that cause ASR models developed for adult speech to fail when applied to child speech. These differences include the fact that children's vocal tracts are smaller than those of adult males and also changing rapidly in size and shape over the course of development, leading to between-talker variability across age groups that dwarfs the between-talker differences between adult men and women. Moreover, children do not achieve fully adult-like speech motor control until they are young adults, and their vocabularies and phonological proficiency are developing as well, leading to considerably more within-talker variability as well as more between-talker variability. The second problem then is to determine what annotation schemas and analysis techniques can most usefully capture relevant aspects of this variability. Indeed, standard acoustic characterizations applied to child speech reveal that adult-centered annotation schemas fail to capture phenomena such as the emergence of covert contrasts in children's developing phonological systems, while also revealing children's nonuniform progression toward community speech norms as they acquire the phonological systems of their native languages. Both problems point to the need for more basic research into the growth and development of the articulatory system (as well as of the lexicon and phonological system) that is oriented explicitly toward the construction of age-appropriate computational models. (C) 2017 Elsevier Ltd. All rights reserved.",2017,,COMPUTER SPEECH AND LANGUAGE,45,,278-299,WOS:000403510500016,10.1016/j.csl.2017.02.010,,#654,Beckman 2017,,
Parent coaching from 6 to 18 months improves child language outcomes through 30 months of age.,"Huber, Elizabeth; Ferjan Ramirez, Naja; Corrigan, Neva M; Kuhl, Patricia K","Interventions focused on the home language environment have been shown to improve a number of child language outcomes in the first years of life. However, data on the longer-term effects of the intervention are still somewhat limited. The current study examines child vocabulary and complex speech outcomes (N = 59) during the year following completion of a parent-coaching intervention, which was previously found to increase the quantity of parent-child conversational turns and to improve child language outcomes through 18 months of age. Measures of parental language input, child speech output, and parent-child conversational turn-taking were manually coded from naturalistic home recordings (Language Environment Analysis System, LENA) at regular 4-month intervals when children were 6- to 24-months old. Child language skills were assessed using the MacArthur-Bates Communicative Development Inventory (CDI) at four time-points following the final intervention session (at 18, 24, 27, and 30 months). Vocabulary size and growth from 18 to 30 months was greater in the intervention group, even after accounting for differences in child language ability during the intervention period. The intervention group also scored higher on measures of speech length and grammatical complexity, and these effects were mediated by 18-month vocabulary. Intervention was associated with increased parent-child conversational turn-taking in home recordings at 14 months, and mediation analysis suggested that 14-month conversational turn-taking accounted for intervention-related differences in subsequent vocabulary. Together, the results suggest enduring, positive effects of parental language intervention and underscore the importance of interactive, conversational language experience during the first 2 years of life. RESEARCH HIGHLIGHTS: Parent coaching was provided as part of a home language intervention when children were 6-18 months of age. Naturalistic home language recordings showed increased parent-child conversational turn-taking in the intervention group at 14 months of age. Measures of productive vocabulary and complex speech indicated more advanced expressive language skills in the intervention group through 30 months of age, a full year after the final intervention session. Conversational turn-taking at 14 months predicted subsequent child vocabulary and accounted for differences in vocabulary size across the intervention and control groups. Copyright © 2023 John Wiley & Sons Ltd.",2023,/,Developmental science,26,6,e13391,,https://dx.doi.org/10.1111/desc.13391,36999222,#662,Huber 2023,,
Measurement of children's language environments using automated measurement technology in rural Lesotho: Findings from a sample of children and their caregivers in a cluster-randomized controlled trial.,"Marlow, Marguerite; Skeen, Sarah; Henry, Junita; Makhetha, Moroesi; Cluver, Lucie; Sherr, Lorraine; Tomlinson, Mark","The quality of the home language environment and communicative interactions between caregivers and children are crucial components of child language development. We used the Language ENvironment Analysis (LENA) technology to assess children's language environments (adult word count, conversational turns, and child vocalizations) among a sample of children and their caregivers in rural Lesotho. We assessed whether a parenting intervention led to improvements in children's language environments. LENA data were collected from a randomly selected subsample of children enrolled in a cluster-randomized controlled trial. Language environment data were collected at the 12-month follow-up from 607 children (50.4% female; 28-81 months of age) and their caregivers using two different methodological approaches. For the 299 children (157 intervention; 142 control) in Sample 1 who wore the LENA device at home over 2 days, children's home language environments did not differ significantly by intervention and control conditions. For the 308 children (152 intervention; 156 control) in Sample 2 who wore the LENA device during a brief video-recorded caregiver-child interaction task, adult word count (0.4 SD; CI [0.026, -0.76]), conversational turns (0.31 SD; CI [0.03, 0.59]), and child vocalization count (0.36 SD; CI [0.03, 0.68]) were significantly higher during the interaction task in the intervention arm compared to the control arm. Interactions in the intervention arm were also characterized by significantly less silence. Our study demonstrates that despite the challenges it presents, measuring children's development in majority world settings remains an important priority, and that consideration of the local context should be prioritized within this research agenda. (PsycInfo Database Record (c) 2026 APA, all rights reserved).",2026,/,Developmental psychology,62,1,97-107,,https://dx.doi.org/10.1037/dev0002056,40892584,#666,Marlow 2026,,
Within-Day Variations in Infant Body Position Predict Caregiver Speech Input.,"Rousey, Hailey N; Tang, Maximilian; Garcia, Sahrai; Franchak, John M","Infants' time spent in different body positions varies substantially within a day: lying supine on their backs, crawling or playing while prone on their bellies, sitting on the floor or in seating devices, standing or walking upright on two feet, and held by an adult. Infants may spend long periods in one position, such as sitting in a highchair, followed by periods of switching positions (e.g., prone and upright), such as during play. Speech input has been linked with infants' placement and motor development. Here, we extend past work to ask whether adults speak more frequently depending on infants' time spent in different body positions throughout the day. We gathered home recordings from 64 infants in two age groups, 4-7 months and 11-14 months, using movement sensors to measure body position and a LENA audio recorder to estimate adult word count. Data were analyzed in 10-min bins throughout the day to determine whether within-day differences in infants' time spent in each position were associated with the frequency of adult's speech. Indeed, increased time spent supine and prone predicted fewer adult words, whereas increased time sitting and held predicted increases in word count. Upright was age dependent, with more time spent upright predicting an increase in word count for younger infants, but a decrease for older infants. These findings reveal the importance of considering infants' body position in understanding speech input and subsequent language development. SUMMARY: Tested how infants' body positions (supine, prone, sitting, upright, and held) relate to adults' speech input in naturalistic home settings. Machine-learning algorithms predicted infants' body positions from motion sensors embedded in custom leggings. Adults spoke relatively more when holding infants and while infants sat, but less frequently when infants were prone and supine. Results provide partial support for theorized links between motor skill acquisition and language development. Copyright © 2026 John Wiley & Sons Ltd.",2026,/,Developmental science,29,2,e70120,,https://dx.doi.org/10.1111/desc.70120,41491602,#667,Rousey 2026,,
The Relationship Between Linguistic Input and Communication Outcomes in Children With Unilateral Hearing Loss: The Impact of Device Fitting.,"Favot, Kate; Marnane, Vivienne; Zhang, Vicky W; Tiko, Raaya; Easwar, Vijayalakshmi","OBJECTIVES: Although the benefits of hearing devices in children with bilateral hearing loss are well established, evidence in unilateral hearing loss (UHL) remains limited. This study aimed to (i) examine whether device fitting influences the relationship between linguistic input and communication outcomes (language and functional listening) in young children with UHL, and (ii) assess whether consistency of device use affects this relationship., DESIGN: A longitudinal study included 43 device-fitted and 61 non-fitted children with UHL at 12 mo (mean worse-ear hearing level: 80.9 versus 86.7 dB HL), and a subset of 26 and 15, respectively, at 3 yrs. Linguistic input (adult word count [AWC], conversational turn count [CTC]), nonlinguistic input, and child vocalizations were measured using Language ENvironment Analysis. Language was assessed with the Australian English Developmental Vocabulary Inventory at 12 mo, Peabody Picture Vocabulary Test and Preschool Language Scales at 3 yrs, and child vocalization count at both ages. Functional listening was assessed using the Parent Evaluation on Aural/Oral Performance (PEACH) questionnaire. Linear regression examined whether device fitting influenced the associations between linguistic input and communication outcomes. Similar regression analyses were completed in fitted children to assess the influence of consistency of device use on the relationship between linguistic input and communication outcomes., RESULTS: Linguistic and nonlinguistic input did not differ by device status. In cross-sectional analyses, better language abilities were found in children with higher CTC at both 12 mo and 3 yrs. Better functional listening abilities were found in children with higher CTC at 12 mo. A similar but not significant trend existed at 3 yrs. Associations between outcomes (except child vocalization count) and AWC were all nonsignificant. The nature of the association between AWC or CTC and communication outcomes did not vary between the fitted and not-fitted children in any of these analyses. Likewise, consistency of device use did not influence the association between linguistic input and communication outcomes. In longitudinal analyses, CTC increased with age similarly in both groups, however, no associations were evident between early linguistic input and later communication outcomes., CONCLUSION: Similar to children with bilateral hearing loss, better communication outcomes in children with UHL are associated with increased two-way conversations with caregivers. There was no evidence that device fitting or consistency in device use affected this association. Outcomes underscore the importance of interactive communication between caregivers and children, regardless of fitting status. Copyright © 2025 The American Auditory Society.",2026,/,Ear and hearing,47,1,162-173,,https://dx.doi.org/10.1097/AUD.0000000000001706,40770425,#668,Favot 2026,,
Infant sleep time: A comparative analysis of assessment methods.,"Bastianello, Tamara; Nascimben, Chiara; Loschiavo, Adriana Grazia-Maria Angelina; Reoyo-Serrano, Natalia; Dassie, Francesca; Benavides-Varela, Silvia","Understanding sleep functions in early development remains challenging due to limitations in the available measurement methods. This study aims to provide a comprehensive description of night and day sleep patterns of Italian infants and toddlers between 5 and 25 months of age while evaluating the accuracy, reliability, and practicality of commonly used sleep assessment tools such as actigraphy, diaries, and questionnaires. From a methodological viewpoint, an exhaustive cross-method validation approach suggested that actigraphy represents a valuable and practical tool for assessing infant sleep. However, its use should be approached with caution in contexts where sleep-wake differentiation is less distinct, for instance when motor activity is recurrent during sleep or naps. In such cases, validation against other methods is recommended to ensure reliable outcomes; expert manual coding and environmental audio recordings might be appropriate, when available. Lowering the sensitivity threshold in actigraphy and integrating parental reports also offer viable approaches to enhancing data reliability. Next, following best practices, infants and toddlers sleep duration was estimated. In our cohort, participants typically took one or two naps per day, with total daytime sleep ranging from 56 min to 2.58 h. On average, overnight sleep lasted 8 h, with approximately 2 night-awakenings, totaling between 35 min and 1.65 h. Overnight sleep in this sample appears slightly lower than what has been reported in infants of similar ages from other geographical contexts. This highlights the importance of considering sociocultural and ecological variability in pediatric sleep research and cautions against applying universal sleep conventions without contextual and methodological validation. Copyright © 2025 The Authors. Published by Elsevier B.V. All rights reserved.",2025,/,Sleep medicine,136,100898759,106838,,https://dx.doi.org/10.1016/j.sleep.2025.106838,41076748,#675,Bastianello 2025,,
Increased parent speech and parent stress is associated with early vocalizations in preterm infants.,"Sullivan, Kelsey; Puglia, Meghan; Trinh, Ashley; Conaway, Mark; Fairchild, Karen; Zanelli, Santina","BACKGROUND: Children born preterm are at increased risk of abnormal neurodevelopment, including delays in acquisition of social, behavioral, and language skills. Development of early language skills, including child vocalizations (CVs) and conversational turns (CTs), is impacted by early exposure to parents' speech, which may be affected by parents' mental health., OBJECTIVES: To study the association between parental speech, parental measures of stress, anxiety, depression, and preterm infant language., METHODS: Single-center, prospective longitudinal cohort pilot study in preterm infants born at <33 weeks' gestational age (GA). Language ENvironment Analysis (LENA) devices were used to measure language exposure. Parental mental health was measured using the Parental Stressor Scale: Neonatal Intensive Care Unit (PSS-NICU) and the Patient Reported Outcomes Measurement Information System (PROMIS) Anxiety and Depression instruments at three time points. Associations between adult word count (AWC), CVs, and CTs were evaluated using linear regression analysis. Partial correlations and repeated measures analyses were used to study associations between infant language and parental mental health., RESULTS: 20 infants were enrolled (median GA 30 weeks, 60 % male). CVs and CTs were recorded as early as 30 weeks' postmenstrual age (PMA). There was a positive correlation between weekly AWC and weekly CVs and CTs (R2 0.174, p < 0.0001; R2 0.338, p < 0.0001, respectively). Parental PSS-NICU and PROMIS Anxiety scores decreased over time, while PROMIS Depression scores did not. There was a significant positive correlation between parents' PSS-NICU scores and time spent at bedside (partial correlation 0.49, p = 0.001; 0.46, p = 0.005 for mothers and fathers, respectively). Parent PSS-NICU scores were inversely correlated with CVs and CTs, though this was not statistically significant., CONCLUSION: Preterm infants appear to produce vocalizations as early as 30 weeks PMA, even while on non-invasive respiratory support. Higher AWC while parents are at the bedside is strongly correlated with preterm infants' early language skills. Unexpectedly, higher PSS-NICU scores, indicative of increased parent stress, are associated with increased time parents spent with the infant. Further study is required to determine whether increased parent-infant verbal engagement leads to decreased stress in NICU parents. Copyright © 2025 Elsevier B.V. All rights reserved.",2025,/,Early human development,206,"edh, 7708381",106288,,https://dx.doi.org/10.1016/j.earlhumdev.2025.106288,40414165,#688,Sullivan 2025,,
A lot of noise about nothing? Speech-to-noise ratios rather than noise predict language outcomes in preschoolers.,"Benitez-Barrera, Carlos R; Denicola-Prechtl, Kathleen; Castro, Stephanie; Maguire, Mandy J","It has been proposed that a childhood in a noisy household might lead to poor language skills and slow development of language areas of the brain. Notably, a direct link between noisy households and language development has not been confirmed. Households might have high levels of noise for a range of reasons, including situational (near a large road intersection or airport), family (large families), and cultural (differences in beliefs surrounding noise in the home, including media use). We argue that within the range of safety, noise itself is not problematic to language development if language is made accessible to children. To test this hypothesis, we used LENA (Language Enviromental Analysis) devices to record 3- to 5-year-old children's home environments. All children were living in Spanish-dominant households. Language skills were assessed in Spanish and English. In addition to overall noise levels in the home, we calculated speech-to-noise ratios as an index of access to speech in real-world conditions. There was no relationship between noise in the home and language outcomes. Instead, speech-to-noise ratio explained a significant proportion of variability in language outcomes. The results indicate that enhancing access to language, such as by speaking loudly or getting close to the child, plays a significant role in children's language development outcomes rather than noise per se. Copyright © 2024 Elsevier Inc. All rights reserved.",2025,/,Journal of experimental child psychology,252,"2985128r, i2n",106173,,https://dx.doi.org/10.1016/j.jecp.2024.106173,39823719,#691,Benitez-Barrera 2025,,
Exposure to the parents' speech is positively associated with preterm infant's face preference.,"Aija, Anette; Leppanen, Jukka; Aarnos, Laura; Hyvonen, Mirka; Stahlberg-Forsen, Eva; Ahlqvist-Bjorkroth, Sari; Stolt, Suvi; Toome, Liis; Lehtonen, Liisa","BACKGROUND: The parents' presence and involvement in neonatal care is a promising approach to improve preterm infants' neurodevelopmental outcomes. We examined whether exposure to the parents' speech is associated with the preterm infant's social-cognitive development., METHODS: The study included infants born before 32 gestational weeks in two neonatal units. Each infant's language environment was assessed from 16-hour recordings using Language Environment Analysis (LENA R). Parental presence was assessed with Closeness Diary for 14 days during the hospital stay. Attention to faces and non-face patterns was measured at the corrected age of seven months using an eye-tracking disengagement test., RESULTS: A total of 63 preterm infants were included. Infants were less likely to disengage their attention from faces (M = 0.55, SD = 0.26) than non-face patterns (M = 0.24, SD = 0.22), p < 0.001, d = 0.84. Exposure to the parents' speech during the neonatal period was positively correlated with the preference for faces over non-face patterns (rs = 0.34, p = 0.009) and with the preference for parents over unfamiliar faces (rs = 0.28, p = 0.034)., CONCLUSION: The exposure to the parents' speech during neonatal hospital care is a potential early marker for later social development in preterm infants., IMPACT: The exposure to the parents' speech during neonatal intensive care is a potential early marker for optimal social-cognitive development in preterm infants. This is the first study to show an association between parental vocal contact during neonatal intensive care and early social development (i.e., face preference), measured at seven months of corrected age. Our findings suggest that we should pay attention to the parents' vocal contact with their child in the neonatal intensive care unit and identify need for tailored support for face-to-face and vocal contact. Copyright © 2024. The Author(s).",2024,/,Pediatric research,96,7,1803-1811,,https://dx.doi.org/10.1038/s41390-024-03239-8,38783114,#694,Aija 2024,,
Screen Time and Parent-Child Talk When Children Are Aged 12 to 36 Months.,"Brushe, Mary E; Haag, Dandara G; Melhuish, Edward C; Reilly, Sheena; Gregory, Tess","Importance: Growing up in a language-rich home environment is important for children's language development in the early years. The concept of ""technoference"" (technology-based interference) suggests that screen time may be interfering with opportunities for talk and interactions between parent and child; however, limited longitudinal evidence exists exploring this association., Objective: To investigate the longitudinal association between screen time and 3 measures of parent-child talk (adult words, child vocalizations, and conversational turns) when children are 12 to 36 months of age., Design, Setting, and Participants: This Australian prospective cohort study used advanced speech recognition technology to capture young children's screen time and home language environment, on an average 16-hour day. Data were collected from 220 families once every 6 months in the family home when children were 12, 18, 24, 30, and 36 months of age, from January 1, 2018, to December 31, 2021. Statistical analysis took place from November 1, 2022, to July 31, 2023., Exposure: Language Environment Analysis (LENA) technology provided automated counts of children's language environment and exposure to electronic noise. The exposure of interest was screen time, which was calculated based on manual coding of LENA electronic noise audio segments., Main Outcomes and Measures: Three measures of parent-child talk were outcomes of focus: adult words, child vocalizations, and conversational turns. Separate models were run for each of the 3 outcomes and included adjustment for child sex, child age, maternal educational level, number of children at home, number of home activities, and primary caregiver's psychological distress., Results: The study included 220 families (120 girls [54.6%]; mean [SD] gestational age of children, 39.3 [1.5] weeks; mean [SD] age of mother at childbirth, 31.3 [4.8] years). Adjusted linear mixed-effect models demonstrated that increases in screen time were associated with decreases in measures of parent-child talk. The largest decreases were seen at 36 months, when an additional minute of screen time was associated with a reduction of 6.6 (95% CI, -11.7 to -1.5) adult words, 4.9 (95% CI, -6.1 to -3.7) child vocalizations, and 1.1 (95% CI, -1.4 to -0.8) conversational turns., Conclusion and Relevance: Findings of this study support the notion of technoference for Australian families, whereby young children's exposure to screen time is interfering with opportunities to talk and interact in their home environment. This finding has implications for interventions and supports aimed at promoting a language-rich home environment, with families needing support in understanding the potential association of screen time with opportunities for children and adults to talk and interact in their home environment.",2024,/,JAMA pediatrics,178,4,369-375,,https://dx.doi.org/10.1001/jamapediatrics.2023.6790,38436942,#707,Brushe 2024,,
Associations between urbanization and the home language environment: Evidence from a LENA study in rural and peri-urban China.,"Ma, Yue; Zhang, Xinwu; Pappas, Lucy; Rule, Andrew; Gao, Yujuan; Dill, Sarah-Eve; Feng, Tianli; Zhang, Yue; Wang, Hong; Cunha, Flavio; Rozelle, Scott","In low- and middle-income countries, urbanization has spurred the expansion of peri-urban communities, or urban communities of formerly rural residents with low socioeconomic status. The growth of these communities offers researchers an opportunity to measure the associations between the level of urbanization and the home language environment (HLE) among otherwise similar populations. Data were collected in 2019 using Language Environment Analysis observational assessment technology from 158 peri-urban and rural households with Han Chinese children (92 males, 66 females) aged 18-24 months in China. Peri-urban children scored lower than rural children in measures of the HLE and language development. In both samples, child age, gender, maternal employment, and sibling number were positively correlated with the HLE, which was in turn correlated with language development. Copyright © 2023 The Authors. Child Development © 2023 Society for Research in Child Development.",2024,/,Child development,95,2,e74-e92,,https://dx.doi.org/10.1111/cdev.14034,37937886,#721,Ma 2024,,
Acoustic cues to phrase and clause boundaries in infant-directed speech: Evidence from LENA recordings.,"Wang, Tianlin; Yu, Elie ChingYen; Huang, Rong; Lany, Jill","Infant-directed speech (IDS) produced in laboratory settings contains acoustic cues, such as pauses, pitch changes, and vowel-lengthening that could facilitate breaking speech into smaller units, such as syntactically well-formed utterances, and the noun- and verb-phrases within them. It is unclear whether these cues are present in speech produced in more natural contexts outside the lab. We captured LENA recordings of caregiver speech to 12-month-old infants in daylong interactions (N = 49) to address this question. We found that the final positions of syntactically well-formed utterances contained greater vowel lengthening and pitch changes, and were followed by longer pauses, relative to non-final positions. However, we found no evidence that these cues were present at utterance-internal phrase boundaries. Results suggest that acoustic cues marking the boundaries of well-formed utterances are salient in everyday speech to infants and highlight the importance of characterizing IDS in a large sample of naturally-produced speech to infants.",2024,/,Journal of child language,51,5,1193-1212,,https://dx.doi.org/10.1017/S030500092300034X,37350290,#722,Wang 2024,,
"Relations among Socioeconomic Status, Perceived Stress, and the Home Language Environment.","Hart, Emma R; Troller-Renfree, Sonya V; Sperber, Jessica F; Noble, Kimberly G","While socioeconomic disparities in the home language environment have been well established, the mechanisms explaining these disparities are poorly understood. One plausible mechanism is heightened stress. The current study investigated whether maternal perceived stress was 1) associated with measures of the home language environment, and 2) mediated the relation between socioeconomic disparities and the home language environment. Data from three independent studies were analyzed, which together comprised 322 mother-child dyads. Two studies included mothers and their six- to twelve-month-old infants (N = 227). The third included mothers and their five- to nine-year-old children (N = 95). Mothers reported their educational attainment, income, and stress. Language Environment Analysis (LENA) measured the home language environment. As has been previously reported, socioeconomic disparities were observed in adult words and conversational turns. Stress did not mediate these associations, nor was it associated with adult words or conversational turns. Alternate mechanisms for future exploration are discussed.",2024,/,Journal of child language,51,5,1067-1084,,https://dx.doi.org/10.1017/S0305000923000156,36916133,#725,Hart 2024,,
Fostering Infant/Toddler Mental Health and Language in Underserved Family Child Care Settings.,"Reyes, Chin R; Rumper, Brooke; Khamis, Reem","Background: Early language development, a key predictor of later academic achievement, arises out of social interactions and communication. High-quality social and emotional interactions in early child care and education (ECCE) programs may therefore promote language-rich environments for young children. While culturally and linguistically minoritized communities face systemic barriers that limit equitable access to high-quality ECCE including social and emotional learning (SEL) programs, access to evidence-based SEL programs remains inequitable, disproportionately benefiting White, English-speaking, and higher-income ECCE providers. The current study aims to examine how I-T CHILD, a program designed to foster a climate that supports mental health and SEL in ECCE, improves the quality of the language environment using LENA technology. Methods: Implemented at the height of the COVID-19 pandemic, 38 family child care providers located in an urban setting (63.2% Hispanic/Latine; 40% living in poverty) were randomly assigned to the 12-week I-T CHILD program or to the waitlist-control group. Data were analyzed using hierarchical linear modeling procedures. Results: Infants and toddlers cared for by I-T CHILD providers produced significantly more vocalizations (p = 0.002; ES = 1.50) and were exposed to significantly less media and electronic sounds (p = 0.032; ES = -0.97) than infants and toddlers in the waitlist-control condition. Conclusions: Our findings reinforce the importance of the mental health climate in ECCE and its circular effect on early language development. We offer key insights into how mental health climate interventions in ECCE settings can enhance language interactions, center the child, and foster foundational skills linked to long-term academic success for historically underserved populations.",2025,/,"Children (Basel, Switzerland)",12,8,,,https://dx.doi.org/10.3390/children12081044,40868496,#738,Reyes 2025,,
Home-literacy environments and language development in toddlers with Down syndrome.,"Dulin, Madison S; Loveall, Susan J; Mattie, Laura J","Introduction: The present study aimed to (1) characterize the home-literacy environments (HLE) of toddlers with Down syndrome (DS) and (2) examine if richness of the HLE, child engagement during shared storybook reading activities, quality of a caregiver-child shared storybook reading activity, and exposure to language in the home environment predicted child receptive vocabulary concurrently (Time 1) and 6 months later (Time 2)., Methods: Participants were toddlers with DS (n = 13 at Time 1, 11-29 months of age; n = 10 at Time 2) and their mothers. Mothers completed a Home Literacy Environment Questionnaire at Time 1, which was used to characterize the HLE and to calculate two composite variables: richness of the HLE and child engagement in shared storybook reading. Also at Time 1, the home language environment was measured using adult word count from the LENA Recorder DLP©. The LENA was also used to audio-record and capture the quality of a caregiver-child storybook reading task in the child's home using the book Dear Zoo. At both time points, mothers completed the MacArthur-Bates Communicative Development Inventories, and the number of words understood variable was used to measure receptive vocabulary., Results/Discussion: Results indicated that toddlers with DS experience rich HLEs and interactive shared storybook reading encounters with their mothers. A multiple linear regression revealed that child engagement and the home language environment correlated with both toddlers' concurrent and later receptive vocabularies, while the richness of the HLE and the shared storybook reading task emerged as moderate predictors of receptive vocabulary 6 months later. Copyright © 2023 Dulin, Loveall and Mattie.",2023,/,Frontiers in psychology,14,101550902,1143369,,https://dx.doi.org/10.3389/fpsyg.2023.1143369,37457096,#760,Dulin 2023,,
Objectively measured infant and toddler screen time: Findings from a prospective study.,"Brushe, Mary E; Lynch, John W; Melhuish, Edward; Reilly, Sheena; Mittinty, Murthy N; Brinkman, Sally A","Objective: Screen time guidelines recommend no screens under two years due to the potential negative impacts on development. While current reports suggest many children exceed this, research relies on parent reports of their children's screen exposure. We objectively assess screen exposure during the first two years and how it differs by maternal education and gender., Methods: This Australian prospective cohort study used speech recognition technology to understand young children's screen exposure over an average day. Data collection occurred every six months when children were 6, 12, 18 and, 24 months old (n = 207). The technology provided automated counts of children's exposure to electronic noise. Audio segments were then coded as screen exposure. Prevalence of screen exposure was quantified, and differences between demographics examined., Results: At six months, children were exposed to an average of 1hr, 16 min (SD = 1hr, 36 min) of screens per day, increasing to an average of 2 h, 28 min (SD = 2 h, 4 min) by 24-months. Some children at six months were exposed to more than 3 h of screen time per day. Inequalities in exposure were evident as early as six months. Children from higher educated families were exposed to 1hr,43 min fewer screens per day, 95%CI (-2hr, 13 min, -1hr, 11 min) compared to lower educated households, with this difference remaining consistent as children age. Girls were exposed to an additional 12 min of screens 95%CI (-20 min, 44 min) per day compared to boys at six months, but this difference reduced to only 5 min by 24-months., Conclusion: Using an objective measure of screen exposure, many families exceed screen time guidelines, the extent increasing with child's age. Furthermore, substantial differences between maternal education groups emerge as young as six months old. This highlights the need for education and supports for parents around screen use in the early years, balanced within the realities of modern life. Copyright © 2023 The Authors.",2023,/,SSM - population health,22,101678841,101395,,https://dx.doi.org/10.1016/j.ssmph.2023.101395,37096246,#764,Brushe 2023,,
Automated measurement: The need for a more objective view of the speech and language of autistic children.,"Leland, Eraine; Fasano, Regina M; Moffitt, Jacquelyn M; Romero, Celia; Cepero, Catalina; Messinger, Daniel S; Perry, Lynn K",,2023,/,Frontiers in human neuroscience,17,101477954,1124273,,https://dx.doi.org/10.3389/fnhum.2023.1124273,37091813,#765,Leland 2023,,
Language input in late infancy scaffolds emergent literacy skills and predicts reading related white matter development.,"Weiss, Yael; Huber, Elizabeth; Ferjan Ramirez, Naja; Corrigan, Neva M; Yarnykh, Vasily L; Kuhl, Patricia K","Longitudinal studies provide the unique opportunity to test whether early language provides a scaffolding for the acquisition of the ability to read. This study tests the hypothesis that parental language input during the first 2 years of life predicts emergent literacy skills at 5 years of age, and that white matter development observed early in the 3rd year (at 26 months) may help to account for these effects. We collected naturalistic recordings of parent and child language at 6, 10, 14, 18, and 24 months using the Language ENvironment Analysis system (LENA) in a group of typically developing infants. We then examined the relationship between language measures during infancy and follow-up measures of reading related skills at age 5 years, in the same group of participants (N = 53). A subset of these children also completed diffusion and quantitative MRI scans at age 2 years (N = 20). Within this subgroup, diffusion tractography was used to identify white matter pathways that are considered critical to language and reading development, namely, the arcuate fasciculus (AF), superior and inferior longitudinal fasciculi, and inferior occipital-frontal fasciculus. Quantitative macromolecular proton fraction (MPF) mapping was used to characterize myelin density within these separately defined regions of interest. The longitudinal data were then used to test correlations between early language input and output, white matter measures at age 2 years, and pre-literacy skills at age 5 years. Parental language input, child speech output, and parent-child conversational turns correlated with pre-literacy skills, as well as myelin density estimates within the left arcuate and superior longitudinal fasciculus. Mediation analyses indicated that the left AF accounted for longitudinal relationships between infant home language measures and 5-year letter identification and letter-sound knowledge, suggesting that the left AF myelination at 2 years may serve as a mechanism by which early language experience supports emergent literacy. Copyright © 2022 Weiss, Huber, Ferjan Ramirez, Corrigan, Yarnykh and Kuhl.",2022,/,Frontiers in human neuroscience,16,101477954,922552,,https://dx.doi.org/10.3389/fnhum.2022.922552,36457757,#769,Weiss 2022,,
The home environment and its relation to vocalizations in the first year of life.,"Hines, Morgan; Carpenito, Thomas; Martens, Alaina; Iizuka, Alicia; Aspinwall, Billi; Zimmerman, Emily","Background: Prior data has shown that the home environment impacts child development; however, there remains a paucity of research on how the home environment relates to child and adult words. Therefore, the aim of this prospective and quantitative study was to examine the relationship between the home environment and the quantity of vocalizations or words, and conversational turns produced by infants and parents at 3 and 12 months of age., Methods: Seventy-two (56% male) full-term infants were assessed at 3 and 12 months of age. The home environment was assessed in person via interview and observation of the child's home using the Infant-Toddler Home Observation for Measurement of the Environment (IT-HOME) Inventory subscales. Vocalizations were measured using the Language Environment Analysis (LENA) device, which measures the adult word count, child vocalization count and conversational turn count. These measures were then averaged for the most voluble, or vocal hour, in the recording period., Results: At 3 months, IT-HOME Learning Materials scores were significantly associated with a decrease in adult words. We found a statistically significant difference in LENA outcomes between 3 and 12 months when stratified by sex. Specifically, male infants had significantly fewer vocalizations at 12 months when compared to 3 months, whereas females had more vocalizations. There was also a statistically significant difference in IT-HOME Learning Materials, Organization, Responsivity, and Total scores when comparing 3- and 12-month time points., Conclusions: These findings reveal that the home environment changes significantly over the first year of life. At 3 months, Learning Materials in the home were related to adult words, while between 3 and 12 months, several aspects of the home significantly changed. Male children had reduced vocalizations between 3 and 12 months; whereas, female children had increased vocalizations during the same time points. Future research should focus on examining these outcomes with multiple measures, time points, and patient populations.",2022,/,"Pediatric medicine (Hong Kong, China)",5,101745498,,,https://dx.doi.org/10.21037/pm-21-53,35664538,#771,Hines 2022,,
A COMPARISON STUDY ON INFANT-PARENT VOICE DIARIZATION.,"Zhu, Junzhe; Hasegawa-Johnson, Mark; McElwain, Nancy","We design a framework for studying prelinguistic child voice from 3 to 24 months based on state-of-the-art algorithms in diarization. Our system consists of a time-invariant feature extractor, a context-dependent embedding generator, and a classifier. We study the effect of swapping out different components of the system, as well as changing loss function, to find the best performance. We also present a multiple-instance learning technique that allows us to pre-train our parameters on larger datasets with coarser segment boundary labels. We found that our best system achieved 43.8% DER on test dataset, compared to 55.4% DER achieved by LENA software. We also found that using convolutional feature extractor instead of logmel features significantly increases the performance of neural diarization.",2021,/,"Proceedings of the ... IEEE International Conference on Acoustics, Speech, and Signal Processing. ICASSP (Conference)",2021,101182171,7178-7182,,https://dx.doi.org/10.1109/icassp39728.2021.9413538,35291257,#774,Zhu 2021,,
Quantifying Everyday Ecologies: Principles for Manual Annotation of Many Hours of Infants' Lives.,"Mendoza, Jennifer K; Fausey, Caitlin M","Everyday experiences are the experiences available to shape developmental change. Remarkable advances in devices used to record infants' and toddlers' everyday experiences, as well as in repositories to aggregate and share such recordings across teams of theorists, have yielded a potential gold mine of insights to spur next-generation theories of experience-dependent change. Making full use of these advances, however, currently requires manual annotation. Manually annotating many hours of everyday life is a dedicated pursuit requiring significant time and resources, and in many domains is an endeavor currently lacking foundational facts to guide potentially consequential implementation decisions. These realities make manual annotation a frequent barrier to discoveries, as theorists instead opt for narrower scoped activities. Here, we provide theorists with a framework for manually annotating many hours of everyday life designed to reduce both theoretical and practical overwhelm. We share insights based on our team's recent adventures in the previously uncharted territory of everyday music. We identify principles, and share implementation examples and tools, to help theorists achieve scalable solutions to challenges that are especially fierce when annotating extended timescales. These principles for quantifying everyday ecologies will help theorists collectively maximize return on investment in databases of everyday recordings and will enable a broad community of scholars-across institutions, skillsets, experiences, and working environments-to make discoveries about the experiences upon which development may depend. Copyright © 2021 Mendoza and Fausey.",2021,/,Frontiers in psychology,12,101550902,710636,,https://dx.doi.org/10.3389/fpsyg.2021.710636,34552533,#776,Mendoza 2021,,
Exploring Mothers' Experience of a Linguistic Feedback Technology for Children at Risk of Poor Language Development: Qualitative Pilot Study.,"So, Lydia; Miller, Erin; Eastwood, John","BACKGROUND: The early language environment is important for language development and a child's life-course trajectory. Risk factors associated with poor language development outcomes in children include maternal anxiety and depression, low educational attainment, substance misuse, and low socioeconomic status. Language Environment Analysis (LENA) is a wearable technology designed to promote caregivers' engagement in supporting their children's language development. LENA provides quantitative linguistic feedback, which has been shown to improve caregiver language output, thus enhancing a child's language environment. There is limited research on the uptake of this technology by families with developmentally at-risk children., OBJECTIVE: This qualitative study aims to explore the conditions under which mothers with children at risk of poor developmental outcomes are willing to adopt the use of LENA to monitor and improve caregiver language output., METHODS: Using a qualitative interpretive design, semistructured, in-depth interviews were conducted with 8 mothers. Participants were recruited purposively to select the maximal variation of socioeconomic and ethnodemographic backgrounds. The transcribed interview data were analyzed thematically and interpretatively. Themes were mapped abductively to an extended Unified Theory of Acceptance and Use of Technology, which included contextual factors for LENA acceptance., RESULTS: Factors that influenced the intention to use LENA included both technology-specific acceptance factors and contextual factors. Technology acceptance themes included reassurance, feeling overwhelmed, and trust. These themes were mapped to performance expectancy, effort expectancy, and social influence. Contextual themes included emergent success and the intrusion of past difficulties. These were mapped to parenting self-efficacy and perceived risk. The theme of building on success described behavioral intention. Mothers were more likely to adopt LENA when the technology was viewed as acceptable, and this was influenced by parenting self-efficacy and perceived risk., CONCLUSIONS: LENA is a technology that is acceptable to mothers with children who are at risk of poor language development outcomes. Further studies are needed to establish LENA's effectiveness as an adjunct to strategies to enrich a child's early language environment. Copyright ©Lydia So, Erin Miller, John Eastwood. Originally published in JMIR Pediatrics and Parenting (https://pediatrics.jmir.org), 31.08.2021.",2021,/,JMIR pediatrics and parenting,4,3,e27049,,https://dx.doi.org/10.2196/27049,34463633,#778,So 2021,,
Growing Up in a Digital World - Digital Media and the Association With the Child's Language Development at Two Years of Age.,"Sundqvist, Annette; Koch, Felix-Sebastian; Birberg Thornberg, Ulrika; Barr, Rachel; Heimann, Mikael","Digital media (DM), such as cellphones and tablets, are a common part of our daily lives and their usage has changed the communication structure within families. Thus, there is a risk that the use of DM might result in fewer opportunities for interactions between children and their parents leading to fewer language learning moments for young children. The current study examined the associations between children's language development and early DM exposure. Participants: Ninety-two parents of 25months olds (50 boys/42 girls) recorded their home sound environment during a typical day [Language ENvironment Analysis (LENA)] and participated in an online questionnaire consisting of questions pertaining to daily DM use and media mediation strategies, as well as a Swedish online version of the MacArthur Communicative Development Inventory, which includes a vocabulary scale as well as a grammar and pragmatics scale. Results: Through correlations and stepwise regressions three aspects of language were analyzed. The child's vocabulary was positively associated with interactional turn-taking. The child's vocabulary and grammar were negatively associated with the likelihood of parent's device use during everyday child routines and the amount of TV watched by the child. The child's pragmatic development was also positively associated with the parent's device use in child routines but also with the parent's joint media engagement (JME), as well as the child's gender (where girls perform better). Conclusion:  Our study confirms that specific aspects of the 2-year old's DM environment are associated with the child's language development. More TV content, whether it is viewed on a big screen or tablet, is negatively associated with language development. The likelihood of parents' use of DM during everyday child routines is also negatively associated with the child's language development. Positive linguistic parental strategies such as interactional turn-taking with the child, JME, and book reading, on the other hand, are positively associated with the child's language development. Copyright © 2021 Sundqvist, Koch, Birberg Thornberg, Barr and Heimann.",2021,/,Frontiers in psychology,12,101550902,569920,,https://dx.doi.org/10.3389/fpsyg.2021.569920,33815187,#783,Sundqvist 2021,,
Validation of continuous measures of peer social interaction with self- and teacher-reports of friendship and social engagement.,"Altman, Robert L; Laursen, Brett; Perry, Lynn K; Messinger, Daniel S","The present study validates a new procedure that combines continuous measures of proximity (Ubisense) and vocalization (LENA) into measures of peer social interaction. The data were collected from 4 boys and 5 girls (ages 2-3 at the outset) on 8 separate days (3-4 hours per day) over the course of an academic year. Teacher reports of friendship were positively correlated with continuous measures of dyadic social interaction (i.e., the amount of time two children spent in proximity to one another, talking). Self-reports of reciprocated friendship were marginally correlated with continuous measures of dyadic social interaction, but only in the spring semester (when children were older and their reports of friendship more reliable). At the individual level, peer nominations of likeability, and teacher ratings of sociability and withdrawal were correlated with continuous measures of social interaction (i.e., the amount of time a child spent in proximity to other children, talking).",2020,/,The European journal of developmental psychology,17,5,773-785,,https://dx.doi.org/10.1080/17405629.2020.1716724,33719358,#786,Altman 2020,,
Using Technology to Monitor Hearing Device Use and Linguistic Environments: Early Intervention Providers' Perspectives.,"Appenzeller, Margo C; Ambrose, Sophie E","To improve outcomes for children with hearing loss, early intervention professionals must work with families to optimize children's hearing device use and the linguistic and auditory features of children's environments. Two technologies with potential use in monitoring these domains are data logging and Language Environment Analysis (LENA) technology. This study, which surveyed early intervention providers, had two objectives: (a) to determine whether providers' experiences, perspectives, and current practices indicated there was a need for tools to better monitor these domains, and (b) to gain a better understanding of providers' experiences with and perspectives on use of the two technologies. Most providers reported that they used informal, subjective methods to monitor functioning in the two domains and felt confident that their methods allowed them to know how consistently children on their caseloads were wearing their hearing devices and what their environments were like between intervention visits. Although most providers reported limited personal experience with accessing data logging information and with LENA technology, many reported receiving data logging information from children's audiologists. Providers generally believed access to the technologies could be beneficial, but only if coupled with proper funding for the technology, appropriate training, and supportive administrative policies.",2020,/,Journal of early hearing detection and intervention,5,1,62-72,,,32968696,#790,Appenzeller 2020,,
Language Exposure and Brain Myelination in Early Development.,"Fibla, Laia; Forbes, Samuel H; McCarthy, Jordan; Mee, Kate; Magnotta, Vincent; Deoni, Sean; Cameron, Donnie; Spencer, John P","The language environment to which children are exposed has an impact on later language abilities as well as on brain development; however, it is unclear how early such impacts emerge. This study investigates the effects of children's early language environment and socioeconomic status (SES) on brain structure in infancy at 6 and 30 months of age (both sexes included). We used magnetic resonance imaging to quantify concentrations of myelin in specific fiber tracts in the brain. Our central question was whether Language Environment Analysis (LENA) measures from in-home recording devices and SES measures of maternal education predicted myelin concentrations over the course of development. Results indicate that 30-month-old children exposed to larger amounts of in-home adult input showed more myelination in the white matter tracts most associated with language. Right hemisphere regions also show an association with SES, with older children from more highly educated mothers and exposed to more adult input, showing greater myelin concentrations in language-related areas. We discuss these results in relation to the current literature and implications for future research. SIGNIFICANCE STATEMENT This is the first study to look at how brain myelination is impacted by language input and socioeconomic status early in development. We find robust relationships of both factors in language-related brain areas at 30 months of age. Copyright © 2023 the authors.",2023,/,The Journal of neuroscience : the official journal of the Society for Neuroscience,43,23,4279-4290,,https://dx.doi.org/10.1523/JNEUROSCI.1034-22.2023,37188518,#800,Fibla 2023,,
Language environment and parent-infant close contact in neonatal care and emerging lexical abilities of very preterm children-a longitudinal study.,"Stahlberg-Forsen, Eva; Latva, Reija; Aija, Anette; Lehtonen, Liisa; Stolt, Suvi","AIM: This longitudinal study investigated associations between language environment and parent-infant close contact in the neonatal intensive care unit (NICU) and preterm children's lexical abilities., METHODS: NICU language environment of 43 very preterm infants (born<32 gestational weeks) was measured with the Language Environment Analysis System (LENA; variables: number of adult words, conversational turns, and child vocalisations). Parent-infant close contact (holding and skin-to-skin contact) in the NICU was reported using parental closeness diaries. At 15 and 18 months' corrected age, lexical development was measured with screening methods, and eye tracking-based lexical processing was assessed at 18 months. N varied between 29 and 38 in different outcome measures., RESULTS: LENA measured conversational turns and child vocalisations, and parent-infant close contact associated positively with lexical development (r = 0.35-0.57). High numbers of NICU adult words associated negatively with lexical processing (r = -0.38- -0.40). In regression models, conversational turns and parent-infant close contact explained 34%-35% of receptive development., CONCLUSION: Findings suggest that adult-infant turn taking and parent-infant close contact in the NICU are positively associated with lexical development. High numbers of overheard words in the NICU may not favour later lexical processing. Further research is warranted on the significance of NICU language environment on later lexical abilities. Copyright © 2022 Foundation Acta Paediatrica. Published by John Wiley & Sons Ltd.",2023,/,"Acta paediatrica (Oslo, Norway : 1992)",112,4,659-666,,https://dx.doi.org/10.1111/apa.16647,36567645,#810,Stahlberg-Forsen 2023,,
Validating a model to detect infant crying from naturalistic audio.,"Micheletti, Megan; Yao, Xuewen; Johnson, Mckensey; de Barbaro, Kaya","Human infant crying evolved as a signal to elicit parental care and actively influences caregiving behaviors as well as infant-caregiver interactions. Automated cry detection algorithms have become more popular in recent decades, and while some models exist, they have not been evaluated thoroughly on daylong naturalistic audio recordings. Here, we validate a novel deep learning cry detection model by testing it in assessment scenarios important to developmental researchers. We also evaluate the deep learning model's performance relative to LENA's cry classifier, one of the most commonly used commercial software systems for quantifying child crying. Broadly, we found that both deep learning and LENA model outputs showed convergent validity with human annotations of infant crying. However, the deep learning model had substantially higher accuracy metrics (recall, F1, kappa) and stronger correlations with human annotations at all timescales tested (24 h, 1 h, and 5 min) relative to LENA. On average, LENA underestimated infant crying by 50 min every 24 h relative to human annotations and the deep learning model. Additionally, daily infant crying times detected by both automated models were lower than parent-report estimates in the literature. We provide recommendations and solutions for leveraging automated algorithms to detect infant crying in the home and make our training data and model code open source and publicly available. Copyright © 2022. The Psychonomic Society, Inc.",2023,/,Behavior research methods,55,6,3187-3197,,https://dx.doi.org/10.3758/s13428-022-01961-x,36085547,#812,Micheletti 2023,,
The Myth of Women's Advantage in Using Child-Directed Speech: Evidence of Women Versus Men in Single-Sex-Parent Families.,"Grinberg, Dana; Levin-Asher, Bonnie; Segal, Osnat","PURPOSE: Differences between child-directed speech (CDS) by women and men are generally explained by either biological-evolutionary or gender-social theories. It is difficult to tease these two explanations apart for different-sex-parent families because women are usually also the main caregivers. Thus, this study aims to examine the influence of parental sex on CDS by investigating men and women who are in same-sex-parent families., METHOD: Twenty same-sex-parent families participated in the study-10 families in which the parents were two men and 10 families in which the parents were two women. The families were matched for toddler age (range: 9-24 months) and sex. CDS was recorded using the Language Environment Analysis (LENA) device for 16 hr during a day. Each parent was also audio-recorded during a 30-min play session with his or her child., RESULTS: No difference was found between men and women across all the LENA measures, namely, adult word count, conversational turns count, and child vocalization count. The analysis of speech samples during parent-child play showed no difference between men and women in mean length of utterance and number of nouns, verbs, and adjectives. Pragmatic speech acts of initiations, responses to infants' actions, or vocalizations were similar in both sexes. Women used more ""teaching"" utterances than men, and men who were main caregivers used more ""teaching"" utterances than men who were secondary caregivers. Across both sexes, secondary caregivers used more ""requests for actions"" compared to main caregivers., CONCLUSIONS: The present findings support a functional-social approach and not a biological approach for explaining the use of CDS by men and women. These findings have clinical implications on the involvement of men in early intervention programs.",2022,/,"Journal of speech, language, and hearing research : JSLHR",65,11,4205-4227,,https://dx.doi.org/10.1044/2022_JSLHR-21-00558,36327494,#817,Grinberg 2022,,
Home language environment in relation to language outcome in Brazilian toddlers who are hard of hearing and controls with typical hearing - a pilot study including reliability analyses of the LENA recording system.,"Ferreira, Miriam da Silva; Levy, Cilmara Cristina Alves da Costa; Lofkvist, Ulrika","PURPOSE: The purpose of this pilot study was to explore the home language environment and language outcome of Brazilian toddlers who were hard of hearing, (HH) and controls with typical hearing (TH), and investigate the reliability of using the LENA recording system within a Brazilian Portuguese context., METHODS: Fourteen families participated in the study (seven children who were HH and seven controls with TH. Each family contributed with one all-day recording. A smaller portion of the recordings of the typically hearing toddlers were manually transcribed by two transcribers. An interrater agreement was conducted, and then the human transcript results were compared against the LENA-generated data for three measures: Adult Words (AW), Child Vocalizations (CV) and Conversational Turns (CT)., RESULTS: Data analyses revealed a moderate to strong interrater agreement for CV and AW. Weak to moderate agreement was found between the LENA estimates and the means of the human counts for CV and AW. Seemingly, LENA overestimated human counts for AW and underestimated numbers of CV. Comparative analysis suggested similarities in the language and listening environment of the two groups (TH vs. HoH). Children's language development was supported by higher numbers of parent-child interactions (CT)., CONCLUSION: The findings imply that LENA may contribute as an ecologically valid tool in preventive family-centered intervention programs for Brazilian toddlers who are hard of hearing and their families, although further validation studies are needed.",2022,/,CoDAS,35,1,e20210250,,https://dx.doi.org/10.1590/2317-1782/20212021250,36287421,#818,Ferreira 2022,,
"Expectant mothers' not fathers' mind-mindedness predicts infant, mother, and father conversational turns at 7 months.","Foley, Sarah; Hughes, Claire; Fink, Elian","Parental mind-mindedness (MM), defined as the propensity to view one's child as an agent with thoughts, feelings, and desires, is associated with positive child outcomes (McMahon & Bernier, 2017) and can be assessed in expectant parents by using five-minute speech samples (Magana et al., 1986). Individual differences in MM appear stable across the transition to parenthood (Foley et al., in press), offering an exciting intervention opportunity, as expectant mothers' thoughts and feelings about their unborn infants are associated with the quality of mother-infant interactions. To assess prenatal MM as a predictor of parent-infant conversation at 7 months, we followed 93 low-risk British heterosexual couples across the transition to parenthood. Mothers' and fathers' MM was measured both in the third trimester of pregnancy and at 4 months. Wearable LENA devices were used to gather detailed measures of mother-, father-, and infant-initiated conversations at 7 months. Prenatal MM in both parents was associated with more frequent infant-initiated conversations at 7 months, while prenatal maternal (not paternal) MM was also associated with more mother- and father-initiated conversations. While longitudinal research with more diverse samples is needed, these findings highlight the importance of parental mentalizing in the prenatal period for early family interactions. Copyright © 2022 The Authors. Infancy published by Wiley Periodicals LLC on behalf of International Congress of Infant Studies.",2022,/,Infancy : the official journal of the International Society on Infant Studies,27,6,1091-1103,,https://dx.doi.org/10.1111/infa.12498,36018562,#821,Foley 2022,,
"Environmental noise, brain structure, and language development in children.","Simon, Katrina R; Merz, Emily C; He, Xiaofu; Noble, Kimberly G","While excessive noise exposure in childhood has been associated with reduced language ability, few studies have examined potential underlying neurobiological mechanisms that may account for noise-related differences in language skills. In this study, we tested the hypotheses that higher everyday noise exposure would be associated with 1) poorer language skills and 2) differences in language-related cortical structure. A socioeconomically diverse sample of children aged 5-9 (N = 94) completed standardized language assessments. High-resolution T1-weighted magnetic resonance imaging (MRI) scans were acquired, and surface area and cortical thickness of the left inferior frontal gyrus (IFG) and left superior temporal gyrus (STG) were extracted. Language Environmental Analysis (LENA) was used to measure levels of exposure to excessive environmental noise over the course of a typical day (n = 43 with complete LENA, MRI, and behavioral data). Results indicated that children exposed to excessive levels of noise exhibited reduced cortical thickness in the left IFG. These findings add to a growing literature that explores the extent to which home environmental factors, such as environmental noise, are associated with neurobiological development related to language development in children. Copyright © 2022 Elsevier Inc. All rights reserved.",2022,/,Brain and language,229,"7506220, b5h",105112,,https://dx.doi.org/10.1016/j.bandl.2022.105112,35398600,#828,Simon 2022,,
Code-switching in parents' everyday speech to bilingual infants.,"Kremin, Lena V; Alves, Julia; Orena, Adriel John; Polka, Linda; Byers-Heinlein, Krista","Code-switching is a common phenomenon in bilingual communities, but little is known about bilingual parents' code-switching when speaking to their infants. In a pre-registered study, we identified instances of code-switching in day-long at-home audio recordings of 21 French-English bilingual families in Montreal, Canada, who provided recordings when their infant was 10 and 18 months old. Overall, rates of infant-directed code-switching were low, averaging 7 times per hour (6 times per 1,000 words) at 10 months and increasing to 28 times per hour (18 times per 1,000 words) at 18 months. Parents code-switched more between sentences than within a sentence; this pattern was even more pronounced when infants were 18 months than when they were 10 months. The most common apparent reasons for code-switching were to bolster their infant's understanding and to teach vocabulary words. Combined, these results suggest that bilingual parents code-switch in ways that support successful bilingual language acquisition.",2022,/,Journal of child language,49,4,714-740,,https://dx.doi.org/10.1017/S0305000921000118,34006344,#829,Kremin 2022,,
The utility of LENA as an indicator of developmental outcomes for young children with autism.,"Sulek, Rhylee; Smith, Jodie; Bent, Catherine Anne; Hudry, Kristelle; Trembath, David; Vivanti, Giacomo; Dissanayake, Cheryl","BACKGROUND: There is growing understanding of the potential benefits of a multi-method approach to accurately capture language skills of children on the autism spectrum. Tools such as Language ENvironment Analysis (LENA) provide an efficient means of capturing and analysing early child vocalizations (CVs) and the language learning environment. While developed to capture whole-day recordings of child language in naturalistic settings, there is potential utility in capturing, but little knowledge about, primary LENA metrics-including CVs and conversational turns (CTs)-and novel metrics, such as vocalization ratios (VRs), sampled in clinical practice settings where children are often seen. Moreover, recent research indicates that the novel VR may offer a broad indicator of children's developmental level, beyond just their language abilities, a hypothesis yet to be investigated in a large sample of children for whom the LENA was designed (i.e., pre-schoolers)., AIMS: To explore the extent to which primary and novel LENA metrics collected during brief one-to-one clinical interaction was a useful indicator of developmental outcomes for children on the autism spectrum., METHODS & PROCEDURES: Participants were recruited as part of an on-going research programme evaluating early intervention outcomes (n = 99; age 14-47 months). Language samples were collected at intake (T1) using the wearable LENA Digital Language Processors during a one-to-one, play-based assessment with a clinician. Direct (Mullen Scales of Early Learning-MSEL) and parent-report (Vineland Adaptive Behavior Scales-VABS) measures of verbal and non-verbal skills were also collected at intake (T1) and again at exit (T2), approximately 12 months later., OUTCOMES & RESULTS: Few correlations were observed between child measures and CVs, a primary LENA metric. The novel VR metric was associated with concurrent direct assessment (MSEL) (and to a lesser extent parent report; VABS) measures of verbal and non-verbal skills, with moderate positive correlations found between VRs and all directly assessed subscale scores. However, VRs did not uniquely contribute to the prediction of child outcomes when baseline skills were also considered., CONCLUSIONS & IMPLICATIONS: The novel VR may provide an insight into autistic children's overall development in addition to their language ability, suggesting that even when collected in a short recording format, LENA might be a useful component of a multi-method assessment approach., WHAT THIS PAPER ADDS: What is already known on the subject To accurately capture language skills of children on the autism spectrum, multi-method approaches, including natural language sampling, are recommended. Tools such as LENA provide an efficient means of capturing and analysing naturalistic child language and the language learning environment. What this paper adds to existing knowledge This study demonstrates the potential benefits, and limitations, of using LENA to augment assessment of young children on the autism spectrum. Specifically, LENA provides a complementary, and low burden, method for capturing child language samples. What are the potential or actual clinical implications of this work? Novel metrics, such as the VR, collected during brief clinical interactions might be a useful component of a multi-method assessment approach for children on the autism spectrum. Copyright © 2021 Royal College of Speech and Language Therapists.",2022,/,International journal of language & communication disorders,57,1,103-111,,https://dx.doi.org/10.1111/1460-6984.12678,34676948,#838,Sulek 2022,,
Measuring naturalistic proximity as a window into caregiver-child interaction patterns.,"Salo, Virginia C; Pannuto, Pat; Hedgecock, William; Biri, Andreas; Russo, David A; Piersiak, Hannah A; Humphreys, Kathryn L","The interactions most supportive of positive child development take place in moments of close contact with others. In the earliest years of life, a child's caregivers are the primary partners in these important interactions. Little is known about the patterns of real-life physical interactions between children and their caregivers, in part due to an inability to measure these interactions as they occur in real time. We have developed a wearable, infrastructure-free device (TotTag) used to dynamically and unobtrusively measure physical proximity between children and caregivers in real time. We present a case-study illustration of the TotTag with data collected over two (12-hour) days each from two families: a family of four (30-month-old son, 61-month-old daughter, 37-year-old father, 37-year-old mother), and a family of three (12-month-old daughter, 35-year-old-father, 33-year-old mother). We explored patterns of proximity within each parent-child dyad and whether close proximity would indicate periods in which increased opportunity for developmentally critical interactions occur. Each child also wore a widely used wearable audio recording device (LENA) to collect time-synced linguistic input. Descriptive analyses reveal wide variability in caregiver-child proximity both within and across dyads, and that the amount of time spent in close proximity with a caregiver is associated with the number of adult words and conversational turns to which a child was exposed. This suggests that variations in proximity are linked to-though, critically, not synonymous with-the quantity of a child's exposure to adult language. Potential implications for deepening the understanding of early caregiver-child interactions are discussed. Copyright © 2021. The Psychonomic Society, Inc.",2022,/,Behavior research methods,54,4,1580-1594,,https://dx.doi.org/10.3758/s13428-021-01681-8,34505995,#841,Salo 2022,,
Speaking of State of Mind: Maternal Mental Health Predicts Children's Home Language Environment and Expressive Language.,"Clifford, Brandon Neil; Stockdale, Laura A; Coyne, Sarah M; Rainey, Vanessa; Benitez, Viridiana L","Maternal depression and anxiety are potential risk factors to children's language environments and development. Though existing work has examined relations between these constructs, further work is needed accounting for both depression and anxiety and using more direct measures of the home language environment and children's language development. We examined 265 mother-infant dyads (49.6% female, Mage = 17.03 months) from a large city in the Western United States to explore the relations between self-reports of maternal depression and anxiety and observational indices of the home language environment and expressive language as captured by Language Environment Analysis (LENA) and parent-reported language comprehension and production. Results revealed maternal depressive symptoms to be negatively associated with home language environment and expressive language indices. Maternal anxiety symptoms were found to be negatively associated with children's parent-reported language production. These findings provide further evidence that maternal mental health modulates children's home language environments and expressive language.",2022,/,Journal of child language,49,3,469-485,,https://dx.doi.org/10.1017/S0305000921000131,33818326,#844,Clifford 2022,,
"The Effects of Age, Dosage, and Poverty on Second Language Learning through SparkLingTM in Infant Education Centers in Madrid, Spain.","Ferjan Ramirez, Naja; Sheth, Kaveri K; Kuhl, Patricia K","The first 1000 days represent a unique window of opportunity for second language learning. In two recent studies we demonstrated that Spanish infants' use of second-language (L2) English productive vocabulary and early utterances rapidly increased through the play-based, interactive and highly social SparkLingTM Intervention, which consists of an evidence-based method and curriculum stemming from decades of research on infant language development. Analyzing an expanded and more diverse sample of Spanish infants (n = 414; age 9-33 months) who received the SparkLingTM Intervention, this study examines the variability in L2 production, which was assessed via first-person LENA audio recordings. Infants' age significantly and positively correlated with L2 production, demonstrating an advantage for older infants in the sample. While overall socioeconomic status (SES) was not related to L2 production, very young infants (under two years) who lived in high poverty homes showed faster increases in English production compared to peers who lived in moderate poverty homes. Infants' attendance in the program (""dosage"") was also predictive of their L2 production outcomes. Infants across SES have the capacity to begin acquiring two languages in early education classrooms with SparkLingTM through one-hour/day sessions in social environments that engages them through frequent high-quality language input.",2021,/,International journal of environmental research and public health,18,23,,,https://dx.doi.org/10.3390/ijerph182312758,34886481,#848,FerjanRamirez 2021,,
Neuroplasticity associated with changes in conversational turn-taking following a family-based intervention.,"Romeo, Rachel R; Leonard, Julia A; Grotzinger, Hannah M; Robinson, Sydney T; Takada, Megumi E; Mackey, Allyson P; Scherer, Ethan; Rowe, Meredith L; West, Martin R; Gabrieli, John D E","Children's early language environments are associated with linguistic, cognitive, and academic development, as well as concurrent brain structure and function. This study investigated neurodevelopmental mechanisms linking language input to development by measuring neuroplasticity associated with an intervention designed to enhance language environments of families primarily from lower socioeconomic backgrounds. Families of 52 4-to-6 year-old children were randomly assigned to a 9-week, interactive, family-based intervention or no-contact control group. Children completed pre- and post-assessments of verbal and nonverbal cognition (n = 52), structural magnetic resonance imaging (n = 45), and home auditory recordings of language exposure (n = 39). Families who completed the intervention exhibited greater increases in adult-child conversational turns, and changes in turn-taking mediated intervention effects on language and executive functioning measures. Collapsing across groups, turn-taking changes were also positively correlated with cortical thickening in left inferior frontal and supramarginal gyri, the latter of which mediated relationships between changes in turn-taking and children's language development. This is the first study of longitudinal neuroplasticity in response to changes in children's language environments, and findings suggest that conversational turns support language development through cortical growth in language and social processing regions. This has implications for early interventions to enhance children's language environments to support neurocognitive development. Copyright © 2021 The Authors. Published by Elsevier Ltd.. All rights reserved.",2021,/,Developmental cognitive neuroscience,49,101541838,100967,,https://dx.doi.org/10.1016/j.dcn.2021.100967,34052580,#855,Romeo 2021,,
Language and socioemotional development in early childhood: The role of conversational turns.,"Gomez, Esteban; Strasser, Katherine","This study examines the role of language environment (number of conversational turns) in the development of socioemotional competencies between 18 and 30 months. The language environment of 43 infants and their social-emotional competencies were measured at 18 months and again at 30 months. Multiple regressions showed a significant contribution of turns at 18 months on socioemotional competencies at 30 months, controlling for their initial levels, child vocalizations, maternal warmth, and social risk. Cross-lagged analysis revealed that the direction of the longitudinal relation between turns and emotional competencies is more likely to go from turns to socioemotional development than the other way around. Implications for theory and research are discussed. Copyright © 2021 John Wiley & Sons Ltd.",2021,/,Developmental science,24,5,e13109,,https://dx.doi.org/10.1111/desc.13109,33825290,#859,Gomez 2021,,
Variations in the Home Language Environment and Early Language Development in Rural China.,"Ma, Yue; Jonsson, Laura; Feng, Tianli; Weisberg, Tyler; Shao, Teresa; Yao, Zixin; Zhang, Dongming; Dill, Sarah-Eve; Guo, Yian; Zhang, Yue; Friesen, Dimitris; Rozelle, Scott","The home language environment is critical to early language development and subsequent skills. However, few studies have quantitatively measured the home language environment in low-income, developing settings. This study explores variations in the home language environment and child language skills among households in poor rural villages in northwestern China. Audio recordings were collected for 38 children aged 20-28 months and analyzed using Language Environment Analysis (LENA) software; language skills were measured using the MacArthur-Bates Mandarin Communicative Developmental Inventories expressive vocabulary scale. The results revealed large variability in both child language skills and home language environment measures (adult words, conversational turns, and child vocalizations) with 5- to 6-fold differences between the highest and lowest scores. Despite variation, however, the average number of adult words and conversational turns were lower than found among urban Chinese children. Correlation analyses did not identify significant correlations between demographic characteristics and the home language environment. However, the results do indicate significant correlations between the home language environment and child language skills, with conversational turns showing the strongest correlation. The results point to a need for further research on language engagement and ways to increase parent-child interactions to improve early language development among young children in rural China.",2021,/,International journal of environmental research and public health,18,5,,,https://dx.doi.org/10.3390/ijerph18052671,33800901,#860,Ma 2021,,
Comparing Automatic and Manual Measures of Parent-Infant Conversational Turns: A Word of Caution.,"Ferjan Ramirez, Naja; Hippe, Daniel S; Kuhl, Patricia K","The Language ENvironment Analysis system (LENA) records children's language environment and provides an automatic estimate of adult-child conversational turn count (CTC). The present study compares LENA's CTC estimate to manually coded CTC on a sample of 70 English-speaking infants recorded longitudinally at 6, 10, 14, 18, and 24 months of age. At each age, LENA's CTC was significantly higher than manually coded CTC (all ps < .001, Cohen's ds: 0.9-2.05), with the largest discrepancies between the two methods observed at younger ages. The Limits of Agreement Analyses confirm wide disagreements between the two methods, highlighting potential problems with automatic measurement of parent-infant verbal interaction. These findings suggest that future studies should validate LENA's CTC estimates with manual coding. Copyright © 2021 The Authors. Child Development published by Wiley Periodicals LLC on behalf of Society for Research in Child Development.",2021,/,Child development,92,2,672-681,,https://dx.doi.org/10.1111/cdev.13495,33421100,#870,FerjanRamirez 2021,,
Parent education to improve early language development: A preliminary evaluation of LENA StartTM.,"Elmquist, Marianne; Finestack, Lizbeth H; Kriese, Amanda; Lease, Erin M; McConnell, Scott R","Parents play an important role in creating home language environments that promote language development. A nonequivalent group design was used to evaluate the effectiveness of a community-based implementation of LENA Start TM, a parent-training program aimed at increasing the quantity of adult words (AWC) and conversational turns (CT). Parent-child dyads participated in LENA Start TM (n = 39) or a generic parent education program (n = 17). Overall, attendance and engagement in the LENA StartTM program were high: 72% of participants met criteria to graduate from the program. Within-subject gains were positive for LENA Start TM families. Comparison families declined on these measures. However, both effects were non-significant. Between-group analyses revealed small to medium-sized effects favoring LENA Start TM and these were significant for child vocalizations (CV) and CT but not AWC. These results provide preliminary evidence that programs like LENA StartTM can be embedded in community-based settings to promote quality parent-child language interactions.",2021,/,Journal of child language,48,4,670-698,,https://dx.doi.org/10.1017/S0305000920000458,32921333,#875,Elmquist 2021,,
Accuracy of the Language Environment Analyses (LENATM) system for estimating child and adult speech in laboratory settings.,"Marchman, Virginia A; Weisleder, Adriana; Hurtado, Nereyda; Fernald, Anne","Laboratory observations are a mainstay of language development research, but transcription is costly. We test whether speech recognition technology originally designed for day-long contexts can be usefully applied to this use-case. We compared automated adult word and child vocalization counts from Language Environment Analysis (LENATM) to those of transcribers in 20-minute play sessions with Spanish-speaking dyads (n = 104) at 1;7 and 2;2. For adult words, results indicated moderate associations but large absolute differences. Associations for child vocalizations were weaker with larger absolute discrepancies. LENA has moderate potential to ease the burden of transcription in some research and clinical applications.",2021,/,Journal of child language,48,3,605-620,,https://dx.doi.org/10.1017/S0305000920000380,32690113,#879,Marchman 2021,,
Prekindergarten classroom language environments and children's vocabulary skills.,"Duncan, Robert J; King, Yemimah A; Finders, Jennifer K; Elicker, James; Schmitt, Sara A; Purpura, David J","The number of adult words children hear and conversational turns they experience are key aspects of their language environments. The current study examined variability in language environments throughout 2 prekindergarten days and variability within and between classrooms for 44 children (Mage = 4.77 years) in 11 classrooms in the United States. In addition, the study examined to what extent prekindergarten language environments are associated with children's vocabulary skills. Language environments varied considerably throughout the prekindergarten day and between classrooms, although children within the same prekindergarten classrooms had generally similar experiences. Conversational turns were more robustly associated with children's vocabulary skills than were adult words heard even when only examining within-classroom variability. Implications for understanding prekindergarten classroom language experiences and their associations with vocabulary skills are discussed. Copyright © 2020 Elsevier Inc. All rights reserved.",2020,/,Journal of experimental child psychology,194,"2985128r, i2n",104829,,https://dx.doi.org/10.1016/j.jecp.2020.104829,32172943,#886,Duncan 2020,,
Female caregivers talk more to 18-56-months-old children with and without hearing impairment than male caregivers measured with LENA TM - A cross-sectional pilot study.,"Kristensen, Nina Melsom; Sundby, Catharina Fallet; Hauge, Mai Nayeli; Lofkvist, Ulrika","The objective of the current study was to investigate possible differences in word count use per day (number of adult words) by caregivers of different gender, in a sample of Norwegian children (N = 17) with hearing impairment (HI) (n = 8) and normal hearing (NH) (n = 9), aged 18-56 months. The current study had a cross-sectional, descriptive study design. One all-day recording with the LENA technology was conducted to measure adult word use in the home environment (Md length: 12.46 h, 9.13-16 h). Female caregivers used a significantly higher amount of words than male caregivers close to the children, regardless of their hearing status, HI: p = .01, NH: p = .01. All children were exposed to a higher number of adult words from female caregivers. There is a need to conduct more and further research about possible caregiver differences, and investigate not only the quantity of word use, but also the qualitative interaction patterns between caregivers of different gender and young children with HI, and in relation to early intervention actions. Copyright © 2019 The Author(s). Published by Elsevier B.V. All rights reserved.",2020,/,International journal of pediatric otorhinolaryngology,130,"gs2, 8003603",109809,,https://dx.doi.org/10.1016/j.ijporl.2019.109809,31954370,#891,Kristensen 2020,,
What do bilingual infants actually hear? Evaluating measures of language input to bilingual-learning 10-month-olds.,"Orena, Adriel John; Byers-Heinlein, Krista; Polka, Linda","Examining how bilingual infants experience their dual language input is important for understanding bilingual language acquisition. To assess these language experiences, researchers typically conduct language interviews with caregivers. However, little is known about the reliability of these parent reports in describing how bilingual children actually experience dual language input. Here, we explored the quantitative nature of dual language input to bilingual infants. Furthermore, we described some of the heterogeneity of bilingual exposure in a sample of French-English bilingual families. Participants were 21 families with a 10-month-old infant residing in Montreal, Canada. First, we conducted language interviews with the caregivers. Then, each family completed three full-day recordings at home using the Language Environment Analysis recording system. Results showed that children's proportion exposure to each language was consistent across the two measurement approaches, indicating that parent reports are reliable for assessing a bilingual child's language experiences. Further exploratory analyses revealed three unique findings: (a) there can be considerable variability in the absolute amount of input among infants hearing the same proportion of input, (b) infants can hear different proportions of language input when considering infant-directed versus overheard speech, (c) proportion of language input can vary by day, depending on who is caring for the infant. We conclude that collecting naturalistic recordings is complementary to parent-report measures for assessing infant's language experiences and for establishing bilingual profiles. Copyright © 2019 John Wiley & Sons Ltd.",2020,/,Developmental science,23,2,e12901,,https://dx.doi.org/10.1111/desc.12901,31505096,#892,Orena 2020,,
Couple relationship quality and the infant home language environment: Gender-specific findings.,"Fink, Elian; Browne, Wendy V; Kirk, Isla; Hughes, Claire","Couple relationship quality is known to drop significantly across the transition to parenthood (Ahlborg & Strandmark, 2001; Doss, Rhoades, Stanley, & Markman, 2009), yet individual differences in the amount of parent-to-infant talk have rarely been studied in relation to variation in couple relationship quality. Addressing this gap, the current study of 93 first-time parents with 4-month-old infants included multimeasure reports of couple relationship quality from both mothers and fathers and examined associations between couple relationship quality and the home language environment, assessed via the Language Environment Analysis (LENA), when infants were approximately 7 months old. LENA consists of a wearable talk pedometer that records a full day of naturalistic parent-infant talk and is coupled to software that provides automated analysis. Given the covariation between depression and both couple relationship quality and parental infant-directed talk, both maternal and paternal depression were controlled for in all analyses. Results showed that, for mothers of sons, frequency of infant-directed talk was inversely related to couple relationship quality. Consistent with family systems theory, this finding provides partial support for the compensation hypothesis. However, variation in couple relationship quality was unrelated to infant-directed speech in fathers or in mothers of daughters. Together, these findings demonstrate that the gender composition of the parent-infant dyads plays a moderating role on the association between couple relationship quality and parent-infant talk. (PsycINFO Database Record (c) 2020 APA, all rights reserved).",2020,/,Journal of family psychology : JFP : journal of the Division of Family Psychology of the American Psychological Association (Division 43),34,2,155-164,,https://dx.doi.org/10.1037/fam0000590,31436443,#893,Fink 2020,,
Differences in early auditory exposure across neonatal environments.,"Liszka, Lara; Smith, Joan; Mathur, Amit; Schlaggar, Bradley L; Colditz, Graham; Pineda, Roberta","BACKGROUND: To date, no study has compared preterm and full term auditory environments., AIM: To define differences in auditory exposure for preterm infants at term equivalent age in the neonatal intensive care unit (NICU) compared to auditory exposure in hospital rooms on a labor and delivery ward after full term birth., STUDY DESIGN: Ninety-eight infants (48 preterm infants born 28 weeks gestation in the NICU at term equivalent age and 50 full term infants in a hospital room on the labor and delivery ward within 4 days of birth) had auditory exposure measured over a single 16-hour period using the Language Environment Acquisition (LENA) device., RESULTS: More language (p<0.001) was observed on the labor and delivery ward than in the NICU, with an average of 3.3h more language in a 16-hour period and an average of 14,110 more words spoken around infants in a 16-hour period on the labor and delivery ward (p<0.001). More electronic sounds were observed in the NICU, with an average of 2.3h more in the 16-hour period (p<0.001). The average decibel level in the NICU was lower than in the hospital rooms on the labor and delivery ward (57.16+/-2.30dB, compared to 63.31+/-2.22dB; p<0.001)., CONCLUSION: The NICU auditory environment for preterm infants is different than the auditory environment for full term infants, with less language, more electronic sounds, and quieter stimuli. This understanding can aid in developing appropriate interventions that enhance positive forms of auditory exposures. Copyright © 2019 Elsevier B.V. All rights reserved.",2019,/,Early human development,136,"edh, 7708381",27-32,,https://dx.doi.org/10.1016/j.earlhumdev.2019.07.001,31299550,#913,Liszka 2019,,
Language Exposure Relates to Structural Neural Connectivity in Childhood.,"Romeo, Rachel R; Segaran, Joshua; Leonard, Julia A; Robinson, Sydney T; West, Martin R; Mackey, Allyson P; Yendiki, Anastasia; Rowe, Meredith L; Gabrieli, John D E","Neuroscience research has elucidated broad relationships between socioeconomic status (SES) and young children's brain structure, but there is little mechanistic knowledge about specific environmental factors that are associated with specific variation in brain structure. One environmental factor, early language exposure, predicts children's linguistic and cognitive skills and later academic achievement, but how language exposure relates to neuroanatomy is unknown. By measuring the real-world language exposure of young children (ages 4-6 years, 27 male/13 female), we confirmed the preregistered hypothesis that greater adult-child conversational experience, independent of SES and the sheer amount of adult speech, is related to stronger, more coherent white matter connectivity in the left arcuate and superior longitudinal fasciculi on average, and specifically near their anterior termination at Broca's area in left inferior frontal cortex. Fractional anisotropy of significant tract subregions mediated the relationship between conversational turns and children's language skills and indicated a neuroanatomical mechanism underlying the SES ""language gap."" Post hoc whole-brain analyses revealed that language exposure was not related to any other white matter tracts, indicating the specificity of this relationship. Results suggest that the development of dorsal language tracts is environmentally influenced, specifically by early, dialogic interaction. Furthermore, these findings raise the possibility that early intervention programs aiming to ameliorate disadvantages in development due to family SES may focus on increasing children's conversational exposure to capitalize on the early neural plasticity underlying cognitive development. SIGNIFICANCE STATEMENT Over the last decade, cognitive neuroscience has highlighted the detrimental impact of disadvantaged backgrounds on young children's brain structure. However, to intervene effectively, we must know which proximal aspects of the environmental aspects are most strongly related to neural development. The present study finds that young children's real-world language exposure, and specifically the amount of adult-child conversation, correlates with the strength of connectivity in the left hemisphere white matter pathway connecting two canonical language regions, independent of socioeconomic status and the sheer volume of adult speech. These findings suggest that early intervention programs aiming to close the achievement gap may focus on increasing children's conversational exposure to capitalize on the early neural plasticity underlying cognitive development. Copyright © 2018 the authors 0270-6474/18/387870-08$15.00/0.",2018,/,The Journal of neuroscience : the official journal of the Society for Neuroscience,38,36,7870-7877,,https://dx.doi.org/10.1523/JNEUROSCI.0484-18.2018,30104336,#936,Romeo 2018,,
Beyond the 30-Million-Word Gap: Children's Conversational Exposure Is Associated With Language-Related Brain Function.,"Romeo, Rachel R; Leonard, Julia A; Robinson, Sydney T; West, Martin R; Mackey, Allyson P; Rowe, Meredith L; Gabrieli, John D E","Children's early language exposure impacts their later linguistic skills, cognitive abilities, and academic achievement, and large disparities in language exposure are associated with family socioeconomic status (SES). However, there is little evidence about the neural mechanisms underlying the relation between language experience and linguistic and cognitive development. Here, language experience was measured from home audio recordings of 36 SES-diverse 4- to 6-year-old children. During a story-listening functional MRI task, children who had experienced more conversational turns with adults-independently of SES, IQ, and adult-child utterances alone-exhibited greater left inferior frontal (Broca's area) activation, which significantly explained the relation between children's language exposure and verbal skill. This is the first evidence directly relating children's language environments with neural language processing, specifying both an environmental and a neural mechanism underlying SES disparities in children's language skills. Furthermore, results suggest that conversational experience impacts neural language processing over and above SES or the sheer quantity of words heard.",2018,/,Psychological science,29,5,700-710,,https://dx.doi.org/10.1177/0956797617742725,29442613,#948,Romeo 2018,,
Vocalization patterns in young children with Down syndrome: Utilizing the language environment analysis (LENA) to inform behavioral phenotypes.,"Parikh, Chandni; Mastergeorge, Ann M","Children with Down syndrome (DS) are at higher risk for both delayed expressive language and poor speech intelligibility. The current study utilized the quantitative automated language environment analysis (LENA) to depict mother and child vocalizations and conversational patterns in the home of 43 children with DS, chronologically aged 24-64 months. Children with DS displayed fewer utterances than typically developing children; however, there was wide variability. Furthermore, children with DS did not show increased vocalization counts across their chronological ages. In contrast to previous findings, this study found that the mothers of children with DS had a reduced number of vocalizations. However, the vocalizations increased with age in comparison to mothers of typically developing children. Implications for targeted interventions that facilitate learning opportunities in bidirectional contexts for children with DS and their parents are discussed, with particular attention to quantify behavioral phenotypes utilizing a novel expressive language assessment tool.",2018,/,Journal of intellectual disabilities : JOID,22,4,328-345,,https://dx.doi.org/10.1177/1744629517708091,28485651,#952,Parikh 2018,,
Talking to Toddlers: Drawing on Mothers' Perceptions of Using Wearable and Mobile Technology in the Home.,"Choo, Dawn; Dettman, Shani; Dowell, Richard; Cowan, Robert","BACKGROUND: Mother-child interactions often give rise to opportunities for early language learning in the context of everyday life. Persuasive technology has the potential to influence maternal language behaviours in the home and promote mothers' active engagement in the development of their children's communication skills., AIM: This paper explored maternal perceptions regarding the use of a language tracking wearable (Language Environment Analysis; LENA) device and a parent education smartphone application in an 8-week trial with their young children., METHODS: Mother/child dyads were enrolled in a feasibility trial designed to obtain objective auditory and linguistic data from each child's naturalistic settings (Control Condition), provide feedback to mothers about their child's home language environment (LENA Feedback Condition), and to explore effectiveness of an app designed to promote meaningful parent/child interactions during daily routines (LENA Feedback and App Condition)., RESULTS AND DISCUSSION: The majority of mothers (80%) who participated in the trial reported a preference for using the mobile app and/or LENA technology again. Maternal responses during this pilot informed the design of an ongoing, prospective language intervention study for parents and their young children with significant hearing loss.",2017,/,Studies in health technology and informatics,239,"ck1, 9214582",21-27,,,28756432,#957,Choo 2017,,
"Family food talk, child eating behavior, and maternal feeding practices.","Roach, Elizabeth; Viechnicki, Gail B; Retzloff, Lauren B; Davis-Kean, Pamela; Lumeng, Julie C; Miller, Alison L","Families discuss food and eating in many ways that may shape child eating habits. Researchers studying how families talk about food have examined this process during meals. Little work has examined parent-child food-related interactions outside of mealtime. We assessed family food talk at home outside of mealtime and tested whether food talk was associated with obesogenic child eating behaviors, maternal feeding practices, or child weight. Preschool and school-aged mother-child dyads (n = 61) participated in naturalistic voice recording using a LENA (Language ENvironment Analysis) recorder. A coding scheme was developed to reliably characterize different types of food talk from LENA transcripts. Mothers completed the Children's Eating Behavior Questionnaire (CEBQ) and Child Feeding Questionnaire (CFQ) to assess child eating behaviors and maternal feeding practices. Child weight and height were measured and body mass index z-score (BMIz) calculated. Bivariate associations among food talk types, as a proportion of total speech, were examined and multivariate regression models used to test associations between food talk and child eating behaviors, maternal feeding practices, and child BMIz. Proportion of child Overall Food Talk and Food Explanations were positively associated with CEBQ Food Responsiveness and Enjoyment of Food (p's < 0.05). Child food Desire/Need and child Prep/Planning talk were positively associated with CEBQ Enjoyment of Food (p < 0.05). Child Food Enjoyment talk and mother Overt Restriction talk were positively associated with CEBQ Emotional Over-Eating (p < 0.05). Mother Monitoring talk was positively associated with CFQ Restriction (p < 0.05). Mother Prep/Planning talk was negatively associated with child BMIz. Food talk outside of mealtimes related to child obesogenic eating behaviors and feeding practices in expected ways; examining food talk outside of meals is a novel way to consider feeding practices and child eating behavior. Copyright © 2017 Elsevier Ltd. All rights reserved.",2017,/,Appetite,117,"6jw, 8006808",40-50,,https://dx.doi.org/10.1016/j.appet.2017.06.001,28587941,#959,Roach 2017,,
Sequences of toddler negative emotion and parent-toddler verbal communication during a waking day.,"Fields-Olivieri, Margaret A; Cole, Pamela M","Although the second year of life is characterized by dramatic changes in expressive language and by increases in negative emotion expression, verbal communication and emotional communication are often studied separately. With a sample of twenty-five one-year-olds (12-23 months), we used Language Environment Analysis (LENA; Xu, Yapanel, & Gray, 2009, Reliability of the LENA TM language environment analysis system in young children's natural home environment. LENA Foundation) to audio-record and quantify parent-toddler communication, including toddlers' vocal negative emotion expressions, across a full waking day. Using a multilevel extension of lag-sequential analysis, we investigated whether parents are differentially responsive to toddlers' negative emotion expressions compared to their verbal or preverbal vocalizations, and we examined the effects of parents' verbal responses on toddlers' subsequent communicative behavior. Toddlers' negative emotions were less likely than their vocalizations to be followed by parent speech. However, when negative emotions were followed by parent speech, toddlers were most likely to vocalize next. Post hoc analyses suggest that older toddlers and toddlers with higher language abilities were more likely to shift from negative emotion to verbal or preverbal vocalization following parent response. Implications of the results for understanding the parent-toddler communication processes that support both emotional development and verbal development are discussed. Copyright © International Congress of Infant Studies (ICIS).",2019,/,Infancy : the official journal of the International Society on Infant Studies,24,6,857-880,,https://dx.doi.org/10.1111/infa.12310,32677358,#970,Fields-Olivieri 2019,,
A Naturalistic Study of Child and Family Screen Media and Mobile Device Use.,"Domoff, Sarah E; Radesky, Jenny S; Harrison, Kristen; Riley, Hurley; Lumeng, Julie C; Miller, Alison L","Parental mediation of screen media (e.g., television, video games) is associated with better outcomes for children. Although much research has examined parental mediation of television (TV), there is a dearth of research examining communication about mobile media (e.g., Smartphones, tablets) in the digital age. This study seeks to identify themes of family communication around media and mobile devices using naturalistic observational methodology. The sample consisted of 21 toddlers (ages 12-24-months old), 31 preschool-age children (3-5 years old), and 23 school-age (10-13 years old) children and their families. Children wore Language ENvironment Analysis (LENA) audio recording devices, which recorded vocalizations and other sounds proximal to the child wearing the device in the home environment, as well as audible screen media use. ATLAS.ti was used to transcribe dialogue from the audio recordings that pertained to screen media. Experts from the fields of communication, clinical child psychology, and developmental-behavioral pediatrics independently analyzed the transcripts to identify common themes. Five main themes emerged. First, parental mediation of screen media was primarily restrictive, reactive, and focused on technology functionality. Second, active mediation was child-driven. Third, siblings played a more dominant role in mediation than parents. Fourth, parents and children negotiated screen time limits. Finally, parallel family media use was common. Multiple family members engaged with their own mobile devices while simultaneously being exposed to background screen media (i.e., media multitasking). Assessing media use in the naturalistic home environment elucidated current patterns of family media use and communication about media in the digital age.",2019,/,Journal of child and family studies,28,2,401-410,,https://dx.doi.org/10.1007/s10826-018-1275-1,31105418,#980,Domoff 2019,,
The Origin of Protoconversation: An Examination of Caregiver Responses to Cry and Speech-Like Vocalizations.,"Yoo, Hyunjoo; Bowman, Dale A; Oller, D Kimbrough","Turn-taking is a universal and fundamental feature of human vocal communication. Through protoconversation, caregivers play a key role for infants in helping them learn the turn-taking system. Infants produce both speech-like vocalizations (i.e., protophones) and cries from birth. Prior research has shown that caregivers take turns with infant protophones. However, no prior research has investigated the timing of caregiver responses to cries. The present work is the first to systematically investigate different temporal patterns of caregiver responses to protophones and to cries. Results showed that, even in infants' first 3 months of life, caregivers were more likely to take turns with protophones and to overlap with cries. The study provides evidence that caregivers are intuitively aware that protophones and cries are functionally different: protophones are treated as precursors to speech, whereas cries are treated as expressions of distress.",2018,/,Frontiers in psychology,9,101550902,1510,,https://dx.doi.org/10.3389/fpsyg.2018.01510,30197615,#989,Yoo 2018,,
"Look Who's Talking NOW! Parentese Speech, Social Context, and Language Development Across Time.","Ramirez-Esparza, Nairan; Garcia-Sierra, Adrian; Kuhl, Patricia K","In previous studies, we found that the social interactions infants experience in their everyday lives at 11- and 14-months of age affect language ability at 24 months of age. These studies investigated relationships between the speech style (i.e., parentese speech vs. standard speech) and social context [i.e., one-on-one (1:1) vs. group] of language input in infancy and later speech development (i.e., at 24 months of age), controlling for socioeconomic status (SES). Results showed that the amount of exposure to parentese speech-1:1 in infancy was related to productive vocabulary at 24 months. The general goal of the present study was to investigate changes in (1) the pattern of social interactions between caregivers and their children from infancy to childhood and (2) relationships among speech style, social context, and language learning across time. Our study sample consisted of 30 participants from the previously published infant studies, evaluated at 33 months of age. Social interactions were assessed at home using digital first-person perspective recordings of the auditory environment. We found that caregivers use less parentese speech-1:1, and more standard speech-1:1, as their children get older. Furthermore, we found that the effects of parentese speech-1:1 in infancy on later language development at 24 months persist at 33 months of age. Finally, we found that exposure to standard speech-1:1 in childhood was the only social interaction that related to concurrent word production/use. Mediation analyses showed that standard speech-1:1 in childhood fully mediated the effects of parentese speech-1:1 in infancy on language development in childhood, controlling for SES. This study demonstrates that engaging in one-on-one interactions in infancy and later in life has important implications for language development.",2017,/,Frontiers in psychology,8,101550902,1008,,https://dx.doi.org/10.3389/fpsyg.2017.01008,28676774,#997,Ramirez-Esparza 2017,,
An Investigation of Language Environment Analysis Measures for Spanish-English Bilingual Preschoolers From Migrant Low-Socioeconomic-Status Backgrounds.,"Wood, Carla; Diehm, Emily A; Callender, Maya F","PURPOSE: The current study was designed to (a) describe average hourly Language Environment Analysis (LENA) data for preschool-age Spanish-English bilinguals (SEBs) and typically developing monolingual peers and (b) compare LENA data with mean length of utterance in words (MLUw) and total number of words (TNW) calculated on a selected sample of consecutive excerpts of audio files (CEAFs)., METHOD: Investigators examined average hourly child vocalizations from daylong LENA samples for 42 SEBs and 39 monolingual English-speaking preschoolers. The relationship between average hourly child vocalizations, conversational turns, and adult words from the daylong samples and MLUw from a 50-utterance CEAF was examined and compared between groups., RESULTS: MLUw, TNW, average hourly child vocalizations, and conversational turns were lower for young SEBs than monolingual English-speaking peers. Average hourly child vocalizations were not strongly related to MLUw performance for monolingual or SEB participants (r = .29, r = .25, respectively). In a similar manner, average hourly conversational turns were not strongly related to MLUw for either group (r = .22, r = .21, respectively)., CONCLUSIONS: Young SEBs from socioeconomically disadvantaged backgrounds showed lower average performance on LENA measures, MLUw, and TNW than monolingual English-speaking peers. MLUw from monolinguals were also lower than typical expectations when derived from CEAFs. LENA technology may be a promising tool for communication sampling with SEBs; however, more research is needed to establish norms for interpreting MLUw and TNW from selected CEAF samples.",2016,/,"Language, speech, and hearing services in schools",47,2,123-34,,https://dx.doi.org/10.1044/2015_LSHSS-14-0115,27019230,#1010,Wood 2016,,
Project ASPIRE: Spoken Language Intervention Curriculum for Parents of Low-socioeconomic Status and Their Deaf and Hard-of-Hearing Children.,"Suskind, Dana L; Graf, Eileen; Leffel, Kristin R; Hernandez, Marc W; Suskind, Elizabeth; Webber, Robert; Tannenbaum, Sally; Nevins, Mary Ellen","OBJECTIVE: To investigate the impact of a spoken language intervention curriculum aiming to improve the language environments caregivers of low socioeconomic status (SES) provide for their D/HH children with CI & HA to support children's spoken language development., STUDY DESIGN: Quasiexperimental., SETTING: Tertiary., PATIENTS: Thirty-two caregiver-child dyads of low-SES (as defined by caregiver education <= MA/MS and the income proxies = Medicaid or WIC/LINK) and children aged < 4.5 years, hearing loss of >= 30 dB, between 500 and 4000 Hz, using at least one amplification device with adequate amplification (hearing aid, cochlear implant, osseo-integrated device)., INTERVENTION: Behavioral. Caregiver-directed educational intervention curriculum designed to improve D/HH children's early language environments., MAIN OUTCOME MEASURES: Changes in caregiver knowledge of child language development (questionnaire scores) and language behavior (word types, word tokens, utterances, mean length of utterance [MLU], LENA Adult Word Count (AWC), Conversational Turn Count (CTC))., RESULTS: Significant increases in caregiver questionnaire scores as well as utterances, word types, word tokens, and MLU in the treatment but not the control group. No significant changes in LENA outcomes., CONCLUSION: Results partially support the notion that caregiver-directed language enrichment interventions can change home language environments of D/HH children from low-SES backgrounds. Further longitudinal studies are necessary.",2016,/,"Otology & neurotology : official publication of the American Otological Society, American Neurotology Society [and] European Academy of Otology and Neurotology",37,2,e110-7,,https://dx.doi.org/10.1097/MAO.0000000000000931,26756142,#1012,Suskind 2016,,
Gender differences in adult-infant communication in the first months of life.,"Johnson, Katharine; Caskey, Melinda; Rand, Katherine; Tucker, Richard; Vohr, Betty","OBJECTIVES: To evaluate the verbal interactions of parents with their infants in the first months of life and to test the hypothesis that reciprocal vocalizations of mother-infant dyads would be more frequent than those of father-infant dyads., METHODS: This prospective cohort study included 33 late preterm and term infants. Sixteen-hour language recordings during the birth hospitalization and in the home at 44 weeks' postmenstrual age (PMA) and 7 months were analyzed for adult word count, infant vocalizations, and conversational exchanges., RESULTS: Infants were exposed to more female adult speech than male adult speech from birth through 7 months (P < .0001). Compared with male adults, female adults responded more frequently to their infant's vocalizations from birth through 7 months (P < .0001). Infants preferentially responded to female adult speech compared with male adult speech (P = .01 at birth, P < .0001 at 44 weeks PMA and 7 months). Mothers responded preferentially to girls versus boys at birth (P = .04) and 44 weeks PMA (P = .0003) with a trend at 7 months (P = .15), and there were trends for fathers to respond preferentially to boys at 44 weeks PMA (P = .10) and 7 months (P = .15)., CONCLUSIONS: Mothers provide the majority of language input and respond more readily to their infant's vocal cues than fathers; infants show a preferential vocal response to their mothers in the first months. Findings also suggest that parents may also respond preferentially to infants based on gender. Informing parents of the power of early talking with their young infants is recommended. Copyright © 2014 by the American Academy of Pediatrics.",2014,/,Pediatrics,134,6,e1603-10,,https://dx.doi.org/10.1542/peds.2013-4289,25367542,#1025,Johnson 2014,,
Quantitative and qualitative characteristics of the school and home language environments of preschool-aged children with ASD.,"Burgess, Sloane; Audet, Lisa; Harjusola-Webb, Sanna","UNLABELLED: The purpose of this research was to begin to characterize and compare the school and home language environments of 10 preschool-aged children with Autism Spectrum Disorders (ASD). Naturalistic language samples were collected from each child, utilizing Language ENvironment Analysis (LENA) digital voice recorder technology, at 3-month intervals over the course of one year. LENA software was used to identify 15-min segments of each sample that represented the highest number of adult words used during interactions with each child for all school and home language samples. Selected segments were transcribed and analyzed using Systematic Analysis of Language Transcripts (SALT). LENA data was utilized to evaluate quantitative characteristics of the school and home language environments and SALT data was utilized to evaluate quantitative and qualitative characteristics of language environment. Results revealed many similarities in home and school language environments including the degree of semantic richness, and complexity of adult language, types of utterances, and pragmatic functions of utterances used by adults during interactions with child participants. Study implications and recommendations for future research are discussed., LEARNING OUTCOMES: The reader will be able to, (1) describe how two language sampling technologies can be utilized together to collect and analyze language samples, (2) describe characteristics of the school and home language environments of young children with ASD, and (3) identify environmental factors that may lead to more positive expressive language outcomes of young children with ASD. Copyright © 2013 Elsevier Inc. All rights reserved.",2013,/,Journal of communication disorders,46,6-May,428-39,,https://dx.doi.org/10.1016/j.jcomdis.2013.09.003,24209428,#1036,Burgess 2013,,
Entrainment of prosody in the interaction of mothers with their young children.,"Ko, Eon-Suk; Seidl, Amanda; Cristia, Alejandrina; Reimchen, Melissa; Soderstrom, Melanie","Caregiver speech is not a static collection of utterances, but occurs in conversational exchanges, in which caregiver and child dynamically influence each other's speech. We investigate (a) whether children and caregivers modulate the prosody of their speech as a function of their interlocutor's speech, and (b) the influence of the initiator of the conversation on durational characteristics of the exchange. We analyzed naturalistic conversations from 13 mother-infant/toddler dyads aged 12-30 months across full-day recordings of 3-5 days per dyad using LENA and automated analytic tools. We found small, but significant, effects of mothers and their children influencing each other's speech, particularly in pitch measures. We also found longer utterances and shorter response latencies for the initiator of a conversation. While mothers show more mature conversational capabilities (more entrainment, shorter response latencies), our findings converge with prior research to highlight the active role of young children in the conversational exchange.",2016,/,Journal of child language,43,2,284-309,,https://dx.doi.org/10.1017/S0305000915000203,26036694,#1049,Ko 2016,,
The school to home link: summer preschool and parents.,"Wiggin, Mallene; Gabbard, Sandra; Thompson, Nanette; Goberis, Dianne; Yoshinaga-Itano, Christine","This study investigates the amount of language available to children in the home environment and a summer preschool program. The purpose of this study was twofold. First, the study sought to gain information about patterns of language use among families of preschoolers with hearing loss. Additionally, the project was designed to provide an initial investigation into the impact of reduced educational programming over summer months for children with hearing loss. Children with varying degrees of hearing loss were enrolled in an auditory-oral 6-week part-time program. The language environment during preschool and at home was analyzed through use of Language ENvironment Analysis (LENA). LENA is a digital language processor that can record and analyze through specific measurements the natural language environment of a child. Overall, the children studied received significantly more complex language in preschool than in the home environment. The data suggest that children with hearing loss benefit from the opportunity to attend summer preschool programming. Additionally, it is critical that parents of preschoolers continue to receive parental education surrounding use of language strategies in the home environment. Implications for practice are discussed. Copyright Thieme Medical Publishers 333 Seventh Avenue, New York, NY 10001, USA.",2012,/,Seminars in speech and language,33,4,290-6,,https://dx.doi.org/10.1055/s-0032-1326919,23081789,#1058,Wiggin 2012,,
Vocal communication is tied to interpersonal arousal coupling in caregiver-infant dyads,"Wass, S; Phillips, E; Smith, C; Fatimehin, EO; Goupil, L","It has been argued that a necessary condition for the emergence of speech in humans is the ability to vocalise irrespective of underlying affective states, but when and how this happens during development remains unclear. To examine this, we used wearable microphones and autonomic sensors to collect multimodal naturalistic datasets from 12-month-olds and their caregivers. We observed that, across the day, clusters of vocalisations occur during elevated infant and caregiver arousal. This relationship is stronger in infants than caregivers: caregivers vocalisations show greater decoupling with their own states of arousal, and their vocal production is more influenced by the infant's arousal than their own. Different types of vocalisation elicit different patterns of change across the dyad. Cries occur following reduced infant arousal stability and lead to increased child-caregiver arousal coupling, and decreased infant arousal. Speech-like vocalisations also occur at elevated arousal, but lead to longer-lasting increases in arousal, and elicit more parental verbal responses. Our results suggest that: 12-month-old infants' vocalisations are strongly contingent on their arousal state (for both cries and speech-like vocalisations), whereas adults' vocalisations are more flexibly tied to their own arousal; that cries and speech-like vocalisations alter the intra-dyadic dynamics of arousal in different ways, which may be an important factor driving speech development; and that this selection mechanism which drives vocal development is anchored in our stress physiology.",2022,,ELIFE,11,,,WOS:000912678700001,10.7554/eLife.77399,,#1188,Wass 2022,,
Needing to shout to be heard? Caregiver under-responsivity and disconnection between vocal signaling and autonomic arousal in infants from chaotic households.,"Wass, S V; Smith, C S; Mirza, F U; Greenwood, E M G; Goupil, L","Children raised in chaotic households show affect dysregulation during later childhood. To understand why, we took day-long home recordings using microphones and autonomic monitors from 74 12-month-old infant-caregiver dyads (40% male, 60% white, data collected between 2018 and 2021). Caregivers in low-Confusion Hubbub And Order Scale (chaos) households responded to negative affect infant vocalizations by changing their own arousal and vocalizing in response; but high-chaos caregivers did not, whereas infants in low-chaos households consistently produced clusters of negative vocalizations around peaks in their own arousal, high-chaos infants did not. Their negative vocalizations were less tied to their own underlying arousal. Our data indicate that, in chaotic households, both communicating and responding are atypical: infants are not expressing their levels of arousal, and caregivers are under-responsive to their infants' behavioral signals. Copyright © 2024 The Author(s). Child Development published by Wiley Periodicals LLC on behalf of Society for Research in Child Development.",2025,/,Child development,96,2,527-545,,https://dx.doi.org/10.1111/cdev.14183,39513489,#1197,Wass 2025,,
Parental sensitivity and family conversation: A naturalistic longitudinal study with both mothers and fathers across three time-points in early infancy.,"Fink, Elian; Foley, Sarah; Browne, Wendy; Hughes, Claire","Parental verbal sensitivity is known to promote child language skills, but few studies have considered: (a) links between global (i.e., verbal, behavioral, and affective) measures of parental sensitivity and infant-initiated conversations, an important precursor to language development; (b) whether maternal and paternal sensitivity show similar links with infant-initiated conversation; or (c) the transactional role of infant conversation for later parental sensitivity. Addressing these gaps, this study of 186 British first-time parents (93 families) examines the developmental dynamics between parental sensitivity and infant communication across the first year of life. We explore; (i) the role of maternal and paternal sensitivity (assessed during structured home observations at 4 months post-partum) for parent-infant conversational interactions at 7 months (indexed by day-long naturalistic recordings), and (ii) whether these mother-infant and father-infant conversations at 7 months shape maternal and paternal sensitivity at 14 months (also assessed via structured home observations). For both male and female infants, maternal (but not paternal) sensitivity at 4 months predicted infant vocalisations and conversational initiation at 7-months. By contrast, neither index of infant talk predicted maternal or paternal sensitivity at 14 months. Together these findings refine understanding of theoretical models of social development and suggest new possibilities for future research. Copyright © 2024 The Authors. Infant Mental Health Journal published by Wiley Periodicals LLC on behalf of Michigan Association for Infant Mental Health.",2024,/,Infant mental health journal,45,4,357-368,,https://dx.doi.org/10.1002/imhj.22117,38776187,#1199,Fink 2024,,
Caregiver encouragement to act on objects is related with crawling infants' receptive language.,"Lopez, Lukas D; Walle, Eric A","The progression from crawling to walking in infancy is associated with changes in infant language development. One possible explanation for such change is the infant's language environment. Prior research indicates that caregivers use more action directives with walking infants compared to crawling infants, but the relations of such parental speech with infant vocabulary is unknown. Here, we present findings from day-long home audio recordings (Study 1) and laboratory observations (Study 2) of same-aged crawling and walking infants to explore how caregiver language, specifically action directives, were associated with parent reported infant vocabulary size. Findings in both studies indicated that caregiver action directives were associated with crawling, but not walking infants' receptive vocabulary sizes. Specifically, action directives about objects occurring when the infant and caregiver were not jointly engaged were associated with higher receptive vocabulary scores for crawling infants, but no such pattern was found for walking infants. The replication of results in distinct samples with different research methodologies strengthens the findings. Taken together, these studies demonstrate that caregiver social engagement specific to infant motoric development is related with infant language learning. Copyright © 2024 The Authors. Infancy published by Wiley Periodicals LLC on behalf of International Congress of Infant Studies.",2024,/,Infancy : the official journal of the International Society on Infant Studies,29,4,550-570,,https://dx.doi.org/10.1111/infa.12592,38529523,#1201,Lopez 2024,,
Vocalization and physiological hyperarousal in infant-caregiver dyads where the caregiver has elevated anxiety.,"Smith, Celia G; Jones, Emily J H; Charman, Tony; Clackson, Kaili; Mirza, Farhan U; Wass, Sam V","Co-regulation of physiological arousal within the caregiver-child dyad precedes later self-regulation within the individual. Despite the importance of unimpaired self-regulatory development for later adjustment outcomes, little is understood about how early co-regulatory processes can become dysregulated during early life. Aspects of caregiver behavior, such as patterns of anxious speech, may be one factor influencing infant arousal dysregulation. To address this, we made day-long, naturalistic biobehavioral recordings in home settings in caregiver-infant dyads using wearable autonomic devices and miniature microphones. We examined the association between arousal, vocalization intensity, and caregiver anxiety. We found that moments of high physiological arousal in infants were more likely to be accompanied by high caregiver arousal when caregivers had high self-reported trait anxiety. Anxious caregivers were also more likely to vocalize intensely at states of high arousal and produce intense vocalizations that occurred in clusters. High-intensity vocalizations were associated with more sustained increases in autonomic arousal for both anxious caregivers and their infants. Findings indicate that caregiver vocal behavior differs in anxious parents, cooccurs with dyadic arousal dysregulation, and could contribute to physiological arousal transmission. Implications for caregiver vocalization as an intervention target are discussed.",2023,/,Development and psychopathology,35,2,459-470,,https://dx.doi.org/10.1017/S095457942100153X,35105411,#1210,Smith 2023,,
"Physiological stress, sustained attention, emotion regulation, and cognitive engagement in 12-month-old infants from urban environments.","Wass, Samuel V; Smith, Celia G; Stubbs, Louise; Clackson, Kaili; Mirza, Farhan U","Over the last 2 centuries there has been a rapid increase in the proportion of children who grow up in cities. However, relatively little work has explored in detail the physiological and cognitive pathways through which city life may affect early development. To assess this, we observed a cohort of infants growing up in diverse settings across South East England across a 2-day assessment battery. On Visit 1, day-long home recordings were made to monitor infants' physiological stress in real-world settings. On Visit 2, lab batteries were administered to measure infants' cognitive, emotional, and neural reactivity. Infants from more high-density urban environments showed increased physiological stress (decreased parasympathetic nervous system activity) at home. This relationship was independent of socioeconomic status and lifelong stressors. Behaviorally, infants raised in high-density settings showed lower sustained attention in the lab, along with increased behavioral and physiological reactivity during an emotion elicitation task. However, they also showed increased recognition memory for briefly presented stimuli and increased neural engagement with novel stimuli. This pattern is consistent with other research into how elevated physiological stress influences cognition, and with theoretical approaches from adult research that predict that city life is associated with a profile of cognitive strengths as well as weaknesses. Implications for education and developmental psychopathology are discussed. (PsycInfo Database Record (c) 2021 APA, all rights reserved).",2021,/,Developmental psychology,57,8,1179-1194,,https://dx.doi.org/10.1037/dev0001200,34591564,#1214,Wass 2021,,
"Depression and Anxiety in the Postnatal Period: An Examination of Infants' Home Language Environment, Vocalizations, and Expressive Language Abilities.","Brookman, Ruth; Kalashnikova, Marina; Conti, Janet; Xu Rattanasone, Nan; Grant, Kerry-Ann; Demuth, Katherine; Burnham, Denis","This longitudinal study investigated the effects of maternal emotional health concerns, on infants' home language environment, vocalization quantity, and expressive language skills. Mothers and their infants (at 6 and 12 months; 21 mothers with depression and or anxiety and 21 controls) provided day-long home-language recordings. Compared with controls, risk group recordings contained fewer mother-infant conversational turns and infant vocalizations, but daily number of adult word counts showed no group difference. Furthermore, conversational turns and infant vocalizations were stronger predictors of infants' 18-month vocabulary size than depression and anxiety measures. However, anxiety levels moderated the effect of conversational turns on vocabulary size. These results suggest that variability in mothers' emotional health influences infants' language environment and later language ability. Copyright © 2020 Society for Research in Child Development.",2020,/,Child development,91,6,e1211-e1230,,https://dx.doi.org/10.1111/cdev.13421,32745250,#1224,Brookman 2020,,
Preschool Language Environments and Children's School Readiness Skills.,"Anderson, Kirsten L.; Duncan, Robert J.; King, Yemimah A.; Finders, Jennifer K.; Purpura, David. J.; Schmitt, Sara A.","Early language environments are considered to support children's language development; however, it is unclear to what extent early language environments relate to skills other than language abilities. We examined (1) whether the preschool language environment (measured as adult words heard and conversational turns) is associated with children's school readiness skills (i.e., emergent literacy, math and executive function [EF]), and (2) whether children's vocabulary skills explain these associations. Using Language Environment Analysis (LENA) devices, we collected student‐level language environment data from 91 preschoolers (56.04% boys; 67.42% non‐Hispanic White) across two school days. We found that there was a significant, positive association between adult words heard and children's math skills (β = 0.18, p = 0.037) and a significant, positive association between conversational turns and children's math (β = 0.22, p = 0.008) and emergent literacy (β = 0.26, p = 0.002) skills. However, these associations were substantially attenuated when accounting for children's vocabulary skills; after including children's scores on a vocabulary task in these models, none of these associations were statistically significant. Neither adult words heard nor conversational turns were associated with children's EF skills in any models run. Implications of these findings for theory and early educational practices are discussed.",2025,07//Jul/Aug2025,Infant & Child Development,34,4,13-Jan,,10.1002/icd.70041,187527047,#1273,Anderson 2025,,
Predictors of preschool language environments and their relations to children's vocabulary.,"Duncan, Robert J.; Anderson, Kirsten L.; King, Yemimah A.; Finders, Jennifer K.; Schmitt, Sara A.; Purpura, David J.","Despite support for the importance of early language environments, little is known about the naturally occurring experiences children have in preschool settings. The current study sample included 91 children (Mage = 4.72 years; 56% male; 67% White) from 23 preschool classrooms and nearly 1500 h of language environment data from three waves throughout the preschool year. Of the sociodemographic characteristics, family income is most closely related to children's preschool language environments. A standard deviation increase in family income was related to children hearing approximately one million more adult words in their preschool classroom. However, conversational turns were the more robust predictor of vocabulary skills with effect sizes around 0.20, depending on model specification. Theoretical and policy implications of these findings are discussed.",2023,01//,Infant & Child Development,32,1,22-Jan,,10.1002/icd.2381,161743626,#1276,Duncan 2023,,
"Bursty, Irregular Speech Input to Children Predicts Vocabulary Size","Cychosz, Margaret; Romeo, Rachel R; Edwards, Jan R; Newman, Rochelle S","Children learn language by listening to speech from caregivers around them. However, the type and quantity of speech input that children are exposed to change throughout early childhood in ways that are poorly understood due to the small samples (few participants, limited hours of observation) typically available in developmental psychology. Here we used child-centered audio recorders to unobtrusively measure speech input in the home to 292 children (aged 2-7 years), acquiring English in the United States, over 555 distinct days (approximately 8600 total hours of observation, or 29.62 h/child). These large timescales allowed us to compare how different dimensions of child-directed speech input (quantity, burstiness) varied throughout early childhood. We then evaluated the relationship between each dimension of input and children's concurrent receptive vocabulary size. We found that the burstiness of speech input (spikes of words) was a stronger correlate with age than the quantity of speech input. Input burstiness was also a stronger predictor than input quantity for children's vocabulary size: children who heard spiky, more intense bouts of input had larger vocabularies. Overall, these results reaffirm the importance of speech input in the home for children's language development and support exposure--consolidation models of early language development.",2025,,Developmental Science,28,1,,3174111538; EJ1454805,https://doi.org/10.1111/desc.13590,,#1280,Cychosz 2025,,
Cognitive Science in the era of Artificial Intelligence: A roadmap for reverse-engineering the infant language-learner,"Dupoux, Emmanuel","During their first years of life, infants learn the language(s) of their environment at an amazing speed despite large cross cultural variations in amount and complexity of the available language input. Understanding this simple fact still escapes current cognitive and linguistic theories. Recently, spectacular progress in the engineering science, notably, machine learning and wearable technology, offer the promise of revolutionizing the study of cognitive development. Machine learning offers powerful learning algorithms that can achieve human-like performance on many linguistic tasks. Wearable sensors can capture vast amounts of data, which enable the reconstruction of the sensory experience of infants in their natural environment. The project of 'reverse engineering' language development, i.e., of building an effective system that mimics infant's achievements appears therefore to be within reach. Here, we analyze the conditions under which such a project can contribute to our scientific understanding of early language development. We argue that instead of defining a sub-problem or simplifying the data, computational models should address the full complexity of the learning situation, and take as input the raw sensory signals available to infants. This implies that (1) accessible but privacy-preserving repositories of home data be setup and widely shared, and (2) models be evaluated at different linguistic levels through a benchmark of psycholinguist tests that can be passed by machines and humans alike, (3) linguistically and psychologically plausible learning architectures be scaled up to real data using probabilistic/optimization principles from machine learning. We discuss the feasibility of this approach and present preliminary results.",2018,,,,,,,10.48550/arXiv.1607.08723,,#1297,Dupoux 2018,,
InfantNet: A Deep Neural Network for Analyzing Infant Vocalizations,"Ebrahimpour, Mohammad K.; Schneider, Sara; Noelle, David C.; Kello, Christopher T.","Acoustic analyses of infant vocalizations are valuable for research on speech development as well as applications in sound classification. Previous studies have focused on measures of acoustic features based on theories of speech processing, such spectral and cepstrum-based analyses. More recently, end-to-end models of deep learning have been developed to take raw speech signals (acoustic waveforms) as inputs and convolutional neural network layers to learn representations of speech sounds based on classification tasks. We applied a recent end-to-end model of sound classification to analyze a large-scale database of labeled infant and adult vocalizations recorded in natural settings outside the lab with no control over recording conditions. The model learned basic classifications like infant versus adult vocalizations, infant speech-related versus non-speech vocalizations, and canonical versus non-canonical babbling. The model was trained on recordings of infants ranging from 3 to 18 months of age, and classification accuracy changed with age as speech became more distinct and babbling became more speech-like. Further work is needed to validate and explore the model and dataset, but our results show how deep learning can be used to measure and investigate speech acquisition and development, with potential applications in speech pathology and infant monitoring.",2020,,,,,,,10.48550/arXiv.2005.12412,,#1299,Ebrahimpour 2020,"Ritwika VPS (2026-02-12 03:52:34)(Select): Comp methods, uses daylong datasets; ",
Automatic Analysis of the Emotional Content of Speech in Daylong Child-Centered Recordings from a Neonatal Intensive Care Unit,"Vaaras, Einari; Ahlqvist-Björkroth, Sari; Drossos, Konstantinos; Räsänen, Okko","Researchers have recently started to study how the emotional speech heard by young infants can affect their developmental outcomes. As a part of this research, hundreds of hours of daylong recordings from preterm infants' audio environments were collected from two hospitals in Finland and Estonia in the context of so-called APPLE study. In order to analyze the emotional content of speech in such a massive dataset, an automatic speech emotion recognition (SER) system is required. However, there are no emotion labels or existing indomain SER systems to be used for this purpose. In this paper, we introduce this initially unannotated large-scale real-world audio dataset and describe the development of a functional SER system for the Finnish subset of the data. We explore the effectiveness of alternative state-of-the-art techniques to deploy a SER system to a new domain, comparing cross-corpus generalization, WGAN-based domain adaptation, and active learning in the task. As a result, we show that the best-performing models are able to achieve a classification performance of 73.4% unweighted average recall (UAR) and 73.2% UAR for a binary classification for valence and arousal, respectively. The results also show that active learning achieves the most consistent performance compared to the two alternatives.",2021,,,,,,,10.48550/arXiv.2106.09539,,#1304,Vaaras 2021,,
Age-Dependent Analysis and Stochastic Generation of Child-Directed Speech,"Räsänen, Okko; Kocharov, Daniil","Child-directed speech (CDS) is a particular type of speech that adults use when addressing young children. Its properties also change as a function of extralinguistic factors, such as age of the child being addressed. Access to large amounts of representative and varied CDS would be useful for child language research, as this would enable controlled computational modeling experiments of infant language acquisition with realistic input in terms of quality and quantity. In this study, we describe an approach to model age-dependent linguistic properties of CDS using a language model (LM) trained on CDS transcripts and ages of the recipient children, as obtained from North American English corpora of the CHILDES database. The created LM can then be used to stochastically generate synthetic CDS transcripts in an age-appropriate manner, thereby scaling beyond the original datasets in size. We compare characteristics of the generated CDS against the real speech addressed at children of different ages, showing that the LM manages to capture age-dependent changes in CDS, except for a slight difference in the effective vocabulary size. As a side product, we also provide a systematic characterization of age-dependent linguistic properties of CDS in CHILDES, illustrating how all measured aspects of the CDS change with children's age.",2024,,,,,,,10.48550/arXiv.2405.07700,,#1307,Räsänen 2024,"Ritwika VPS (2026-02-13 04:23:29)(Select): Computational methods incl. CDS generation. Relevant to our contexts. Uses CHILDES data. I do wonder about the thing of generated data, but the fact remains that this draws on extant DARCLE-relevant data and salienty discusses contexts we are interested in; ",
Multimodal Learning For Classroom Activity Detection,"Li, Hang; Kang, Yu; Ding, Wenbiao; Yang, Song; Yang, Songfan; Huang, Gale Yan; Liu, Zitao","Classroom activity detection (CAD) focuses on accurately classifying whether the teacher or student is speaking and recording both the length of individual utterances during a class. A CAD solution helps teachers get instant feedback on their pedagogical instructions. This greatly improves educators' teaching skills and hence leads to students' achievement. However, CAD is very challenging because (1) the CAD model needs to be generalized well enough for different teachers and students; (2) data from both vocal and language modalities has to be wisely fused so that they can be complementary; and (3) the solution shouldn't heavily rely on additional recording device. In this paper, we address the above challenges by using a novel attention based neural framework. Our framework not only extracts both speech and language information, but utilizes attention mechanism to capture long-term semantic dependence. Our framework is device-free and is able to take any classroom recording as input. The proposed CAD learning framework is evaluated in two real-world education applications. The experimental results demonstrate the benefits of our approach on learning attention based neural network from classroom data with different modalities, and show our approach is able to outperform state-of-the-art baselines in terms of various evaluation metrics.",2020,,,,,,,10.48550/arXiv.1910.13799,,#1308,Li 2020,"Ritwika VPS (2026-02-12 03:58:45)(Select): I think this should be included because this is based on child-adult speech datasets in school settings and seems to do diarisations and labelling. It uses shorter sessions, but also refs some of your work on LENA, for instance. So, it seems to me that this contextually relevant and the classification can be applied to daylong recordings (although they do not explicitly state this). I'll pass this info to you and let you make the final call.; ",
Phone Duration Modeling for Speaker Age Estimation in Children,"Shivakumar, Prashanth Gurunath; Bishop, Somer; Lord, Catherine; Narayanan, Shrikanth","Automatic inference of important paralinguistic information such as age from speech is an important area of research with numerous spoken language technology based applications. Speaker age estimation has applications in enabling personalization and age-appropriate curation of information and content. However, research in speaker age estimation in children is especially challenging due to paucity of relevant speech data representing the developmental spectrum, and the high signal variability especially intra age variability that complicates modeling. Most approaches in children speaker age estimation adopt methods directly from research on adult speech processing. In this paper, we propose features specific to children and focus on speaker's phone duration as an important biomarker of children's age. We propose phone duration modeling for predicting age from child's speech. To enable that, children speech is first forced aligned with the corresponding transcription to derive phone duration distributions. Statistical functionals are computed from phone duration distributions for each phoneme which are in turn used to train regression models to predict speaker age. Two children speech datasets are employed to demonstrate the robustness of phone duration features. We perform age regression experiments on age categories ranging from children studying in kindergarten to grade 10. Experimental results suggest phone durations contain important development-related information of children. Phonemes contributing most to estimation of children speaker age are analyzed and presented.",2021,,,,,,,10.48550/arXiv.2109.01568,,#1310,Shivakumar 2021,"Ritwika VPS (2026-02-13 03:38:31)(Select): Uses both child and child-adult dyadic datasets. Computational methods. My read is that this can be used/extended to daylong data, and child age estimation is a relevant q in our context; ",
Infant Crying Detection in Real-World Environments,"Yao, Xuewen; Micheletti, Megan; Johnson, Mckensey; Thomaz, Edison; Barbaro, Kaya de","Most existing cry detection models have been tested with data collected in controlled settings. Thus, the extent to which they generalize to noisy and lived environments is unclear. In this paper, we evaluate several established machine learning approaches including a model leveraging both deep spectrum and acoustic features. This model was able to recognize crying events with F1 score 0.613 (Precision: 0.672, Recall: 0.552), showing improved external validity over existing methods at cry detection in everyday real-world settings. As part of our evaluation, we collect and annotate a novel dataset of infant crying compiled from over 780 hours of labeled real-world audio data, captured via recorders worn by infants in their homes, which we make publicly available. Our findings confirm that a cry detection model trained on in-lab data underperforms when presented with real-world data (in-lab test F1: 0.656, real-world test F1: 0.236), highlighting the value of our new dataset and model.",2022,,,,,,,10.48550/arXiv.2005.07036,,#1311,Yao 2022,,
Siamese Neural Networks for Class Activity Detection,"Li, Hang; Wang, Zhiwei; Tang, Jiliang; Ding, Wenbiao; Liu, Zitao","Classroom activity detection (CAD) aims at accurately recognizing speaker roles (either teacher or student) in classrooms. A CAD solution helps teachers get instant feedback on their pedagogical instructions. However, CAD is very challenging because (1) classroom conversations contain many conversational turn-taking overlaps between teachers and students; (2) the CAD model needs to be generalized well enough for different teachers and students; and (3) classroom recordings may be very noisy and low-quality. In this work, we address the above challenges by building a Siamese neural framework to automatically identify teacher and student utterances from classroom recordings. The proposed model is evaluated on real-world educational datasets. The results demonstrate that (1) our approach is superior on the prediction tasks for both online and offline classroom environments; and (2) our framework exhibits robustness and generalization ability on new teachers (i.e., teachers never appear in training data).",2020,,,,,,,10.48550/arXiv.2005.07549,,#1313,Li 2020,"Ritwika VPS (2026-02-12 04:10:55)(Select): Another computational methods approach to the interactive context within classrooms. I am not sure if the sessions are long-form or shorter, because at least one dataset linked is in Chinese, but broadly, I think this is applicable and relevant. ; ",
Sound Tagging in Infant-centric Home Soundscapes,"Khan, Mohammad Nur Hossain; Li, Jialu; McElwain, Nancy L.; Hasegawa-Johnson, Mark; Islam, Bashima","Certain environmental noises have been associated with negative developmental outcomes for infants and young children. Though classifying or tagging sound events in a domestic environment is an active research area, previous studies focused on data collected from a non-stationary microphone placed in the environment or from the perspective of adults. Further, many of these works ignore infants or young children in the environment or have data collected from only a single family where noise from the fixed sound source can be moderate at the infant's position or vice versa. Thus, despite the recent success of large pre-trained models for noise event detection, the performance of these models on infant-centric noise soundscapes in the home is yet to be explored. To bridge this gap, we have collected and labeled noises in home soundscapes from 22 families in an unobtrusive manner, where the data are collected through an infant-worn recording device. In this paper, we explore the performance of a large pre-trained model (Audio Spectrogram Transformer [AST]) on our noise-conditioned infant-centric environmental data as well as publicly available home environmental datasets. Utilizing different training strategies such as resampling, utilizing public datasets, mixing public and infant-centric training sets, and data augmentation using noise and masking, we evaluate the performance of a large pre-trained model on sparse and imbalanced infant-centric data. Our results show that fine-tuning the large pre-trained model by combining our collected dataset with public datasets increases the F1-score from 0.11 (public datasets) and 0.76 (collected datasets) to 0.84 (combined datasets) and Cohen's Kappa from 0.013 (public datasets) and 0.77 (collected datasets) to 0.83 (combined datasets) compared to only training with public or collected datasets, respectively.",2024,,,,,,,10.48550/arXiv.2406.17190,,#1314,Khan 2024,"Ritwika VPS (2026-02-12 03:45:17)(Select): Computational methods, they explicitly use daylong infant/child-centric data; ",
Low-dimensional representation of infant and adult vocalization acoustics,"Pagliarini, Silvia; Schneider, Sara; Kello, Christopher T.; Warlaumont, Anne S.","During the first years of life, infant vocalizations change considerably, as infants develop the vocalization skills that enable them to produce speech sounds. Characterizations based on specific acoustic features, protophone categories, or phonetic transcription are able to provide a representation of the sounds infants make at different ages and in different contexts but do not fully describe how sounds are perceived by listeners, can be inefficient to obtain at large scales, and are difficult to visualize in two dimensions without additional statistical processing. Machine-learning-based approaches provide the opportunity to complement these characterizations with purely data-driven representations of infant sounds. Here, we use spectral features extraction and unsupervised machine learning, specifically Uniform Manifold Approximation (UMAP), to obtain a novel 2-dimensional spatial representation of infant and caregiver vocalizations extracted from day-long home recordings. UMAP yields a continuous and well-distributed space conducive to certain analyses of infant vocal development. For instance, we found that the dispersion of infant vocalization acoustics within the 2-D space over a day increased from 3 to 9 months, and then decreased from 9 to 18 months. The method also permits analysis of similarity between infant and adult vocalizations, which also shows changes with infant age.",2022,,,,,,,10.48550/arXiv.2204.12279,,#1315,Pagliarini 2022,,
Meta-learning for robust child-adult classification from speech,"Koluguri, Nithin Rao; Kumar, Manoj; Kim, So Hyun; Lord, Catherine; Narayanan, Shrikanth","Computational modeling of naturalistic conversations in clinical applications has seen growing interest in the past decade. An important use-case involves child-adult interactions within the autism diagnosis and intervention domain. In this paper, we address a specific sub-problem of speaker diarization, namely child-adult speaker classification in such dyadic conversations with specified roles. Training a speaker classification system robust to speaker and channel conditions is challenging due to inherent variability in the speech within children and the adult interlocutors. In this work, we propose the use of meta-learning, in particular, prototypical networks which optimize a metric space across multiple tasks. By modeling every child-adult pair in the training set as a separate task during meta-training, we learn a representation with improved generalizability compared to conventional supervised learning. We demonstrate improvements over state-of-the-art speaker embeddings (x-vectors) under two evaluation settings: weakly supervised classification (up to 14.53% relative improvement in F1-scores) and clustering (up to relative 9.66% improvement in cluster purity). Our results show that protonets can potentially extract robust speaker embeddings for child-adult classification from speech.",2019,,,,,,,10.48550/arXiv.1910.11400,,#1318,Koluguri 2019,"Ritwika VPS (2026-02-12 03:40:56)(Select): I think this should be included because this is based on child-adult speech datasets. It uses shorter sessions, but also refs some of Cristia's work, for instance. So, it seems to me that this contextually relevant and the classification can be applied to daylong recordings (although they do not explicitly state this). I'll pass this info to you and let you make the final call. ; ",
Dirichlet process mixture model based on topologically augmented signal representation for clustering infant vocalizations,"Bonafos, Guillem; Bourot, Clara; Pudlo, Pierre; Freyermuth, Jean-Marc; Reboul, Laurence; Tronçon, Samuel; Rey, Arnaud","Based on audio recordings made once a month during the first 12 months of a child's life, we propose a new method for clustering this set of vocalizations. We use a topologically augmented representation of the vocalizations, employing two persistence diagrams for each vocalization: one computed on the surface of its spectrogram and one on the Takens' embeddings of the vocalization. A synthetic persistent variable is derived for each diagram and added to the MFCCs (Mel-frequency cepstral coefficients). Using this representation, we fit a non-parametric Bayesian mixture model with a Dirichlet process prior to model the number of components. This procedure leads to a novel data-driven categorization of vocal productions. Our findings reveal the presence of 8 clusters of vocalizations, allowing us to compare their temporal distribution and acoustic profiles in the first 12 months of life.",2024,,,,,,,10.48550/arXiv.2407.05760,,#1321,Bonafos 2024,,
Overlap-aware low-latency online speaker diarization based on end-to-end local segmentation,"Coria, Juan M.; Bredin, Hervé; Ghannay, Sahar; Rosset, Sophie","We propose to address online speaker diarization as a combination of incremental clustering and local diarization applied to a rolling buffer updated every 500ms. Every single step of the proposed pipeline is designed to take full advantage of the strong ability of a recently proposed end-to-end overlap-aware segmentation to detect and separate overlapping speakers. In particular, we propose a modified version of the statistics pooling layer (initially introduced in the x-vector architecture) to give less weight to frames where the segmentation model predicts simultaneous speakers. Furthermore, we derive cannot-link constraints from the initial segmentation step to prevent two local speakers from being wrongfully merged during the incremental clustering step. Finally, we show how the latency of the proposed approach can be adjusted between 500ms and 5s to match the requirements of a particular use case, and we provide a systematic analysis of the influence of latency on the overall performance (on AMI, DIHARD and VoxConverse).",2021,,,,,,,10.48550/arXiv.2109.06483,,#1322,Coria 2021,"Ritwika VPS (2026-02-13 03:31:14)(Select): Computational methods, speaker diarisations, child speech datasets are part of the data used (and Cristia is part of the DIHIARD datasets), acknowledges the method can be used for daylong audio ; ",
Enhancing Child Vocalization Classification with Phonetically-Tuned Embeddings for Assisting Autism Diagnosis,"Li, Jialu; Hasegawa-Johnson, Mark; Karahalios, Karrie","The assessment of children at risk of autism typically involves a clinician observing, taking notes, and rating children's behaviors. A machine learning model that can label adult and child audio may largely save labor in coding children's behaviors, helping clinicians capture critical events and better communicate with parents. In this study, we leverage Wav2Vec 2.0 (W2V2), pre-trained on 4300-hour of home audio of children under 5 years old, to build a unified system for tasks of clinician-child speaker diarization and vocalization classification (VC). To enhance children's VC, we build a W2V2 phoneme recognition system for children under 4 years old, and we incorporate its phonetically-tuned embeddings as auxiliary features or recognize pseudo phonetic transcripts as an auxiliary task. We test our method on two corpora (Rapid-ABC and BabbleCor) and obtain consistent improvements. Additionally, we outperform the state-of-the-art performance on the reproducible subset of BabbleCor. Code available at https://huggingface.co/lijialudew",2024,,,,,,,10.48550/arXiv.2309.07287,,#1323,Li 2024,"Ritwika VPS (2026-02-12 04:07:19)(Select): Computational methods, daylong audio used (further subsampled for training, etc). My call is 'include' ; ",
LS-EEND: Long-Form Streaming End-to-End Neural Diarization with Online Attractor Extraction,"Liang, Di; Li, Xiaofei","This work proposes a frame-wise online/streaming end-to-end neural diarization (EEND) method, which detects speaker activities in a frame-in-frame-out fashion. The proposed model mainly consists of a causal embedding encoder and an online attractor decoder. Speakers are modeled in the self-attention-based decoder along both the time and speaker dimensions, and frame-wise speaker attractors are automatically generated and updated for new speakers and existing speakers, respectively. Retention mechanism is employed and especially adapted for long-form diarization with a linear temporal complexity. A multi-step progressive training strategy is proposed for gradually learning from easy tasks to hard tasks in terms of the number of speakers and audio length. Finally, the proposed model (referred to as long-form streaming EEND, LS-EEND) is able to perform streaming diarization for a high (up to 8) and flexible number speakers and very long (say one hour) audio recordings. Experiments on various simulated and real-world datasets show that: 1) when not using oracle speech activity information, the proposed model achieves new state-of-the-art online diarization error rate on all datasets, including CALLHOME (12.11%), DIHARD II (27.58%), DIHARD III (19.61%), and AMI (20.76%); 2) Due to the frame-in-frame-out processing fashion and the linear temporal complexity, the proposed model achieves several times lower real-time-factor than comparison online diarization models.",2025,,,,,,,10.48550/arXiv.2410.06670,,#1324,Liang 2025,"Ritwika VPS (2026-02-13 04:39:52)(Select): Computational methods. DIHARD datasets are used, which include child-adult datasets. They also seem to have considered longform diarisation; ",
Visualizations of Complex Sequences of Family-Infant Vocalizations Using Bag-of-Audio-Words Approach Based on Wav2vec 2.0 Features,"Li, Jialu; Hasegawa-Johnson, Mark; McElwain, Nancy L.","In the U.S., approximately 15-17% of children 2-8 years of age are estimated to have at least one diagnosed mental, behavioral or developmental disorder. However, such disorders often go undiagnosed, and the ability to evaluate and treat disorders in the first years of life is limited. To analyze infant developmental changes, previous studies have shown advanced ML models excel at classifying infant and/or parent vocalizations collected using cell phone, video, or audio-only recording device like LENA. In this study, we pilot test the audio component of a new infant wearable multi-modal device that we have developed called LittleBeats (LB). LB audio pipeline is advanced in that it provides reliable labels for both speaker diarization and vocalization classification tasks, compared with other platforms that only record audio and/or provide speaker diarization labels. We leverage wav2vec 2.0 to obtain superior and more nuanced results with the LB family audio stream. We use a bag-of-audio-words method with wav2vec 2.0 features to create high-level visualizations to understand family-infant vocalization interactions. We demonstrate that our high-quality visualizations capture major types of family vocalization interactions, in categories indicative of mental, behavioral, and developmental health, for both labeled and unlabeled LB audio.",2022,,,,,,,10.48550/arXiv.2203.15183,,#1326,Li 2022,"Ritwika VPS (2026-02-12 04:05:07)(Select): Computational methods using infant-centric, interactive audio in family contexts. Methods make it seem like audio is daylong or longform (but not explicitly stated). Sufficient overlap and relevance that I think this should be included. ; ",
Detection and classification of vocal productions in large scale audio recordings,"Bonafos, Guillem; Pudlo, Pierre; Freyermuth, Jean-Marc; Legou, Thierry; Fagot, Joël; Tronçon, Samuel; Rey, Arnaud","We propose an automatic data processing pipeline to extract vocal productions from large-scale natural audio recordings and classify these vocal productions. The pipeline is based on a deep neural network and adresses both issues simultaneously. Though a series of computationel steps (windowing, creation of a noise class, data augmentation, re-sampling, transfer learning, Bayesian optimisation), it automatically trains a neural network without requiring a large sample of labeled data and important computing resources. Our end-to-end methodology can handle noisy recordings made under different recording conditions. We test it on two different natural audio data sets, one from a group of Guinea baboons recorded from a primate research center and one from human babies recorded at home. The pipeline trains a model on 72 and 77 minutes of labeled audio recordings, with an accuracy of 94.58% and 99.76%. It is then used to process 443 and 174 hours of natural continuous recordings and it creates two new databases of 38.8 and 35.2 hours, respectively. We discuss the strengths and limitations of this approach that can be applied to any massive audio recording.",2023,,,,,,,10.48550/arXiv.2302.07640,,#1328,Bonafos 2023,"Ritwika VPS (2026-02-10 22:17:43)(Select): Computational methods, classification, broadly applicable beyond daylong infant audio contexts, deep learning. Also uses daylong audio from babies x naturalistic settings; ",
"Classification of Infant Sleep/Wake States: Cross-Attention among Large Scale Pretrained Transformer Networks using Audio, ECG, and IMU Data","Chang, Kai Chieh; Hasegawa-Johnson, Mark; McElwain, Nancy L.; Islam, Bashima","Infant sleep is critical to brain and behavioral development. Prior studies on infant sleep/wake classification have been largely limited to reliance on expensive and burdensome polysomnography (PSG) tests in the laboratory or wearable devices that collect single-modality data. To facilitate data collection and accuracy of detection, we aimed to advance this field of study by using a multi-modal wearable device, LittleBeats (LB), to collect audio, electrocardiogram (ECG), and inertial measurement unit (IMU) data among a cohort of 28 infants. We employed a 3-branch (audio/ECG/IMU) large scale transformer-based neural network (NN) to demonstrate the potential of such multi-modal data. We pretrained each branch independently with its respective modality, then finetuned the model by fusing the pretrained transformer layers with cross-attention. We show that multi-modal data significantly improves sleep/wake classification (accuracy = 0.880), compared with use of a single modality (accuracy = 0.732). Our approach to multi-modal mid-level fusion may be adaptable to a diverse range of architectures and tasks, expanding future directions of infant behavioral research.",2023,,,,,,,10.48550/arXiv.2306.15808,,#1329,Chang 2023,"Ritwika VPS (2026-02-10 22:24:40)(Select): LENA used, 8+ hours of daylong audio data, child-centered.

Computational methods to classify infant sleep/wake states using multimodal data; ",
Who Said What? An Automated Approach to Analyzing Speech in Preschool Classrooms,"Sun, Anchen; Londono, Juan J.; Elbaum, Batya; Estrada, Luis; Lazo, Roberto Jose; Vitale, Laura; Villasanti, Hugo Gonzalez; Fusaroli, Riccardo; Perry, Lynn K.; Messinger, Daniel S.","Young children spend substantial portions of their waking hours in noisy preschool classrooms. In these environments, children's vocal interactions with teachers are critical contributors to their language outcomes, but manually transcribing these interactions is prohibitive. Using audio from child- and teacher-worn recorders, we propose an automated framework that uses open source software both to classify speakers (ALICE) and to transcribe their utterances (Whisper). We compare results from our framework to those from a human expert for 110 minutes of classroom recordings, including 85 minutes from child-word microphones (n=4 children) and 25 minutes from teacher-worn microphones (n=2 teachers). The overall proportion of agreement, that is, the proportion of correctly classified teacher and child utterances, was .76, with an error-corrected kappa of .50 and a weighted F1 of .76. The word error rate for both teacher and child transcriptions was .15, meaning that 15% of words would need to be deleted, added, or changed to equate the Whisper and expert transcriptions. Moreover, speech features such as the mean length of utterances in words, the proportion of teacher and child utterances that were questions, and the proportion of utterances that were responded to within 2.5 seconds were similar when calculated separately from expert and automated transcriptions. The results suggest substantial progress in analyzing classroom speech that may support children's language development. Future research using natural language processing is under way to improve speaker classification and to analyze results from the application of the automated framework to a larger dataset containing classroom recordings from 13 children and 3 teachers observed on 17 occasions over one year.",2024,,,,,,,10.48550/arXiv.2401.07342,,#1331,Sun 2024,"Ritwika VPS (2026-02-13 03:44:23)(Select): Computational Methods.  Uses 3 hour-ish child-teacher audio data in school settings, and uses ALICE and Whisper. Sufficiently in context to include; ",
"Fifteen Years of Child-Centered Long-Form Recordings: Promises, Resources, and Remaining Challenges to Validity","Peurey, Loann; Lavechin, Marvin; Kunze, Tarek; Khentout, Manel; Gautheron, Lucas; Dupoux, Emmanuel; Cristia, Alejandrina","Audio-recordings collected with a child-worn device are a fundamental tool in child language research. Long-form recordings collected over whole days promise to capture children's input and production with minimal observer bias, and therefore high validity. The sheer volume of resulting data necessitates automated analysis to extract relevant metrics for researchers and clinicians. This paper summarizes collective knowledge on this technique, providing entry points to existing resources. We also highlight various sources of error that threaten the accuracy of automated annotations and the interpretation of resulting metrics. To address this, we propose potential troubleshooting metrics to help users assess data quality. While a fully automated quality control system is not feasible, we outline practical strategies for researchers to improve data collection and contextualize their analyses.",2025,,,,,,,10.48550/arXiv.2506.11075,,#1334,Peurey 2025,,
Enabling automatic transcription of child-centered audio recordings from real-world environments,"Kocharov, Daniil; Räsänen, Okko","Longform audio recordings obtained with microphones worn by children-also known as child-centered daylong recordings-have become a standard method for studying children's language experiences and their impact on subsequent language development. Transcripts of longform speech audio would enable rich analyses at various linguistic levels, yet the massive scale of typical longform corpora prohibits comprehensive manual annotation. At the same time, automatic speech recognition (ASR)-based transcription faces significant challenges due to the noisy, unconstrained nature of real-world audio, and no existing study has successfully applied ASR to transcribe such data. However, previous attempts have assumed that ASR must process each longform recording in its entirety. In this work, we present an approach to automatically detect those utterances in longform audio that can be reliably transcribed with modern ASR systems, allowing automatic and relatively accurate transcription of a notable proportion of all speech in typical longform data. We validate the approach on four English longform audio corpora, showing that it achieves a median word error rate (WER) of 0% and a mean WER of 18% when transcribing 13% of the total speech in the dataset. In contrast, transcribing all speech without any filtering yields a median WER of 52% and a mean WER of 51%. We also compare word log-frequencies derived from the automatic transcripts with those from manual annotations and show that the frequencies correlate at r = 0.92 (Pearson) for all transcribed words and r = 0.98 for words that appear at least five times in the automatic transcripts. Overall, the work provides a concrete step toward increasingly detailed automated linguistic analyses of child-centered longform audio.",2025,,,,,,,10.48550/arXiv.2506.11747,,#1337,Kocharov 2025,,
An open-source voice type classifier for child-centered daylong recordings,"Lavechin, Marvin; Bousbib, Ruben; Bredin, Hervé; Dupoux, Emmanuel; Cristia, Alejandrina","Spontaneous conversations in real-world settings such as those found in child-centered recordings have been shown to be amongst the most challenging audio files to process. Nevertheless, building speech processing models handling such a wide variety of conditions would be particularly useful for language acquisition studies in which researchers are interested in the quantity and quality of the speech that children hear and produce, as well as for early diagnosis and measuring effects of remediation. In this paper, we present our approach to designing an open-source neural network to classify audio segments into vocalizations produced by the child wearing the recording device, vocalizations produced by other children, adult male speech, and adult female speech. To this end, we gathered diverse child-centered corpora which sums up to a total of 260 hours of recordings and covers 10 languages. Our model can be used as input for downstream tasks such as estimating the number of words produced by adult speakers, or the number of linguistic units produced by children. Our architecture combines SincNet filters with a stack of recurrent layers and outperforms by a large margin the state-of-the-art system, the Language ENvironment Analysis (LENA) that has been used in numerous child language studies.",2021,,,,,,,10.48550/arXiv.2005.12656,,#1341,Lavechin 2021,,
Burstiness and interpersonal foraging between human infants and caregivers in the vocal domain,"Ritwika, V. P. S.; Schneider, Sara; Lopez, Lukas D.; Mai, Jeffrey; Gopinathan, Ajay; Kello, Christopher T.; Warlaumont, Anne S.","Vocal responses from caregivers are believed to promote more frequent and more advanced infant vocalizations. However, studies that examine this relationship typically do not account for the fact that infant and adult vocalizations are distributed in hierarchical clusters over the course of the day. These bursts and lulls create a challenge for accurately detecting the effects of adult input at immediate turn-by-turn timescales within real-world behavior, as adult responses tend to happen during already occurring bursts of infant vocalizations. Analyzing daylong audio recordings of real-world vocal communication between human infants (ages 3, 6, 9, and 18 months) and their adult caregivers, we first show that both infant and caregiver vocalization events are clustered in time, as evidenced by positive correlations between successive inter-event intervals (IEIs). We propose an approach informed by flight time analyses in foraging studies to assess whether the timing of a vocal agent's next vocalization is modified by inputs from another vocal agent, controlling for the first agent's previous IEI. For both infants and adults, receiving a social response predicts that the individual will vocalize again sooner than they would have in the absence of a response. Overall, our results are consistent with a view of infant-caregiver vocal interactions as an 'interpersonal foraging' process with inherent multi-scale dynamics wherein social responses are among the resources the individuals are foraging for. The analytic approaches introduced here have broad utility to study communication in other modalities, contexts, and species.",2025,,,,,,,10.48550/arXiv.2505.01545,,#1342,Ritwika 2025,,
BabyHuBERT: Multilingual Self-Supervised Learning for Segmenting Speakers in Child-Centered Long-Form Recordings,"Charlot, Théo; Kunze, Tarek; Poli, Maxime; Cristia, Alejandrina; Dupoux, Emmanuel; Lavechin, Marvin","Child-centered long-form recordings are essential for studying early language development, but existing speech models trained on clean adult data perform poorly due to acoustic and linguistic differences. We introduce BabyHuBERT, the first self-supervised speech representation model trained on 13,000 hours of multilingual child-centered long-form recordings spanning over 40 languages. We evaluate BabyHuBERT on speaker segmentation, identifying when target children speak versus female adults, male adults, or other children -- a fundamental preprocessing step for analyzing naturalistic language experiences. BabyHuBERT achieves F1-scores from 52.1% to 74.4% across six diverse datasets, consistently outperforming W2V2-LL4300 (trained on English long-forms) and standard HuBERT (trained on clean adult speech). Notable improvements include 13.2 absolute F1 points over HuBERT on Vanuatu and 15.9 points on Solomon Islands corpora, demonstrating effectiveness on underrepresented languages. By sharing code and models, BabyHuBERT serves as a foundation model for child speech research, enabling fine-tuning on diverse downstream tasks.",2025,,,,,,,10.48550/arXiv.2509.15001,,#1343,Charlot 2025,,
Challenges in Automated Processing of Speech from Child Wearables: The Case of Voice Type Classifier,"Kunze, Tarek; Métais, Marianne; Titeux, Hadrien; Elbert, Lucas; Coffey, Joseph; Dupoux, Emmanuel; Cristia, Alejandrina; Lavechin, Marvin","Recordings gathered with child-worn devices promised to revolutionize both fundamental and applied speech sciences by allowing the effortless capture of children's naturalistic speech environment and language production. This promise hinges on speech technologies that can transform the sheer mounds of data thus collected into usable information. This paper demonstrates several obstacles blocking progress by summarizing three years' worth of experiments aimed at improving one fundamental task: Voice Type Classification. Our experiments suggest that improvements in representation features, architecture, and parameter search contribute to only marginal gains in performance. More progress is made by focusing on data relevance and quantity, which highlights the importance of collecting data with appropriate permissions to allow sharing.",2025,,,,,,,10.48550/arXiv.2506.11074,,#1345,Kunze 2025,,
Classification errors distort findings in automated speech processing: examples and solutions from child-development research,"Gautheron, Lucas; Kidd, Evan; Malko, Anton; Lavechin, Marvin; Cristia, Alejandrina","With the advent of wearable recorders, scientists are increasingly turning to automated methods of analysis of audio and video data in order to measure children's experience, behavior, and outcomes, with a sizable literature employing long-form audio-recordings to study language acquisition. While numerous articles report on the accuracy and reliability of the most popular automated classifiers, less has been written on the downstream effects of classification errors on measurements and statistical inferences (e.g., the estimate of correlations and effect sizes in regressions). This paper proposes a Bayesian approach to study the effects of algorithmic errors on key scientific questions, including the effect of siblings on children's language experience and the association between children's production and their input. In both the most commonly used \gls{lena}, and an open-source alternative (the Voice Type Classifier from the ACLEW system), we find that classification errors can significantly distort estimates. For instance, automated annotations underestimated the negative effect of siblings on adult input by 20--80\%, potentially placing it below statistical significance thresholds. We further show that a Bayesian calibration approach for recovering unbiased estimates of effect sizes can be effective and insightful, but does not provide a fool-proof solution. Both the issue reported and our solution may apply to any classifier involving event detection and classification with non-zero error rates.",2025,,,,,,,10.48550/arXiv.2508.15637,,#1347,Gautheron 2025,,
Multi-Stage Speaker Diarization for Noisy Classrooms,"Khan, Ali Sartaz; Ogunremi, Tolulope; Attia, Ahmed Adel; Demszky, Dorottya","Speaker diarization, the process of identifying ""who spoke when"" in audio recordings, is essential for understanding classroom dynamics. However, classroom settings present distinct challenges, including poor recording quality, high levels of background noise, overlapping speech, and the difficulty of accurately capturing children's voices. This study investigates the effectiveness of multi-stage diarization models using Nvidia's NeMo diarization pipeline. We assess the impact of denoising on diarization accuracy and compare various voice activity detection (VAD) models, including self-supervised transformer-based frame-wise VAD models. We also explore a hybrid VAD approach that integrates Automatic Speech Recognition (ASR) word-level timestamps with frame-level VAD predictions. We conduct experiments using two datasets from English speaking classrooms to separate teacher vs. student speech and to separate all speakers. Our results show that denoising significantly improves the Diarization Error Rate (DER) by reducing the rate of missed speech. Additionally, training on both denoised and noisy datasets leads to substantial performance gains in noisy conditions. The hybrid VAD model leads to further improvements in speech detection, achieving a DER as low as 17% in teacher-student experiments and 45% in all-speaker experiments. However, we also identified trade-offs between voice activity detection and speaker confusion. Overall, our study highlights the effectiveness of multi-stage diarization models and integrating ASR-based information for enhancing speaker diarization in noisy classroom environments.",2025,,,,,,,10.48550/arXiv.2505.10879,,#1349,Khan 2025,"Ritwika VPS (2026-02-12 03:48:42)(Select): Another eg of a study I think should be included because this is based on child-adult speech datasets. Also uses shorter sessions, but refs some of Cristia/Lavechin/Casillas's work, for instance. So, it seems to me that this contextually relevant and the classification can be applied to daylong recordings (although they do not explicitly state this). I'll pass this info to you and let you make the final call.; ",
Employing self-supervised learning models for cross-linguistic child speech maturity classification,"Zhang, Theo; Suresh, Madurya; Warlaumont, Anne S.; Hitczenko, Kasia; Cristia, Alejandrina; Cychosz, Margaret","Speech technology systems struggle with many downstream tasks for child speech due to small training corpora and the difficulties that child speech pose. We apply a novel dataset, SpeechMaturity, to state-of-the-art transformer models to address a fundamental classification task: identifying child vocalizations. Unlike previous corpora, our dataset captures maximally ecologically-valid child vocalizations across an unprecedented sample, comprising children acquiring 25+ languages in the U.S., Bolivia, Vanuatu, Papua New Guinea, Solomon Islands, and France. The dataset contains 242,004 labeled vocalizations, magnitudes larger than previous work. Models were trained to distinguish between cry, laughter, mature (consonant+vowel), and immature speech (just consonant or vowel). Models trained on the dataset outperform state-of-the-art models trained on previous datasets, achieved classification accuracy comparable to humans, and were robust across rural and urban settings.",2025,,,,,,,10.48550/arXiv.2506.08999,,#1351,Zhang 2025,"Ritwika VPS (2026-02-13 03:08:02)(Select): This is Meg and Anne's speech maturity paper, super relevant and valid!; ",
"Automated Analysis of Naturalistic Recordings in Early Childhood: Applications, Challenges, and Opportunities","Li, Jialu; Lavechin, Marvin; Fan, Xulin; McElwain, Nancy L.; Cristia, Alejandrina; Garcia-Perera, Paola; Hasegawa-Johnson, Mark","Naturalistic recordings capture audio in real-world environments where participants behave naturally without interference from researchers or experimental protocols. Naturalistic long-form recordings extend this concept by capturing spontaneous and continuous interactions over extended periods, often spanning hours or even days, in participants' daily lives. Naturalistic recordings have been extensively used to study children's behaviors, including how they interact with others in their environment, in the fields of psychology, education, cognitive science, and clinical research. These recordings provide an unobtrusive way to observe children in real-world settings beyond controlled and constrained experimental environments. Advancements in speech technology and machine learning have provided an initial step for researchers to automatically and systematically analyze large-scale naturalistic recordings of children. Despite the imperfect accuracy of machine learning models, these tools still offer valuable opportunities to uncover important insights into children's cognitive and social development. Several critical speech technologies involved include speaker diarization, vocalization classification, word count estimate from adults, speaker verification, and language diarization for code-switching. Most of these technologies have been primarily developed for adults, and speech technologies applied to children specifically are still vastly under-explored. To fill this gap, we discuss current progress, challenges, and opportunities in advancing these technologies to analyze naturalistic recordings of children during early development (<3 years of age). We strive to inspire the signal processing community and foster interdisciplinary collaborations to further develop this emerging technology and address its unique challenges and opportunities.",2025,,,,,,,10.48550/arXiv.2509.18235,,#1354,Li 2025,,
Objective child vocal development measurement with naturalistic daylong audio recording,"Xu, Dongxin; Gilkerson, Jill; Richards, Jeffery",Objective child vocal development measurement with naturalistic daylong audio recording,2012,,Interspeech 2012,,,,,,,#1357,Xu 2012,,
LAAC-LSCP/exelang-book: First citable version,"Cristia, Alex; Sara-Pip; Gautheron, Lucas",This is the first public release of the scripts used in the creation of videos aimed at explaining the long-form recording technique to a wide research audience.,2022,,,,,,,10.5281/ZENODO.6685827,,#1374,Cristia 2022,Hillary Ganek (2026-02-12 09:57:51)(Included): https://zenodo.org/records/6685828; ,
Data Protection Handbook for Long-Form Recording Research: Navigating Data Protection Laws across the Globe,"Léon, Mathilde; Cristia, Alejandrina","Long-form recordings are audio recordings that can last many hours. They capture the voice of the person wearing them, that of anyone who speaks near them (typically in a 3-m or 15-ft radius), and even those who are further away, provided they speak loudly enough. They pose a threat to the privacy of any individual whose voice is captured. As a result, a focus on data protection is essential. This handbook aims to guide researchers collecting, analysing, storing and/or performing other processing activities on long-form recordings to navigate the data protection legislative landscape. To do so, we first lay out general advice researchers can follow to determine whether they should comply with data protection legislation strictly, or instead follow them for best practices. We also list the main topics and issues they can look for in data protection legislation. We then turn to relevant regional and national laws in 28 countries ( namely, Argentina, Australia, Bolivia, Brazil, China, Costa Rica, Denmark, Finland, France, Ghana, India, Israel, South Korea, Namibia, Malawi, Mexico, Netherlands, Norway, Papua New Guinea, Solomon Islands, South Africa, Sweden, Tanzania, Timor-Leste, United Kingdom, Uruguay, Vanuatu, and Vietnam ). For each piece of legislation, we quote relevant articles and key concept(s) in the context of long-form recording research.",2024,,,,,,,10.31219/osf.io/dy4wt,,#1375,Léon 2024,,
The LENA System Applied to Swedish: Reliability of the Adult Word Count Estimate,"Schwarz, Iris-Corinna; Botros, Noor; Lord, Alekzandra; Marcusson, Amelie; Tidelius, Henrik; Marklund, Ellen",<p>The Language Environment Analysis system LENATM is used to capture day-long recordings of children’s natural audio environment. The system performs automa...,2017,,Interspeech 2017,,,,,,,#1378,Schwarz 2017,,
Fidelity of automatic speech processing for adult speech classifications using the Language ENvironment Analysis (LENA) system,"Lehet, Matthew; Meisam K Arjmandi; Dilley, Laura C; Roy, Somnath; Houston, Derek",,2018,,,,,,,10.13140/RG.2.2.35463.24487,,#1384,Lehet 2018,,
A Systematic Review of the Effects of LENA-based Feedback on Parent-Child Language Interactions in Families with Young Children,"Magimairaj, Beula M.; Nagaraj, Naveen K.; Caballero, Ana; Munoz, Karen F.; White, Karl R","Enhancing parent language interactions with children beginning in infancy is important because it results in better language abilities, social skills, and academic outcomes in children. A number of researchers have suggested that parent language interactions with children could be enhanced by giving parents feedback about their language interactions using the Language Environment Analysis (LENA) system. The LENA system records communication exchanges between a child and the adult caregiver and provides an automated analysis of adult word count, child vocalization count, and conversational turn count. We did a systematic review of the studies that investigated the use of LENA-based feedback to enhance parent language interactions with children. Although most previous studies have concluded that LENA-based feedback improves parental language interactions with children, methodological factors and confounding of treatment components in almost all of these studies make it impossible to know whether quantitative feedback from interactions recorded by the LENA system enhances parent language interactions with children. The designs and results of previous studies are discussed to suggest how future research can better address this important issue.",2022,,,,,,,10.26077/6C72-973B,,#1393,Magimairaj 2022,,
Tracking Acquisition of Language in Kids (TALK) Study Protocol: A longitudinal investigation of infants at High vs. Low risk for atypical speech and language development,"Goble, Gina; Hennessy, Victoria; Cheng, Tzu-Han Zoe; Rodda, Amy; Taulu, Samu; Gordon, Reyna L; Zhao, T. Christina","The sensitive period for phonetic learning, normally considered to be between 6 to 12 months of age, has been demonstrated as one of the earliest milestones for language development. Infant speech processing towards the end of the sensitive period has been shown to predict individual language development trajectories up to school entry and most recently, risk of speech and language disorders, suggesting its potential clinical relevance. Yet, this literature is largely limited to typically developing infants with regard to their family histories of speech and language delays or disorders. The current study begins to fill the gap by investigating associations between neural markers of the sensitive period, family history risk factors, and language outcomes by gathering extensive information from a large group of infants. Specifically, family information includes an extensive parental survey of family background and clinical history, a comprehensive assessment of language skills for one older sibling by a research speech-language pathologist (SLP), and a daylong audio recording in infants’ homes for assessing their language environment. The study design focuses on comparing neural predictors of language development in infants with or without first-degree family history of speech and language delays and disorders (i.e., High vs. Low-risk infants). Infants’ neural speech processing is measured three times using Magnetoencephalography (MEG) at 6 months, 12 months, and 14 months of age. Infants’ language development is tracked until school entry by both parental surveys (MB-CDI) and the same comprehensive assessment protocol with a research SLP. This protocol documents the study design and methodological details for data collection and preprocessing. This study will allow our research team to start tackling important questions regarding early predictors of speech and language delays and disorders (e.g., late-talking, Developmental Language Disorder (DLD)) and contribute significant value to the broader field.",2025,,,,,,,10.31234/osf.io/2qhbw_v1,,#1394,Goble 2025,,
"Pitch characteristics of real-world infant-directed speech vary with pragmatic context, perceived adult gender, and infant gender","Neer, Emily M.; Brahmbhatt, Anvi; Walsh, Catherine R.; Warlaumont, Anne S.","Children’s everyday language environments can be full of rich and diverse input, especially adult speech. Prosodic modifications when adults speak to infants are observed cross-culturally and are believed to enhance infant learning and emotion. However, factors such as what and why adults are speaking as well as speaker gender can affect the prosody of adults’ speech. This study asks whether prosodic modifications to infant-directed speech depend on perceived adult speaker gender, assigned infant gender, and the perceived pragmatic function of an utterance. We examined 3,607 adult speech clips from daylong home audio recordings of 60 North American, English-speaking, 3- to 20-month-old infants (28 female). Adult speakers used significantly more imperatives and questions and sang more frequently to infants than other adults. While infant-directed speech tended to have greater mean pitch and pitch modulation than adult-directed speech overall, these patterns were modulated, sometimes in complex ways, by pragmatic function, perceived adult gender, and infant gender. For example, we found that female-sounding adult speakers exhibited greater IDS-ADS mean pitch differences than male-sounding adult speakers when providing information or engaging in conversational niceties. An additional example is that male-sounding adults used higher pitch when singing to male infants compared to female infants. These findings invite further research on how individual, demographic, and situational factors affect speech to infants and possibly infant learning. The study’s pragmatic context tags are added to an existing open dataset of infant- and adult-directed speech.",2025,,PLoS One,20,6,e0326569,,10.1371/journal.pone.0326569,,#1404,Neer 2025,,
Examining spoken language input to infants with cochlear implants,"Righter, Lillianna; Emmert, Alex; Campbell, Erin Elizabeth; Houston, Derek Michael; Bergelson, Elika","Purpose: To compare spoken language input to young deaf/hard of hearing (DHH) children with cochlear implants and matched chronological- and hearing-age hearing controls. Method: We used long-form audio-recordings (M=14.3hrs) from 48 6-32mo’s (16/group). We manually transcribed 40min/recording, and ran automated LENA algorithms over the full daylong recording. We computed 10 automated and manually annotated metrics of input quantity, complexity, and conceptual content. We also computed speech outcomes, and linked the input metrics to those outcomes. Results: There were no significant cross-group differences in input quantity, or in any input metrics between DHH and chronological age-matches. The DHH group heard significantly shorter sentences and more highly auditory words than hearing-age matches. While they produced more (and more mature) vocalizations than hearing-age matches, they produced fewer mature vocalizations than age-matched peers. DHH vocalizations also increased less robustly with age. In regression models, only hearing status explained variance in child vocalizations for DHH and hearing-age matches. For DHH and same age matches, age, hearing status (hearing&gt;DHH), input quantity, and shorter MLU input collectively predicted &gt;50% of the variance in children’s vocal maturity. Conclusions: DHH children and hearing children differed little in their language input. Differences from hearing-age controls are likely explained by their younger age. Nevertheless, we find lower rates of child vocalizations in the DHH group and a weaker increase over age. This extends prior findings through its in-depth look at a young cohort using both automated and manual measures of speech.",2025,,,,,,,10.31234/osf.io/3vf8m_v1,,#1410,Righter 2025,,
Preliminary study of stress/neutral detection on recordings of children in the natural home environment,"Yapanel, Umit H.; Xu, Dongxin; Hansen, John H. L.; Gray, Sharmistha S.; Gilkerson, Jill; Richards, Jeffrey A.",<p>Emotion and stress/neutral detection based on an input audio stream has been a topic of interest in the literature with various applications. This paper r...,2009,,"Proceedings of the 2nd Workshop on Child, Computer and Interaction",,,,,,,#1415,Yapanel 2009,,
Using the Language Environment Analysis (LENA) System to Investigate Language Input in Greek Speaking Children:,"Binos, Paris; Taxitari, Loukia","This study sought to assess the effectiveness of the language environment analysis integrating wearable audio recording with automated voice analysis, within the context of Greek-speaking families, aiming to discern evolving patterns of child-directed speech in typically developing children. Audio data from children aged 6-46 months were recorded during home interactions. The LENA Pro software calculates parameters like conversational turn count, child vocalizations, and adult word count. The findings underscored a pronounced duration of silence-background noise and distant sounds. Strong correlations also emerged between parental linguistic input, adult-child conversational exchanges, child vocalizations, and meaningful interactions between children and adults. An inverse association between electronic device engagement and child vocalizations was also observed. LENA demonstrates its power in effectively mapping non-English linguistic environments, such as Greek, offering invaluable insights to stakeholders on refining language inputs for optimal language development.",2023,,"Advances in Psychology, Mental Health, and Behavioral Studies",,,232-248,,10.4018/979-8-3693-1982-6.ch015,,#1435,Binos 2023,,
"Associations between maternal stress, early language behaviors, and infant electroencephalography during the first year of life","Lara J, Pierce; Emily, Reilly; Charles A, Nelson","<p>AbstractAssociations have been observed between socioeconomic status (SES) and language outcomes from early childhood, but individual variability is high....",2020,,Psychoneuroendocrinology,119,,,,,,#1448,Lara 2020,,
Automatic childhood autism detection by vocalization decomposition with phone-like units,"Xu, Dongxin; Richards, Jeffrey A.; Gilkerson, Jill; Yapanel, Umit H.; Gray, Sharmistha S.; Hansen, John H. L.","<p>Autism is a major child development disorder with a prevalence of 1/150 in the US [22]. Although early identification is crucial to early intervention, th...",2009,,"Proceedings of the 2nd Workshop on Child, Computer and Interaction",,,,,,,#1462,Xu 2009,,
The Role of Siblings on Infant Language Exposure in Daylong Audio Recordings,"Galindo, Maily; Montag, Jessica L.",,2025,,,,,,,,,#1488,Galindo 2025,,
Measuring predictability in the home environment using daylong audio recordings,"Peñaherrera, María José; Labendzki, Pierre; Esposito, Giovanni; Goupil, Louise; Wass, Sam",,2025,,,,,7-Jan,,10.1109/ICDL63968.2025.11204360,,#1489,Peñaherrera 2025,,
Optimizing Random Sampling of Daylong Audio,"Marasli, Zeynep; Montag, Jessica L.",,2023,,,,,,,,,#1492,Marasli 2023,,
New insights from daylong audio transcripts of children's language environments,"Montag, Jessica L.",,2020,,,,,,,,,#1496,Montag 2020,,
Daylong data: Raw audio to transcript via automated \textbackslash& manual open-science tools,"Bunce, John P.; Bergelson, Elika; Warlaumont, Anne S.; Casillas, Marisa",,2019,,,,,15-16,,,,#1500,Bunce 2019,,
"Tagging child-adult interactions in naturalistic, noisy, daylong school environments using i-vector based diarization system","Kothalkar, Prasanna V.; Irvin, Dwight; Luo, Ying; Rojas, Joanne; Nash, John; Rous, Beth S.; Hansen, John H. L.",,2019,,,,,89-93,,10.21437/SLATE.2019-17,,#1501,Kothalkar 2019,,
Talker Diarization in the Wild: the Case of Child-centered Daylong Audio-recordings,"Cristià, Alejandrina; Ganesh, Shobhana; Casillas, Marisa; Ganapathy, Sriram",,2018,,,,,2583-2587,,10.21437/INTERSPEECH.2018-2078,,#1502,Cristià 2018,,
All-day recordings to investigate vocabulary development: a case study of a trilingual toddler.,Oller K,"Major innovations are becoming available for research in language development and disorders. Among these innovations, recent tools allow naturalistic recording in children's homes and automated analysis to facilitate representative sampling. This study employed all-day recordings during the 2nd year of life in a child exposed to three languages, using a fully wearable battery-powered recorder, with automated analysis to locate appropriate time periods for coding. This method made representative sampling possible and afforded the opportunity for a case study indicating that language spoken directly to the child had dramatically more effect on vocabulary learning than audible language not spoken to the child, as indicated by chi-square analyses of the child's verbal output and input in each of the languages. The work provides perspective on the role of learning words by overhearing in childhood and suggests the value of representative naturalistic sampling as a means of research on vocabulary acquisition.",2010,08//,Communication Disorders Quarterly,31,4,213-222,,10.1177/1525740109358628,105060302,#1508,Oller 2010,,Added32126
Automated Analysis of Child Phonetic Production Using Naturalistic Recordings.,"Dongxin Xu; Richards, Jeffrey A.; Gilkerson, Jill","Purpose: Conventional resource-intensive methods for child phonetic development studies are often impractical for sampling and analyzing child vocalizations in sufficient quantity. The purpose of this study was to provide new information on early language development by an automated analysis of child phonetic production using naturalistic recordings. The new approach was evaluated relative to conventional manual transcription methods. Its effectiveness was demonstrated by a case study with 106 children with typical development (TD) ages 8–48 months, 71 children with autism spectrum disorder (ASD) ages 16–48 months, and 49 children with language delay (LD) not related to ASD ages 10–44 months. Method: A small digital recorder in the chest pocket of clothing captured full-day natural child vocalizations, which were automatically identified into consonant, vowel, nonspeech, and silence, producing the average count per utterance (ACPU) for consonant and vowel. Results: Clear child utterances were identified with above 72% accuracy. Correlations between machine-estimated and human-transcribed ACPUs were above 0.82. Children with TD produced significantly more consonants and vowels per utterance than did other children. Children with LD produced significantly more consonants but not vowels than did children with ASD. Conclusion: The authors provide new information on typical and atypical language development in children with TD, ASD, and LD using an automated computational approach.",2014,10//,"Journal of Speech, Language & Hearing Research",57,5,1638-1650,,10.1044/2014_JSLHR-S-13-0037,98900356,#1516,DongxinXu 2014,,Added32126
Evaluation of Parent-Researcher Agreement on the Vocal Development Landmarks Interview.,"Thomas, Anne E.; Ambrose, Sophie E.; Marvin, Christine A.; Oleson, Jacob; Moeller, Mary Pat","Purpose: Parent report was compared to judgments made by a trained researcher to determine the utility of the Vocal Development Landmarks Interview (VDLI) for monitoring development of vocal behaviors in very young children. Method: Parents of 40 typically developing children, ages 6--21 months, provided full-day naturalistic audio recordings of their children's vocalizations after completing the VDLI. Six 5-min segments of highly voluble periods were selected from each recording and were analyzed, coded, and scored by the researcher. These data were then compared to the parents' VDLI responses. Parent--researcher agreement was examined using two methods and a generalized linear mixed model. Patterns of disagreement were explored descriptively to gain insights regarding potential sources of parent--researcher differences. Finally, developmental patterns in the researcher-observed vocal behaviors were examined as a function of children's age. Results: No significant differences in parent--researcher agreement were found for the Canonical and Word subscales of the VDLI; however, significant differences in agreement were found for the Precanonical subscale. Mean percentages of agreement were high overall for both scoring methods evaluated. Additionally, the researcher's categorization and quantification of vocal behaviors for each age group aligned well with developmental trajectories found in the literature. Conclusion: Results provide further support for use of parent report to assess early vocal development and use of the VDLI as a clinical measure of vocal development in infants and toddlers ages 6-21 months.",2021,07//,"Journal of Speech, Language & Hearing Research",64,7,2623-2636,,10.1044/2021_JSLHR-20-00714,151481517,#1531,Thomas 2021,,Added32126
Contextual Variation in Language Input to Children: A Naturalistic Approach.,"Goldenberg, Elizabeth R.; Repetti, Rena L.; Sandhofer, Catherine M.","Children learn what words mean from hearing words used across a variety of contexts. Understanding how different contextual distributions relate to the words young children say is critical because context robustly affects basic learning and memory processes. This study examined children's everyday experiences using naturalistic video recordings to examine two contextual factors--where words are spoken and who speaks the words--through analyzing the nouns in language input and children's own language productions. The families in the study (n = 8) were two-parent, dual-income, middle-class families with a child between 1 year, 3 months to 4 years, 4 months (age M = 3 years. 5 months) and at least one additional sibling. The families were filmed as they interacted in their homes and communities over 2 weekdays and 2 weekend days. From these videos, we identified when the focal child was exposed to language input and randomly selected 9 hr of contiguous speech segments per family to obtain 6,129 noun types and 30.257 noun tokens in language input and 1,072 noun types and 5,360 noun tokens in children's speech. We examined whether the words that children heard in more variable spatial and speaker contexts were produced with greater frequency by children, The results suggest that both the number of places and the number of speakers that characterized a child's exposure to a noun were positively associated with the child's production of that noun, independent of how frequently the word was spoken.",2022,06//,Developmental Psychology,58,6,1051-1065,,10.1037/dev0001345,157458491,#1564,Goldenberg 2022,,Added32126
Listening to Family Life After Serious Pediatric Injury: A Study of Four Cases.,"Mangelsdorf, Shaminka N.; Conroy, Rowena; Mehl, Matthias R.; Norton, Peter J.; Alisic, Eva","Following a serious child injury, the entire family can be affected. Gaining an understanding of family support, interactions, and stress levels can help clinicians tailor treatment. Presently, these factors are assessed mainly via self‐reports and structured observations. We aimed to explore the value of naturalistic observation of postinjury parent–child interactions, in order to highlight how clinicians might use these data in their practice. Our qualitative study involved an in‐depth analysis of four cases from the Ear for Recovery project, against the backdrop of the larger sample's characteristics. Children who had been hospitalized with a serious injury wore the Electronically Activated Recorder (EAR). Over a two‐day period postdischarge, the EAR recorded 30‐second audio ""snippets"" every 5 minutes. Families also completed self‐report measures on family functioning, child stress and social support, parent stress, optimism, and self‐efficacy. For each case, two coders independently used an ethnographic method, integrating self‐report measures, family and injury characteristics, audio recordings, and transcripts to mimic integration of information within clinical practice. The coders then reached consensus on the main themes for each case through discussion. Families showed substantial variation in their communication in terms of content, tone, and frequency, including moments of conflict, humor, and injury‐related conversations. We explored how these recorded interactions converged with and diverged from the self‐report data. The EAR provided an opportunity for rich descriptions of individual families' communication and activities, yielding potential clinical information that may be otherwise difficult or impractical to obtain.Después de una lesión pediátrica grave, toda la familia puede quedar afectada. Llegar a comprender el apoyo, las interacciones y los niveles de estrés de la familia puede ayudar a los profesionales a personalizar el tratamiento. Actualmente, estos factores se evalúan principalmente mediante autoinformes y observaciones estructuradas. Nuestra finalidad fue analizar el valor de la observación naturalista de las interacciones entre padres e hijos después de una lesión pediátrica a fin de destacar cómo los profesionales podrían usar estos datos en su práctica. Nuestro estudio cualitativo implicó un análisis profundo de cuatro casos del proyecto Ear for Recovery en el marco de las características de la muestra más grande. Los niños que habían sido hospitalizados con una lesión grave usaron la grabadora activada electrónicamente (Electronically Activated Recorder, EAR). Durante un periodo de dos días posteriores al alta, la EAR grabó fragmentos de audio de 30 segundos cada 5 minutos. Las familias también completaron medidas de autoinforme sobre funcionamiento familiar, estrés infantil y apoyo social, estrés de los padres, optimismo y autoeficacia. Para cada caso, dos codificadores usaron independientemente un método etnográfico, integrando medidas de autoinforme, características de la familia y la lesión, grabaciones de audio y transcripciones para imitar la integración de la información dentro de la práctica clínica. Los codificadores luego se pusieron de acuerdo sobre los temas principales de cada caso mediante una charla. Las familias demostraron una variación considerable en su comunicación en cuanto al contenido, al tono y a la frecuencia, incluidos los momentos de conflicto, de humor y las conversaciones relacionadas con la lesión. Analizamos cómo estas interacciones grabadas coincidieron y se diferenciaron de los datos autoinformados. La EAR brindó la oportunidad de obtener descripciones detalladas de la comunicación y las actividades de cada familia en particular, y facilitó posible información clínica que de lo contrario puede ser difícil o impráctico obtener.儿童遭受严重伤害之后其所在家庭可能受到影响。获得对家庭支持、家庭成员互动和压力程度的了解之后,临床医师可以给予针对性的治疗。目前,这些因素主要是通过自我报告和系统观察的形式得以评估。我们试图探索伤害发生后,针对家长与孩子之间在自然状态下的互动进行观察有何价值,旨在强调这种自然观察的辅助作用,因其帮助医师在实践中使用这些观察所得的数据。本文所作的质的研究包括对4个案例的深度分析,他们选自于有较大样本的名为Ear for Recovery ""倾听康复过程""的大型研究项目。因严重伤害而入住医院的那些儿童配戴电子激活记录仪(EAR),离院后两天的时间内记录仪每五分钟记录30秒的小语音片段。参与的家庭完成各种量表的自评,涉及方面有家庭功能,儿童压力和社会支持,家长压力,乐观和自我效能感等。每个案例都配有两名数据分析人员,他们分别独立地使用民族志研究方法,结合自评量表的结果,家庭和孩童所受伤害特点,语音录音和相应的文本等等来模仿在临床实践中综合运用上述各类信息。两名研究者在对每一个案例讨论之后确定达成一致的主要主题。结果表明每个家庭的交流在内容,语调,交流频率方面都有非常大的差异,具体包括冲突的时刻,幽默,和伤痛相关的话题等。我们探究了这些记录下来的互动与自我报告的数据之间相吻合和不一致的地方。EAR记录仪提供了非常好的机会来记录单个家庭的诸多交流和活动,能借此产生大量病情相关信息,而这些信息是不使用EAR时很难或无法在现实中获取的。",2020,09//,Family Process,59,3,1191-1208,,10.1111/famp.12490,145667261,#1568,Mangelsdorf 2020,,Added32126
Predicting Expressive Language From Early Vocalizations in Young Children With Autism Spectrum Disorder: Which Vocal Measure Is Best?,"McDaniel, Jena; Yoder, Paul; Estes, Annette; Rogers, Sally J.","Purpose: This study was designed to test the incremental validity of more expensive vocal development variables relative to less expensive variables for predicting later expressive language in children with autism spectrum disorder (ASD). We devote particular attention to the added value of coding the quality of vocalizations over the quantity of vocalizations because coding quality adds expense to the coding process. We are also interested in the added value of more costly human-coded vocal variables relative to those generated through automated analyses. Method: Eighty-seven children with ASD aged 13-30 months at study initiation participated. For quantity of vocalizations, we derived one variable from human coding of brief communication samples and one from an automated process for daylong naturalistic audio samples. For quality of vocalizations, we derived four human-coded variables and one automated variable. A composite expressive language measure was derived at study entry, and 6 and 12 months later. The 12 months-centered intercept of a simple linear growth trajectory was used to quantify later expressive language. Results: When statistically controlling for human-coded or automated quantity of vocalization variables, human-coded quality of vocalization variables exhibited incremental validity for predicting later expressive language skills. Human-coded vocal variables also predicted later expressive language skills when controlling for the analogous automated vocal variables. Conclusion: In sum, these findings support devoting resources to human coding of the quality of vocalizations from communication samples to predict later expressive language skills in young children with ASD despite the greater costs of deriving these variables.",2020,05//,"Journal of Speech, Language & Hearing Research",63,5,1509-1520,,10.1044/2020_JSLHR-19-00281,143772191,#1572,McDaniel 2020,,Added32126
Everyday emotions: Naturalistic observation of specific positive emotions in daily family life.,"McNeil, Galen D.; Repetti, Rena L.","With technological advances rapidly expanding our ability to collect continuous streams of passive recordings, new techniques for processing and analyzing data of this type are needed. This article presents a feasible, reliable, and valid language-based methodology for scanning large quantities of naturalistic recordings to study specific positive emotions in families. Detailing a keyword approach to identifying and coding verbal expressions of compassion, gratitude, pride, and amusement in video transcripts, this study demonstrates one way of locating phenomena, such as emotion, that arise across many different situations in family life. Transcripts of over 350 hr of video recordings obtained from 32 families interacting in their homes and communities were coded to describe the rates per hour at which mothers, fathers, and school-age children verbally expressed 4 positive emotions. Parents expressed compassion, gratitude, and pride more often than children did, but they expressed amusement at similar rates. Gender comparisons revealed that mothers expressed compassion and gratitude more frequently than fathers, and girls expressed these emotions more often than boys. The specific emotion approach allowed us to probe the association between parental and child-expressed positivity: Mothers' expressions of compassion were the most powerful predictor, explaining over half the variance in children's expressions of positive emotion. This study describes a promising approach to analyzing large volumes of passive data; the results show how families differ with respect to the landscape of 4 specific positive emotions and suggest how and why these emotions should be differentiated in studies of daily family life. (PsycInfo Database Record (c) 2021 APA, all rights reserved).",2021,03//,Journal of Family Psychology,35,2,172-181,,10.1037/fam0000655,150022248,#1578,McNeil 2021,,Added32126
Socioeconomic Disparities in Language Input Are Associated With Children's Language-Related Brain Structure and Reading Skills.,"Merz, Emily C.; Maskus, Elaine A.; Melvin, Samantha A.; He, Xiaofu; Noble, Kimberly G.","The mechanisms underlying socioeconomic disparities in children's reading skills are not well understood. This study examined associations among socioeconomic background, home linguistic input, brain structure, and reading skills in 5-to-9-year-old children (N = 94). Naturalistic home audio recordings and high-resolution, T1-weighted MRI scans were acquired. Children who experienced more adult-child conversational turns or adult words had greater left perisylvian cortical surface area. Language input mediated the association between parental education and left perisylvian cortical surface area. Language input was indirectly associated with children's reading skills via left perisylvian surface area. Left perisylvian surface area mediated the association between parental education and children's reading skills. Language experience may thus partially explain socioeconomic disparities in language-supporting brain structure and in turn reading skills.",2020,05//May/Jun2020,Child Development,91,3,846-860,,10.1111/cdev.13239,143356806,#1579,Merz 2020,,Added32126
Caregiver Talk and Medical Risk as Predictors of Language Outcomes in Full Term and Preterm Toddlers.,"Adams, Katherine A.; Marchman, Virginia A.; Loi, Elizabeth C.; Ashland, Melanie D.; Fernald, Anne; Feldman, Heidi M.","This study examined associations between caregiver talk and language skills in full term (FT) and preterm (PT) children (n = 97). All-day recordings of caregiver-child interactions revealed striking similarities in amount of caregiver talk heard by FT and PT children. Children who heard more caregiver talk at 16 months demonstrated better knowledge- and processing-based language skills at 18 months. The unique contributions of caregiver talk were tempered by medical risk in PT children, especially for processing speed. However, there was no evidence that birth status or medical risk moderated the effects of caregiver talk. These findings highlight the role of caregiver talk in shaping language outcomes in FT and PT children and offer insights into links between neurodevelopmental risk and caregiver-child engagement.",2018,09//Sep/Oct2018,Child Development,89,5,1674-1690,,10.1111/cdev.12818,132089306,#1610,Adams 2018,,Added32126
Influences of parent and child negative emotionality on young children's everyday behaviors.,Slatcher RB; Trentacosta CJ,"Negative emotionality is linked to unfavorable life outcomes, but studies have yet to examine negative emotionality of parents and children as predictors of children's problem behaviors and negative emotion word use in everyday life. This study used a novel naturalistic recording device called the Electronically Activated Recorder to investigate the separate and interactive influences of parent and child negative emotionality on daily child behaviors in a sample of 35 preschool-aged children over two time points separated by 1 year. Fathers' negative emotionality predicted children's whining at Time 1; mothers' negative emotionality predicted children's negative emotion word use at Time 1 and increases in children's arguing/fighting from Time 1 to Time 2. Parents' ratings of child negative emotionality also were associated with increases in children's arguing/fighting from Time 1 to Time 2, and child negative emotionality moderated the association between mothers' negative emotionality and children's arguing/fighting. Further, children with mothers high in negative emotionality displayed higher levels of problem behaviors when their mothers self-reported low levels of positive emotional expressiveness and/or high levels of negative emotional expressiveness. These findings offer preliminary evidence linking parent and child negative emotionality to everyday child behaviors and suggest that emotional expressiveness may play a key role in moderating the links between maternal negative emotionality and child behavioral problems. (PsycINFO Database Record (c) 2012 APA, all rights reserved).",2012,Oct,Emotion (15283542),12,5,932-942,,10.1037/a0027148,108072050,#1631,Slatcher 2012,,Added32126
Spanish-English Emergent Bilingual Children's Classroom Language Interactions: A Latent Profile Approach,"Rojas, Natalia M","Despite the importance of classroom language interactions for children's school readiness skills and the school readiness gaps faced by Spanish-speaking emergent bilinguals (EBs), the field knows little about their classroom language interactions in early childhood education (ECE) classrooms. Expanding upon traditional approaches of observing classroom interactions, this study applies a child-centered analytic method to identify profiles of EBs classroom language interactions, characterized by their vocalizations and conversational turn-taking with teachers and peers, based on audio recordings. Data were drawn from 20 ECE classrooms and 171 EB children (ages 3 to 4) during the 2020-2021 school year. Latent profile analysis using variables from all-day recordings of EB children's language environment identified three profiles: (1) ""limited classroom language interactions"" (58%); (2) ""engaging in conversations with teachers"" (14%); and (3) ""vocalizing and engaging conversations with peers"" (28%). EB children categorized to the second profile were less likely to speak Spanish and have teachers who spoke Spanish but were more likely to hear more words than EBs in profile 1. EBs children in profile 3 were likelier to be older than EBs in profile 1. Given that most EBs were in a profile of limited language interactions, the findings suggest the importance of improving opportunities and providing more support for EBs to engage in conversational turn-taking with their teachers and peers.",2025,,Early Childhood Education Journal,53,5,1729-1739,3216684824; EJ1470661,https://doi.org/10.1007/s10643-024-01712-x,,#1644,Rojas 2025,,Added32126
Measuring Frequency of Child-Directed WH-Question Words for Alternate Preschool Locations Using Speech Recognition and Location Tracking Technologies,"Kothalkar, Prasanna V.; Datla, Sathvik; Dutta, Satwik; Hansen, John H. L.; Seven, Yagmur; Irvin, Dwight; Buzhardt, Jay","Speech and language development in children are crucial for ensuring effective skills in their long-term learning ability. A child's vocabulary size at the time of entry into kindergarten is an early indicator of their learning ability to read and potential long-term success in school. The preschool classroom is thus a promising venue for assessing growth in young children by measuring their interactions with teachers as well as classmates. However, to date limited studies have explored such naturalistic audio communications. Automatic Speech Recognition (ASR) technologies provide an opportunity for 'Early Childhood' researchers to obtain knowledge through automatic analysis of naturalistic classroom recordings in measuring such interactions. For this purpose, 208 hours of audio recordings across 48 daylong sessions are collected in a childcare learning center in the United States using Language Environment Analysis (LENA) devices worn by the preschool children. Approximately 29 hours of adult speech and 26 hours of child speech is segmented using manual transcriptions provided by CRSS transcription team. Traditional as well as End-to-End ASR models are trained on adult/child speech data subset. Factorized Time Delay Neural Network provides a best Word-Error-Rate (WER) of 35.05% on the adult subset of the test set. End-to-End transformer models achieve 63.5% WER on the child subset of the test data. Next, bar plots demonstrating the frequency of WH-question words in Science vs. Reading activity areas of the preschool are presented for sessions in the test set. It is suggested that learning spaces could be configured to encourage greater adult-child conversational engagement given such speech/audio assessment strategies. [This paper was published in: ""ICMI '21 Companion, October 18-22, 2021, Montreal, QC, Canada,"" Association for Computing Machinery, 2021.]",2021,,Grantee Submission,,,,2859106538; ED621881,https://doi.org/10.1145/3461615.3485440,,#1649,Kothalkar 2021,,Added32126
Caregiver Talk to Young Spanish-English Bilinguals: Comparing Direct Observation and Parent-Report Measures of Dual-Language Exposure,"Marchman, Virginia A.; Martínez, Lucía Z.; Hurtado, Nereyda; Grüter, Theres; Fernald, Anne","In research on language development by bilingual children, the early language environment is commonly characterized in terms of the relative amount of exposure a child gets to each language based on parent report. Little is known about how absolute measures of child-directed speech in two languages relate to language growth. In this study of 3-year-old Spanish-English bilinguals (n = 18), traditional parent-report estimates of exposure were compared to measures of the number of Spanish and English words children heard during naturalistic audio recordings. While the two estimates were moderately correlated, observed numbers of child-directed words were more consistently predictive of children's processing speed and standardized test performance, even when controlling for reported proportion of exposure. These findings highlight the importance of caregiver engagement in bilingual children's language outcomes in both of the languages they are learning.",2017,,Developmental Science,20,1,13-Jan,1969007855; EJ1124473,https://doi.org/10.1111/desc.12425,,#1654,Marchman 2017,,Added32126
Measuring early word exposure in infants: A brief parent-report survey captures individual language input and predicts vocabulary outcomes.,"Dong, Yuzhen; Moore, Charlotte; Ramadurai, Janani; Bergelson, Elika","Individual differences in early language input are rampant but hard to quantify without resource-intensive naturalistic recordings, posing a challenge for testing links between individual experience and facets of language development like vocabulary growth. We tested whether a quick parent survey on infants' exposure to common nouns could reliably predict nouns' frequency in home recordings (testing its validity) and children's own vocabulary (testing input-learning links). In Study 1 (n = 44; 95% White, 5% mixed-race), we gathered monthly home recordings and exposure surveys every 2 months from 8 to 18 months. Parent-reported exposure to each noun (16/time point, 5-point scale) was compared to the noun's relative frequency in infants' home recordings and to comprehension and production of each noun via parent vocabulary survey (Communicative Development Inventory). Reported exposure significantly predicted noun frequency in home recordings. It also predicted both reported noun comprehension and production, even after accounting for age. Results from an age- and gender-matched cross-sectional sample (Study 2, n = 264, 78% White, 11% mixed-race, 11% other) with the same vocabulary and exposure surveys were consistent, supporting generalizability. These findings suggest a brief word exposure survey can reliably estimate individualized word input and knowledge, at least for highly common nouns. This method complements naturalistic recordings and corpus-based norms by capturing individual variation and enabling more scalable research across linguistic and sociocultural contexts. (PsycInfo Database Record (c) 2026 APA, all rights reserved).",2026,/,Developmental Psychology,,"0260564, cn8",,,https://dx.doi.org/10.1037/dev0002160,41801728,#1661,Dong 2026,,Added32126
Parallel contributions of socioeconomic status and bilingual experiences on executive function and the brain in young children.,"Abdurokhmonova, Gavkhar; Taylor-Robinette, Ellie K; McDorman, S Alexa; Ramirez, Alexus G; Merchant, Junaid S; Gabrieli, John D E; Romeo, Rachel R","Executive functions (EF) are foundational for children's cognitive, socio-emotional, and academic outcomes, and socioeconomic status (SES) is consistently associated with disparities in children's EF performance and EF-related brain function. While bilingual children sometimes exhibit an ""advantage"" on certain EF tasks compared to their monolingual counterparts, it is unknown whether early bilingual experience may buffer the effects of low SES on EF in either brain or behavior. A SES-diverse sample (n = 80) of monolingual and bilingual children (4-6 years old) completed behavioral measures of EF and functional magnetic resonance imaging (fMRI) while engaging in a dichotic listening auditory selective attention task. Bilingualism was measured both by subjective parental report of children's language knowledge, as well as objective annotations of two daylong recordings of children's naturalistic language exposure. Selective auditory attention (vs. normal binaural speech) elicited activation in canonical attention/EF (posterior cingulate, precuneus, and cuneus) and language (posterior temporal gyrus and inferior frontal gyrus) regions. While there was no evidence of a protective effect of bilingualism, there were independent main effects of both SES and bilingual experience. Specifically, higher SES was associated with better EF performance and greater activation in bilateral precunei, independent of mono/bilingual status. While parent-reported bilingual knowledge was not associated with either brain or behavior independent of SES, children who had more balanced bilingual exposure at home exhibited better EF performance than those with more unbalanced or monolingual exposure in either language. Findings contribute to our understanding of the independent influences of specific experiences on children's EF development across contexts. Copyright © 2026 The Author(s). Published by Elsevier Inc. All rights reserved.",2026,/,Brain & Language,276,"7506220, b5h",105737,,https://dx.doi.org/10.1016/j.bandl.2026.105737,41793923,#1662,Abdurokhmonova 2026,,Added32126
Everyday maternal sensitivity to distress is dynamic and systematically varies across contexts.,"de Barbaro, Kaya; Madden-Rusnak, Anna","We examine caregiver sensitivity to infant distress across the day in home environments. Families with infants (N = 38, Mage = 4.5 months, SD = 2.3 months, 58% White non-Hispanic, 53% girls) shared full-day infant-worn audio recordings (M = 22.98 hr, SD = 4.06 hr). For each episode of distress, we annotated caregiver sensitivity and episode context. Infants experienced wide variability in sensitivity to distress across the day (77% of variance within-person). Media use predicted lower sensitivity between mothers (beta = -0.46), and emotionally intense interactions predicted lower sensitivity both within (beta = -0.11) and between mothers (beta = -0.23). Overall, at home, responses to infant distress were heterogeneous, and everyday contexts predicted the quality of caregiving infants received. Copyright © The Author(s) 2026. Published by Oxford University Press on behalf of the Society for Research in Child Development. All rights reserved. For commercial re-use, please contact reprints@oup.com for reprints and translation rights for reprints. All other permissions can be obtained through our RightsLink service via the Permissions link on the article page on our site-for further information please contact journals.permissions@oup.com.",2026,/,Child Development,,"0372725, d28",,,https://dx.doi.org/10.1093/chidev/aacaf037,41718708,#1663,deBarbaro 2026,,Added32126
The robustness of speech-like vocalization in typically developing infants and infants with autism.,"Oller, D Kimbrough; Bene, Edina R; Yoo, Hyunjoo; Su, Pumpki Lei; Long, Helen; Klaiman, Cheryl; Pulver, Stormi L; Pileggi, Moira L; Brane, Natalie; Ramsay, Gordon","BACKGROUND: Human infants produce speech-like vocalizations (""volubility"") at very high rates, 4-5 per minute during waking hours across the first year, far exceeding rates of our ape relatives., AIMS: We document volubility in 127 typically developing (TD) infants, 44 with autism (ASD), and 21 with non-autism developmental delay (DD) through longitudinal recordings and human coding., METHODS AND PROCEDURES: Families of 302 infants (110 not yet diagnosed or with other diagnoses) supplied 8.6 all-day recordings across the first year. Trained coders analyzed 21 randomly-selected 5-minute segments per recording, counting speech-like vocalizations, cries, and laughter., OUTCOMES AND RESULTS: Infants in all groups (including those with other diagnoses or not yet diagnosed) showed volubility of 4-5 per minute for the first year, but boys showed higher volubility than girls in the TD, ASD, and DD groups. While volubility was relatively stable across the first year for both boy and girl TD infants, volubility fell in both ASD and DD boys, while being more stable for girls., CONCLUSIONS AND IMPLICATIONS: Strong similarities in volubility were seen across all groups, but male infants diagnosed with ASD or DD showed falling volubility across the first year, a pattern not seen in TD infants. Copyright © 2025 Elsevier Ltd. All rights reserved.",2025,/,Research in Developmental Disabilities,159,"8709782, rid",104949,,https://dx.doi.org/10.1016/j.ridd.2025.104949,40088705,#1684,Oller 2025,,Added32126
Acoustic features of vocalizations in typically developing and autistic infants in the first year.,"Oller, D Kimbrough; Bene, Edina R; Yoo, Hyunjoo; Su, Pumpki Lei; Long, Helen; Klaiman, Cheryl; Pulver, Stormi L; Richardson, Shana; Pileggi, Moira L; Brane, Natalie; Ramsay, Gordon","BACKGROUND: We describe acoustic patterns across the five most prominent vocal types in typically developing infants (TD) and compare them with patterns in infants who develop autism (ASD) or a developmental disability (DD) not related to autism. Infant-directed speech (IDS) is a potentially important influence on such vocal acoustic patterns. Both acoustic patterns and effects of IDS are important for understanding the earliest origins of communication disorders., AIMS: To compare duration, pitch and loudness of infant vocalizations for three groups of infants (TD, ASD, DD) in circumstances with high or low amounts of IDS., METHODS AND PROCEDURES: Two five-minute segments from each of 1259 all-day recordings across the first year were coded and acoustically analyzed for three groups of infants (130 TD, 44 ASD, 21 DD). Duration, mean fundamental frequency, and root mean square amplitude were determined for >162,000 infant utterances., OUTCOMES AND RESULTS: Cries were longest and loudest, and vowel-like sounds were shortest of the five vocal types in all groups. TD infants showed significant alterations in vocal acoustics during periods of high IDS., CONCLUSIONS AND IMPLICATIONS: Strong similarities in acoustic patterns occurred across the three groups, but only the TD group showed significant acoustic effects of IDS. Copyright © 2024 Elsevier Ltd. All rights reserved.",2024,/,Research in Developmental Disabilities,154,"8709782, rid",104849,,https://dx.doi.org/10.1016/j.ridd.2024.104849,39413560,#1688,Oller 2024,,Added32126
Linking acoustic variability in the infants' input to their early word production.,"Bulgarelli, Federica; Bergelson, Elika","Exposure to talker variability shapes how learning unfolds in the lab, and occurs in the everyday speech infants hear in daily life. Here, we asked whether aspects of talker variability in speech input are also linked to the onset of word production. We further asked whether these effects were redundant with effects of speech register (i.e., whether speech input was adult- vs. child-directed). To do so, we first extracted a set of highly common nouns from a longitudinal corpus of home recordings from North-American English-learning infants. We then used the acoustic variability in how these tokens were said to predict when the children first produced these same nouns. We found that in addition to frequency, variability in how words sound in 6-17 month's input predicted when children first said these words. Furthermore, while the proportion of child-directed speech also predicted the month of first production, it did so alongside measurements of acoustic variability in children's real-world input. Together, these results add to a growing body of literature suggesting that variability in how words sound in the input is linked to learning both in the lab and in daily life. RESEARCH HIGHLIGHTS: Talker variability shapes learning in the lab and exists in everyday speech; we asked whether it predicts word learning in the real world. Acoustic measurements of early words in infants' input (and their frequency) predicted when infants first said those same words. Speech register also predicted when infants said words, alongside effects of talker variability. Our results provide a deeper understanding of how sources of variability inherent to children's input connect to their learning and development. Copyright © 2024 John Wiley & Sons Ltd.",2024,/,Developmental Science,27,6,e13545,,https://dx.doi.org/10.1111/desc.13545,38978148,#1689,Bulgarelli 2024,,Added32126
Sex differences in infant vocalization and the origin of language.,"Oller, D Kimbrough; Gilkerson, Jill; Richards, Jeffrey A; Hannon, Steve; Griebel, Ulrike; Bowman, Dale D; Brown, Jane A; Yoo, Hyunjoo; Warren, Steven F","Seeking to discern the earliest sex differences in language-related activities, our focus is vocal activity in the first two years of life, following up on recent research that unexpectedly showed boys produced significantly more speech-like vocalizations (protophones) than girls during the first year of life. We now bring a much larger body of data to bear on the comparison of early sex differences in vocalization, data based on automated analysis of all-day recordings of infants in their homes. The new evidence, like that of the prior study, also suggests boys produce more protophones than girls in the first year and offers additional basis for informed speculation about biological reasons for these differences. More broadly, the work offers a basis for informed speculations about foundations of language that we propose to have evolved in our distant hominin ancestors, foundations also required in early vocal development of modern human infants. Copyright © 2023 The Author(s).",2023,/,iScience,26,6,106884,,https://dx.doi.org/10.1016/j.isci.2023.106884,37378320,#1706,Oller 2023,,Added32126
Language Experience during Infancy Predicts White Matter Myelination at Age 2 Years.,"Huber, Elizabeth; Corrigan, Neva M; Yarnykh, Vasily L; Ferjan Ramirez, Naja; Kuhl, Patricia K","Parental input is considered a key predictor of language achievement during the first years of life, yet relatively few studies have assessed the effects of parental language input and parent-infant interactions on early brain development. We examined the relationship between measures of parent and child language, obtained from naturalistic home recordings at child ages 6, 10, 14, 18, and 24 months, and estimates of white matter myelination, derived from quantitative MRI at age 2 years (mean = 26.30 months, SD = 1.62, N = 22). Analysis of the white matter focused on dorsal pathways associated with expressive language development and long-term language ability, namely, the left arcuate fasciculus (AF) and superior longitudinal fasciculus (SLF). Frequency of parent-infant conversational turns (CT) uniquely predicted myelin density estimates in both the AF and SLF. Moreover, the effect of CT remained significant while controlling for total adult speech and child speech-related utterances, suggesting a specific role for interactive language experience, rather than simply speech exposure or production. An exploratory analysis of 18 additional tracts, including the right AF and SLF, indicated a high degree of anatomic specificity. Longitudinal analyses of parent and child language variables indicated an effect of CT as early as 6 months of age, as well as an ongoing effect over infancy. Together, these results link parent-infant conversational turns to white matter myelination at age 2 years, and suggest that early, interactive experiences with language uniquely contribute to the development of white matter associated with long-term language ability. SIGNIFICANCE STATEMENT Children's earliest experiences with language are thought to have profound and lasting developmental effects. Recent studies suggest that intervention can increase the quality of parental language input and improve children's learning outcomes. However, important questions remain about the optimal timing of intervention, and the relationship between specific aspects of language experience and brain development. We report that parent-infant turn-taking during home language interactions correlates with myelination of language related white matter pathways through age 2 years. Effects were independent of total speech exposure and infant vocalizations and evident starting at 6 months of age, suggesting that structured language interactions throughout infancy may uniquely support the ongoing development of brain systems critical to long-term language ability. Copyright © 2023 the authors.",2023,/,Journal of Neuroscience,43,9,1590-1599,,https://dx.doi.org/10.1523/JNEUROSCI.1043-22.2023,36746626,#1717,Huber 2023,,Added32126
Perspectives on the origin of language: Infants vocalize most during independent vocal play but produce their most speech-like vocalizations during turn taking.,"Long, Helen L; Ramsay, Gordon; Griebel, Ulrike; Bene, Edina R; Bowman, Dale D; Burkhardt-Reed, Megan M; Oller, D Kimbrough","A growing body of research emphasizes both endogenous and social motivations in human vocal development. Our own efforts seek to establish an evolutionary and developmental perspective on the existence and usage of speech-like vocalizations (""protophones"") in the first year of life. We evaluated the relative occurrence of protophones in 40 typically developing infants across the second-half year based on longitudinal all-day recordings. Infants showed strong endogenous motivation to vocalize, producing vastly more protophones during independent vocal exploration and play than during vocal turn taking. Both periods of vocal play and periods of turn-taking corresponded to elevated levels of the most advanced protophones (canonical babbling) relative to periods without vocal play or without turn-taking. Notably, periods of turn taking showed even more canonical babbling than periods of vocal play. We conclude that endogenous motivation drives infants' tendencies to explore and display a great number of speech-like vocalizations, but that social interaction drives the production of the most speech-like forms. The results inform our previously published proposal that the human infant has been naturally selected to explore protophone production and that the exploratory inclination in our hominin ancestors formed a foundation for language. Copyright: © 2022 Long et al. This is an open access article distributed under the terms of the Creative Commons Attribution License, which permits unrestricted use, distribution, and reproduction in any medium, provided the original author and source are credited.",2022,/,PLoS ONE [Electronic Resource],17,12,e0279395,,https://dx.doi.org/10.1371/journal.pone.0279395,36584126,#1721,Long 2022,,Added32126
Tracking Home Language Production and Environment in Children Who Are Deaf or Hard of Hearing.,"Sola, Ana Marija; Brodie, Kara D; Stephans, Jihyun; Scarpelli, Chiara; Chan, Dylan K","OBJECTIVE: To use an automated speech-processing technology to identify patterns in sound environments and language output for deaf or hard-of-hearing infants and toddlers., STUDY DESIGN: Observational study based on a convenience sample., SETTING: Home observation conducted by tertiary children's hospital., METHODS: The system analyzed 115 naturalistic recordings of 28 children <3.5 years old. Hearing ability was stratified into groups by access to sound. Outcomes were compared across hearing groups, and multivariable linear regression was used to test associations., RESULTS: There was a significant difference in age-adjusted child vocalizations (P = .042), conversational turns (P = .022), and language development scores (P = .05) between hearing groups but no significant difference in adult words (P = .11). Conversational turns were positively associated with each language development measure, while adult words were not. For each hour of electronic media, there were significant reductions in child vocalizations (beta = -0.47; 95% CI, -0.71 to -0.19), conversational turns (beta = -0.45; 95% CI, -0.65 to -0.22), and language development (beta = -0.37; 95% CI, -0.61 to -0.15)., CONCLUSIONS: Conversational turn scores differ among hearing groups and are positively associated with language development outcomes. Electronic media is associated with reduced discernible adult speech, child vocalizations, conversational turns, and language development scores. This effect was larger in children who are deaf or hard of hearing as compared with other reports in typically hearing populations. These findings underscore the need to optimize early language environments and limit electronic noise exposure in children who are deaf or hard of hearing.",2022,/,Otolaryngology - Head & Neck Surgery,166,1,171-178,,https://dx.doi.org/10.1177/01945998211013785,34032520,#1728,Sola 2022,,Added32126
Quantifying Talker Variability in North-American Infants' Daily Input.,"Bulgarelli, Federica; Mielke, Jeff; Bergelson, Elika","Words sound slightly different each time they are said, both by the same talker and across talkers. Rather than hurting learning, lab studies suggest that talker variability helps infants learn similar sounding words. However, very little is known about how much variability infants hear within a single talker or across talkers in naturalistic input. Here, we quantified these types of talker variability for highly frequent words spoken to 44 infants, from naturalistic recordings sampled longitudinally over a year of life (from 6 to 17 months). We used non-contrastive acoustic measurements (e.g., mean pitch, duration, harmonics-to-noise ratio) and holistic measures of sound similarity (normalized acoustic distance) to quantify acoustic variability. We find three key results. First, pitch-based variability was generally lower for infants' top talkers than across their other talkers, but overall acoustic distance is higher for tokens from the top talker versus the others. Second, the amount of acoustic variability infants heard could not be predicted from, and thus was not redundant with, other properties of the input such as the number of talkers or tokens, or proportion of speech from particular sources (e.g., women, children, electronics). Finally, we find that patterns of pitch-based acoustic variability heard in naturalistic input were similar to those found with in-lab stimuli that facilitated word learning. This large-scale quantification of talker variability in infants' everyday input sets the stage for linking naturally occurring variability ""in the wild"" to early word learning. Copyright © 2021 Cognitive Science Society LLC.",2021,/,Cognitive Science,46,1,e13075,,https://dx.doi.org/10.1111/cogs.13075,34971003,#1729,Bulgarelli 2021,,Added32126
Auditory feedback experience in the development of phonetic production: Evidence from preschoolers with cochlear implants and their normal-hearing peers.,"Cychosz, Margaret; Munson, Benjamin; Newman, Rochelle S; Edwards, Jan R","Previous work has found that preschoolers with greater phonological awareness and larger lexicons, who speak more throughout the day, exhibit less intra-syllabic coarticulation in controlled speech production tasks. These findings suggest that both linguistic experience and speech-motor control are important predictors of spoken phonetic development. Still, it remains unclear how preschoolers' speech practice when they talk drives the development of coarticulation because children who talk more are likely to have both increased fine motor control and increased auditory feedback experience. Here, the potential effect of auditory feedback is studied by examining a population-children with cochlear implants (CIs)-which is naturally differing in auditory experience. The results show that (1) developmentally appropriate coarticulation improves with an increased hearing age but not chronological age; (2) children with CIs pattern coarticulatorily closer to their younger, hearing age-matched peers than chronological age-matched peers; and (3) the effects of speech practice on coarticulation, measured using naturalistic, at-home recordings of the children's speech production, only appear in the children with CIs after several years of hearing experience. Together, these results indicate a strong role of auditory feedback experience on coarticulation and suggest that parent-child communicative exchanges could stimulate children's own vocal output, which drives speech development.",2021,/,Journal of the Acoustical Society of America,150,3,2256,,https://dx.doi.org/10.1121/10.0005884,34598599,#1731,Cychosz 2021,,Added32126
"Protophones, the precursors to speech, dominate the human infant vocal landscape.","Oller, D Kimbrough; Ramsay, Gordon; Bene, Edina; Long, Helen L; Griebel, Ulrike","Human infant vocalization is viewed as a critical foundation for vocal learning and language. All apes share distress sounds (shrieks and cries) and laughter. Another vocal type, speech-like sounds, common in human infants, is rare but not absent in other apes. These three vocal types form a basis for especially informative cross-species comparisons. To make such comparisons possible we need empirical research documenting the frequency of occurrence of all three. The present work provides a comprehensive portrayal of these three vocal types in the human infant from longitudinal research in various circumstances of recording. Recently, the predominant vocalizations of the human infant have been shown to be speech-like sounds, or 'protophones', including both canonical and non-canonical babbling. The research shows that protophones outnumber cries by a factor of at least five based on data from random-sampling of all-day recordings across the first year. The present work expands on the prior reports, showing the protophones vastly outnumber both cry and laughter in both all-day and laboratory recordings in various circumstances. The data provide new evidence of the predominance of protophones in the infant vocal landscape and illuminate their role in human vocal learning and the origin of language. This article is part of the theme issue 'Vocal learning in animals and humans'.",2021,/,Philosophical Transactions of the Royal Society of London - Series B: Biological Sciences,376,1836,20200255,,https://dx.doi.org/10.1098/rstb.2020.0255,34482735,#1732,Oller 2021,,Added32126
In a mother's voice: Observing social-emotional aspects of postpartum daily life.,"Metcalf, Christina A; Dimidjian, Sona","Everyday life contexts and interactions are influential for the well-being of both postpartum women and their infants. We collected naturalistic observational recordings of the daily environments and social interactions of primiparous postpartum women (N = 50) using the electronically activated recorder (EAR). We addressed two aims. First, we examined the feasibility, acceptability, and compliance of collecting naturalistic ambient sounds with postpartum women. We found the EAR to be acceptable, feasible, and associated with good compliance. Second, we evaluated the frequency and interrater reliability of social-emotional characteristics using a novel coding system developed for this population. In general, the frequency of social and emotion behavior variables was adequate and interrater reliability among trained research assistants was moderate to excellent. This study was the first to use the EAR with postpartum women and suggests that the EAR shows promise as a method to enrich our understanding of social-emotional daily life during the postpartum period. (PsycInfo Database Record (c) 2020 APA, all rights reserved).",2020,/,Journal of Family Psychology,34,3,269-278,,https://dx.doi.org/10.1037/fam0000587,31524423,#1740,Metcalf 2020,,Added32126
From babble to words: Infants' early productions match words and objects in their environment.,"Laing, Catherine; Bergelson, Elika","Infants' early babbling allows them to engage in proto-conversations with caretakers, well before clearly articulated, meaningful words are part of their productive lexicon. Moreover, the well-rehearsed sounds from babble serve as a perceptual 'filter', drawing infants' attention towards words that match the sounds they can reliably produce. Using naturalistic home recordings of 44 10-11-month-olds (an age with high variability in early speech sound production), this study tests whether infants' early consonant productions match words and objects in their environment. We find that infants' babble matches the consonants produced in their caregivers' speech. Infants with a well-established consonant repertoire also match their babble to objects in their environment. Our findings show that infants' early consonant productions are shaped by their input: by 10 months, the sounds of babble match what infants see and hear. Copyright © 2020 Elsevier Inc. All rights reserved.",2020,/,Cognitive Psychology,122,"0241111, dm7",101308,,https://dx.doi.org/10.1016/j.cogpsych.2020.101308,32504852,#1742,Laing 2020,,Added32126
Infant boys are more vocal than infant girls.,"Oller, D Kimbrough; Griebel, Ulrike; Bowman, Dale D; Bene, Edina; Long, Helen L; Yoo, Hyunjoo; Ramsay, Gordon","Although it is generally assumed females have a language advantage over males, Oller et al., studying all-day recordings of 100 infants, found that boys in the first year of life produced more speech-like vocalizations than girls and that the effect size was more than four times larger than the commonly reported female language advantage. Copyright © 2020 Elsevier Inc. All rights reserved.",2020,/,Current Biology,30,10,R426-R427,,https://dx.doi.org/10.1016/j.cub.2020.03.049,32428468,#1743,Oller 2020,,Added32126
Preterm and full term infant vocalization and the origin of language.,"Oller, D Kimbrough; Caskey, Melinda; Yoo, Hyunjoo; Bene, Edina R; Jhang, Yuna; Lee, Chia-Cheng; Bowman, Dale D; Long, Helen L; Buder, Eugene H; Vohr, Betty","How did vocal language originate? Before trying to determine how referential vocabulary or syntax may have arisen, it is critical to explain how ancient hominins began to produce vocalization flexibly, without binding to emotions or functions. A crucial factor in the vocal communicative split of hominins from the ape background may thus have been copious, functionally flexible vocalization, starting in infancy and continuing throughout life, long before there were more advanced linguistic features such as referential vocabulary. 2-3 month-old modern human infants produce ""protophones"", including at least three types of functionally flexible non-cry precursors to speech rarely reported in other ape infants. But how early in life do protophones actually appear? We report that the most common protophone types emerge abundantly as early as vocalization can be observed in infancy, in preterm infants still in neonatal intensive care. Contrary to the expectation that cries are the predominant vocalizations of infancy, our all-day recordings showed that protophones occurred far more frequently than cries in both preterm and full-term infants. Protophones were not limited to interactive circumstances, but also occurred at high rates when infants were alone, indicating an endogenous inclination to vocalize exploratorily, perhaps the most fundamental capacity underlying vocal language.",2019,/,Scientific Reports,9,1,14734,,https://dx.doi.org/10.1038/s41598-019-51352-0,31611607,#1746,Oller 2019,,Added32126
Behavior and the development of attachment: Innovating assessment and theory building,"Schuengel, Carlo; Fearon, Pasco; Wass, Sam; Mahmoud, Marwa; Minnis, Helen; Van Heerden, Alastair; Bakkum, Lianne; Persico, Francesco; Provida, Kalliopi; Oosterman, Mirjam; Scheper, Frederike","Important breakthroughs in understanding the role of attachment for social functioning and wellbeing have always gone hand in hand with the construction of new measurement paradigms. In her 1986 book on five methods of assessment, Mary Main concluded that experiences and representations of attachment shape general, stable, and coherent categories of mental organization. The rules for classifying these categories were derived from data drawn from new, experimentally controlled measures. Taking inspiration from Main’s approach, the current paper argues that a data-driven approach that leverages advances in naturalistic recording and computation may go further and also deliver a detailed understanding of how and when patterns of attachment behavior are formed during the first year of life. This paper describes how tools for long-term, fine-grained, multimodal recording can be embedded in daily family life and combined with high-throughput processing and supervised machine learning. Predictive models of dynamic interactions between features of infants’ and caregivers’ behaviors can be explored and interpreted to arrive at testable theory. By casting theory in the form of agent-based models, we can iteratively rebuild Bowlby’s original conceptualization of behavioral control systems for attachment and caregiving, which provided the starting point of Main’s empirical forays. We describe the theoretical gaps in current attachment research as well as the opportunities for multidisciplinary research that could be addressed by an approach that builds on Main’s abductive logic. (PsycInfo Database Record (c) 2026 APA, all rights reserved)(Source: journal abstract)",2026,,Psychoanalytic Inquiry,,,,3292728386; 2027-14002-001,https://doi.org/10.1080/07351690.2025.2609520,,#1763,Schuengel 2026,,Added32126
The everyday speech environments of preschoolers with and without cochlear implants,"CYCHOSZ, Margaret; EDWARDS, Jan R.; MUNSON, Benjamin; ROMEO, Rachel; KOSIE, Jessica; NEWMAN, Rochelle S.","Children who receive cochlear implants develop spoken language on a protracted timescale. The home environment facilitates speech-language development, yet it is relatively unknown how the environment differs between children with cochlear implants and typical hearing. We matched eighteen preschoolers with implants (31-65 months) to two groups of children with typical hearing: by chronological age and hearing age. Each child completed a long-form, naturalistic audio recording of their home environment (appx. 16 hours/child; >730 hours of observation) to measure adult speech input, child vocal productivity, and caregiver-child interaction. Results showed that children with cochlear implants and typical hearing were exposed to and engaged in similar amounts of spoken language with caregivers. However, the home environment did not reflect developmental stages as closely for children with implants, or predict their speech outcomes as strongly. Home-based speech-language interventions should focus on the unique input-outcome relationships for this group of children with hearing loss. (PsycInfo Database Record (c) 2024 APA, all rights reserved)(Source: journal abstract)",2024,,Journal of Child Language,,,,2931761082; 2024-56591-001,https://doi.org/10.1017/S0305000924000023,,#1782,CYCHOSZ 2024,,Added32126
Influences of number of adults and adult: Child ratios on the quantity of adult language input across childcare settings,"Soderstrom, Melanie; Grauer, Elizabeth; Dufault, Brenden; McDivitt, Karmen","New approaches to examining the language environment are putting greater emphasis on the use of highly naturalistic audio recordings and questions about cross-cultural differences in children’s real-world language experiences. These new approaches and questions require careful examination of different kinds of variables that may influence children’s language experiences. The current study examines the influence of the number of adults and adult:child ratio on the number of words heard by young children across three childcare settings (home, home daycare and daycare centre). The home setting was characterized by a high number of one-on-one interactions, while children in daycare centres were exposed to larger numbers of adults present. While a linear relationship was found between the number/ratio of adults and words heard in the home setting, these relationships were more complex in daycare centres, and no relationships were found in home daycares. (PsycINFO Database Record (c) 2018 APA, all rights reserved)(Source: journal abstract)",2018,,First Language,38,6,563-581,2153382346; 2018-60290-001,https://doi.org/10.1177/0142723718785013,,#1816,Soderstrom 2018,,Added32126
Talking to children matters: Early language experience strengthens processing and builds vocabulary,"Weisleder, Adriana; Fernald, Anne","Infants differ substantially in their rates of language growth, and slow growth predicts later academic difficulties. In this study, we explored how the amount of speech directed to infants in Spanish-speaking families low in socioeconomic status influenced the development of children’s skill in real-time language processing and vocabulary learning. All-day recordings of parent-infant interactions at home revealed striking variability among families in how much speech caregivers addressed to their child. Infants who experienced more child-directed speech became more efficient in processing familiar words in real time and had larger expressive vocabularies by the age of 24 months, although speech simply overheard by the child was unrelated to vocabulary outcomes. Mediation analyses showed that the effect of child-directed speech on expressive vocabulary was explained by infants’ language-processing efficiency, which suggests that richer language experience strengthens processing skills that facilitate language growth. (PsycINFO Database Record (c) 2016 APA, all rights reserved)(Source: journal abstract)",2013,,Psychological Science,24,11,2143-2152,1463035217; 2013-39796-002,https://doi.org/10.1177/0956797613488145,,#1841,Weisleder 2013,,Added32126
Parent coaching increases conversational turns and advances infant language development,"Ferjan Ramírez, Naja; Lytle, Sarah Roseberry; Kuhl, Patricia K.","Parental language input is one of the best predictors of children’s language achievement. Parentese, a near-universal speaking style distinguished by higher pitch, slower tempo, and exaggerated intonation, has been documented in speech directed toward young children in many countries. Previous research shows that the use of parentese and parent–child turn-taking are both associated with advances in children’s language learning. We conducted a randomized controlled trial to determine whether a parent coaching intervention delivered when the infants are 6, 10, and 14 mo of age can enhance parental language input and whether this, in turn, changes the trajectory of child language development between 6 and 18 mo of age. Families of typically developing 6-mo-old infants (n = 71) were randomly assigned to intervention and control groups. Naturalistic first-person audio recordings of the infants’ home language environment and vocalizations were recorded when the infants were 6, 10, 14, and 18 mo of age. After the 6-, 10-, and 14-mo recordings, intervention, but not control parents attended individual coaching appointments to receive linguistic feedback, listen to language input in their own recordings, and discuss age-appropriate activities that promote language growth. Intervention significantly enhanced parental use of parentese and parent–child turn-taking between 6 and 18 mo. Increases in both variables were significantly correlated with children’s language growth during the same period, and children’s language outcomes at 18 mo. Using parentese, a socially and linguistically enhanced speaking style, improves children’s social language turn-taking and language skills. Research-based interventions targeting social aspects of parent–child interactions can enhance language outcomes. (PsycInfo Database Record (c) 2020 APA, all rights reserved)(Source: journal abstract)",2020,,PNAS Proceedings of the National Academy of Sciences of the United States of America,117,7,3484-3491,2402544598; 2020-13117-002,https://doi.org/10.1073/pnas.1921653117,,#1926,FerjanRamírez 2020,,Added32126
Naturalistic observation of families: A system for random audio recordings in the home,"Christensen, Andrew","Describes an audio recording system that monitors locations rather than target family members. Two microphones are placed in 2 high interaction areas of the home, typically the eating area and the recreational area. By using timers wired to a tape recorder, the interaction in these locations is then randomly sampled during time blocks when the family is likely to be present. (5 ref) (PsycInfo Database Record (c) 2022 APA, all rights reserved)",1979,,Behavior Therapy,10,3,418-422,616343415; 1979-30040-001,https://doi.org/10.1016/S0005-7894(79)80030-1,,#2000,Christensen 1979,,Added32126
Home language environment in relation to language outcome in Brazilian toddlers who are hard of hearing and controls with typical hearing-a pilot study including reliability analyses of the LENA recording system,"Ferreira, Miriam da Silva; Levy, Cilmara Cristina Alves da Costa; Loefkvist, Ulrika","Purpose: The purpose of this pilot study was to explore the home language environment and language outcome of Brazilian toddlers who were hard of hearing, (HH) and controls with typical hearing (TH), and investigate the reliability of using the LENA recording system within a Brazilian Portuguese context. Metkods: Fourteen families participated in the study (seven children who were HH and seven controls with TH. Each family contributed with one all-day recording. A smaller portion of the recordings of the typically hearing toddlers were manually transcribed by two transcribers. An interrater agreement was conducted, and then the human transcript results were compared against the LENA-generated data for three measures: Adult Words (AW), Child Vocalizations (CV) and Conversational Turns (CT). Results: Data analyses revealed a moderate to strong interrater agreement for CV and AW. Weak to moderate agreement was found between the LENA estimates and the means of the human counts for CV and AW. Seemingly, LENA overestimated human counts for AW and underestimated numbers of CV. Comparative analysis suggested similarities in the language and listening environment of the two groups (TH vs. HoH). Children's language development was supported by higher numbers of parent-child interactions (CT). Conclusion: The findings imply that LENA may contribute as an ecologically valid tool in preventive family-centered intervention programs for Brazilian toddlers who are hard of hearing and their families, although further validation studies are needed.",2023,,CODAS,35,1,,WOS:000964952400001,10.1590/2317-1782/20212021250,,#2023,Ferreira 2023,,Added32126
HEARTTOHEART: THE ARTS OF INFANT VERSUS ADULT-DIRECTED SPEECH CLASSIFICATION,"IEEE; Al Futaisi, Najla D.; Cristia, Alejandrina; Schuller, Bjoern W.","Psycholinguistics researchers investigate child language exposure by studying children's language environment. A main factor is whether, in humanistic heart-to-heart dialogue, the speech is directed to the infant (infant-directed speech) versus to another adult (adult-directed speech). The former has been found to better predict children's lexicon, and therefore constitutes a more relevant part of children's language environment. Listening to, segmenting and annotating naturalistic long-form recordings collected through infant-worn devices is highly costly and time-consuming, and could be prone to errors in misclassification. We aim to overcome these challenges by automatically classifying speech as infant-directed versus adult-directed. In this research, we exploit multiple datasets, combined to form a larger corpus for training. In addition, we employ four different methods: Multi-task learning, adversarial training, autoencoder multitask learning and adversarial multi-task learning, the last of which yielded the best results on all datasets.",2023,,"2023 IEEE INTERNATIONAL CONFERENCE ON ACOUSTICS, SPEECH AND SIGNAL PROCESSING (ICASSP)",,,,WOS:001630046900131,,,#2094,IEEE 2023,,Added32126
Vocal Interaction Dynamics of Children With and Without Autism,"Warlaumont, Anne S.; Oller, D. Kimbrough; Dale, Rick; Richards, Jeffrey A.; Gilkerson, Jill; Xu, Dongxin","This study examines the temporal and directional characteristics of child-adult vocal exchanges in day-long naturalistic recordings of autism and typical control groups. In both populations, adults responded frequently (on average about 40% of responses) within Is or less, a time thought to be conducive for contingency learning by the child. However, the time to adult response tended to be longer for the autism population. In the autism group, children also tended to follow more and lead less relative to the control group, as measured by differences in diagonal recurrence profiles computed based on cross recurrence plots. The results inform on the dynamics of naturalistic communicative interaction in normal development and therefore on the social context in which language develops. They also illustrate how large datasets and modem interaction analyses can expand our understanding of differences in children with autism, a population with both social and language deficits.",2010,,COGNITION IN FLUX,,,121-126,WOS:000392421700019,,,#2218,Warlaumont 2010,,Added32126
New Horizons in the Study of Child Language Acquisition,"ISCA-INST SPEECH COMMUN ASSOC; Roy, Deb","Naturalistic longitudinal recordings of child development promise to reveal fresh perspectives on fundamental questions of language acquisition. In a pilot effort, we have recorded 230,000 hours of audio-video recordings spanning the first three years of one child's life at home. To study a corpus of this scale and richness, current methods of developmental cognitive science are inadequate. We are developing new methods for data analysis and interpretation that combine pattern recognition algorithms with interactive user interfaces and data visualization. Preliminary speech analysis reveals surprising levels of linguistic fine-tuning by caregivers that may provide crucial support for word learning. Ongoing analyses of the corpus aim to model detailed aspects of the child's language development as a function of learning mechanisms combined with lifetime experience. Plans to collect similar corpora from more children based on a transportable recording system are underway.",2009,,"INTERSPEECH 2009: 10TH ANNUAL CONFERENCE OF THE INTERNATIONAL SPEECH COMMUNICATION ASSOCIATION 2009, VOLS 1-5",,,13-20,WOS:000276842800003,,,#2220,ISCA-INSTSPEECHCOMMUNASSOC 2009,,Added32126
Assessment of a Parent-Child Interaction Intervention for Language Development in Children,"Christakis, Dimitri A.; Lowry, Sarah J.; Goldberg, Georgia; Violette, Heather; Garrison, Michelle M.","IMPORTANCE Parent-child interactions are critical for language development in early life.OBJECTIVE To test whether a clinic-based intervention was associated with improved home language environment and language development.DESIGN, SETTING, AND PARTICIPANTS A pre-post study of a multifaceted clinic-based intervention called Talk It Up was conducted for 61 English-or Spanish-speaking families with children aged 2 to 12 months. Enrollment took place at a single urban pediatric clinic from January to November 2017, with follow-up data collection through May 2018. Analyses took place from June to August 2018.INTERVENTIONS The 6-month multifaceted intervention consisted of delivering Language Environment Analysis word counts with clinician feedback, coaching, and twice-weekly pushes of brief instructional videos via a commercially available smartphone application.MAIN OUTCOMES AND MEASURES Baseline and follow-up z scores for adult word counts, parent-child conversational turns, and child vocalizations and language development as measured by the Developmental Snapshot score were compared and adjusted for confounders.RESULTS Among 61 families, the mean (SD) child's age at baseline was 5.9 (3.3) months. English was the primary language spoken in the home for 54 families (89%). At follow-up, Talk It Up was associated with significant improvements in adult word counts (mean z score, 0.30; 95% CI, 0.05-0.55), parent-child conversational turns (mean z score, 0.29; 95% CI, 0.002-0.59), and Developmental Snapshot score (mean, 6.59; 95% CI, 0.95-12.23), but there were no improvements in child vocalizations (mean z score, -0.13; 95% CI, -0.49 to 0.24).CONCLUSIONS AND RELEVANCE A multifaceted clinic-based approach to promote parent-child interactions holds some promise. Future, larger studies are warranted.",2019,,JAMA NETWORK OPEN,2,6,,WOS:000476810700030,10.1001/jamanetworkopen.2019.5738,,#2231,Christakis 2019,,Added32126
Environmental Considerations: Home and School Comparison of Spanish-English Speakers' Vocalizations,"Jackson, Carla W.; Callender, Maya F.","This study examined differences in the quantity of child vocalizations (CVs) between preschool and home environments using the Language Environmental Analysis (LENA). The sample included monolingual English-speaking children (n = 27) and Spanish-English speaking dual language learners (n = 30). A two-way mixed effects analysis of variance with one between-subjects effect (language) and one within-subjects effect (setting) was conducted to examine whether there was a significant difference in CVs between home and school settings, and whether that contrast differentially affected monolingual and English language learner (ELL) preschool participants. Overall, there was a significant difference in average hourly CVs between home and preschool environments with a higher rate of CV at home than at school for both monolinguals and ELLs. Results support the need to carefully consider the environment in communication sampling, recognizing that child vocalization counts (CVCs) may vary by environment.",2014,,TOPICS IN EARLY CHILDHOOD SPECIAL EDUCATION,34,3,165-174,WOS:000342831100005,10.1177/0271121414536623,,#2232,Jackson 2014,,Added32126
Multiple Coordination Patterns in Infant and Adult Vocalizations.,"Abney, Drew H; Warlaumont, Anne S; Oller, D Kimbrough; Wallot, Sebastian; Kello, Christopher T","The study of vocal coordination between infants and adults has led to important insights into the development of social, cognitive, emotional and linguistic abilities. We used an automatic system to identify vocalizations produced by infants and adults over the course of the day for fifteen infants studied longitudinally during the first two years of life. We measured three different types of vocal coordination: coincidence-based, rate-based, and cluster-based. Coincidence-based and rate-based coordination are established measures in the developmental literature. Cluster-based coordination is new and measures the strength of matching in the degree to which vocalization events occur in hierarchically nested clusters. We investigated whether various coordination patterns differ as a function of vocalization type, whether different coordination patterns provide unique information about the dynamics of vocal interaction, and how the various coordination patterns each relate to infant age. All vocal coordination patterns displayed greater coordination for infant speech-related vocalizations, adults adapted the hierarchical clustering of their vocalizations to match that of infants, and each of the three coordination patterns had unique associations with infant age. Altogether, our results indicate that vocal coordination between infants and adults is multifaceted, suggesting a complex relationship between vocal coordination and the development of vocal communication.",2017,/,Infancy,22,4,514-539,,https://dx.doi.org/10.1111/infa.12165,29375276,#2233,Abney 2017,,
Using nonlinear methods to quantify changes in infant limb movements and vocalizations.,"Abney, Drew H; Warlaumont, Anne S; Haussman, Anna; Ross, Jessica M; Wallot, Sebastian","The pairing of dynamical systems theory and complexity science brings novel concepts and methods to the study of infant motor development. Accordingly, this longitudinal case study presents a new approach to characterizing the dynamics of infant limb and vocalization behaviors. A single infant's vocalizations and limb movements were recorded from 51-days to 305-days of age. On each recording day, accelerometers were placed on all four of the infant's limbs and an audio recorder was worn on the child's chest. Using nonlinear time series analysis methods, such as recurrence quantification analysis and Allan factor, we quantified changes in the stability and multiscale properties of the infant's behaviors across age as well as how these dynamics relate across modalities and effectors. We observed that particular changes in these dynamics preceded or coincided with the onset of various developmental milestones. For example, the largest changes in vocalization dynamics preceded the onset of canonical babbling. The results show that nonlinear analyses can help to understand the functional co-development of different aspects of infant behavior.",2014,/,Frontiers in Psychology,5,101550902,771,,https://dx.doi.org/10.3389/fpsyg.2014.00771,25161629,#2234,Abney 2014,,
Language outcomes and service provision of preschool children with congenital hearing loss.,"Vohr, Betty; Topol, Deborah; Girard, Nicole; St Pierre, Lucille; Watson, Victoria; Tucker, Richard","BACKGROUND: Children with congenital hearing loss (HL) are at increased risk of speech and language delays and require increased resource needs., METHODS: Assessments of language, adaptive behavior, and resource needs at mean age of 60+/-5 months. Effects of age of enrollment in Early Intervention (EI) and degree of HL were evaluated., RESULTS: Children with HL had lower Reynell verbal comprehension scores (77.6+/-18 versus 94.8+/-15; p=0.0001) and expressive language scores (85.9+/-19 versus 97.4+/-15; p=0.0051) than hearing children. Children with HL enrolled in EI <=3 months versus >3 months had higher verbal comprehension (86.6+/-21 versus 70.3+/-12; p=0.0143) and expressive language scores (92.1+/-12 versus 80.5+/-21; p=0.0601), respectively. Children with bilateral moderate to profound HL and children with unilateral or bilateral mild HL were more likely to have low verbal comprehension scores versus children with hearing (75.8+/-17 and 81.0+/-22 versus 94.8+/-15; p=0.001), and receive more special educational services (100% and 100% versus 42%) respectively. After adjusting for degree of HL and Vineland adaptive scores <70, entry to EI <=3 months was associated with a 13.8 point higher verbal comprehension score (p=0.047) for children with HL. The model accounted for 26% of variance., CONCLUSIONS: Persistent beneficial effects of early age of entry to EI on verbal comprehension scores are observed for children with congenital HL at preschool age. Children with HL continue to need comprehensive education services. Copyright © 2012 Elsevier Ltd. All rights reserved.",2012,/,Early Human Development,88,7,493-8,,https://dx.doi.org/10.1016/j.earlhumdev.2011.12.007,22264438,#2235,Vohr 2012,,
Importance of parent talk on the development of preterm infant vocalizations.,"Caskey, Melinda; Stephens, Bonnie; Tucker, Richard; Vohr, Betty","OBJECTIVE: To determine the sound environment of preterm infants cared for in the NICU and to test the hypothesis that infants exposed to more adult language will make more vocalizations., METHODS: This was a prospective cohort study of 36 infants who had a birth weight of <=1250 g. Sixteen-hour recordings of the infant sound environment were made in the NICU from a digital language processor at 32 and 36 weeks' postmenstrual age. Adult word counts, infant vocalizations, and conversational turns were analyzed., RESULTS: Infant vocalizations are present as early as 32 weeks. Both adult word counts per hour and infant vocalizations per hour increase significantly between 32 and 36 weeks. Infant exposure to language as a percentage of time was small but increased significantly. When a parent was present, infants had significantly more conversational turns per hour than when a parent was not present at both 32 and 36 weeks (P < .0001)., CONCLUSIONS: Preterm infants begin to make vocalizations at least 8 weeks before their projected due date and significantly increase their number of vocalizations over time. Although infant exposure to language increased over time, adult language accounted for only a small percentage of the sounds to which an infant is exposed in the NICU. Exposure to parental talk was a significantly stronger predictor of infant vocalizations at 32 weeks and conversational turns at 32 and 36 weeks than language from other adults. These findings highlight the powerful impact that parent talk has on the appearance and increment of vocalizations in preterm infants in the NICU.",2011,/,Pediatrics,128,5,910-6,,https://dx.doi.org/10.1542/peds.2011-0609,22007020,#2236,Caskey 2011,,